event_id,sprint,sprint_rank,title,area,subarea,target_claims,task_focuses,icml_url,openreview_url,alphaxiv_url,arxiv_id,arxiv_abs_url,arxiv_pdf_url,github_url,source_status,source_gap,brief_path,paper_note_file,local_context,required_extraction_fields,pdf_review_checklist,artifact_check_needed
62989,sprint_01,1,How much can language models memorize?,"LLM Reasoning, Post-Training, and RLVR",Diffusion language models and decoding,C01; C08,boundary_check_llm_reasoning; workflow_validation,https://icml.cc/virtual/2026/poster/62989,https://openreview.net/forum?id=bA6BgSbaUi,https://www.alphaxiv.org/abs/2505.24832,2505.24832,https://arxiv.org/abs/2505.24832,https://arxiv.org/pdf/2505.24832,https://github.com/SimonCao1207/LLM-Capacity,paper_pdf_artifact,none,reports/review_reading_briefs/62989-how-much-can-language-models-memorize.md,data/manual/icml2026_review_sprint_01_paper_notes.csv,reports/review_reading_briefs/62989-how-much-can-language-models-memorize.md ; reports/claim_validation_packets/c01-llm-reasoning-center-of-gravity.md; reports/claim_validation_packets/c08-validation-priority.md ; reports/claim_evidence_dossiers/c01-llm-reasoning-center-of-gravity.md; reports/claim_evidence_dossiers/c08-validation-priority.md ; reports/area_briefing_cards/llm-reasoning-post-training-and-rlvr.md,contribution_summary ; novelty_judgment ; method_summary ; evidence_strength ; baselines_checked ; limitations ; claim_implications ; taxonomy_correction ; final_report_use ; artifact_status_checked ; reproducibility_notes,claim contribution; novelty delta; method mechanism; baselines; datasets; metrics; ablations or negative cases; limitations; taxonomy fit; claim implication; artifact status,yes
66206,sprint_01,2,To Grok Grokking: Provable Grokking in Ridge Regression,"Theory, Optimization, and Algorithms",Statistical learning theory and regression,C03; C08,program_attention_explanation; workflow_validation,https://icml.cc/virtual/2026/poster/66206,https://openreview.net/forum?id=5nNNVY8NW4,https://www.alphaxiv.org/abs/2601.19791,2601.19791,https://arxiv.org/abs/2601.19791,https://arxiv.org/pdf/2601.19791,,paper_pdf,none,reports/review_reading_briefs/66206-to-grok-grokking-provable-grokking-in-ridge-regression.md,data/manual/icml2026_review_sprint_01_paper_notes.csv,reports/review_reading_briefs/66206-to-grok-grokking-provable-grokking-in-ridge-regression.md ; reports/claim_validation_packets/c03-program-committee-attention.md; reports/claim_validation_packets/c08-validation-priority.md ; reports/claim_evidence_dossiers/c03-program-committee-attention.md; reports/claim_evidence_dossiers/c08-validation-priority.md ; reports/area_briefing_cards/theory-optimization-and-algorithms.md,contribution_summary ; novelty_judgment ; method_summary ; evidence_strength ; baselines_checked ; limitations ; claim_implications ; taxonomy_correction ; final_report_use,claim contribution; novelty delta; method mechanism; baselines; datasets; metrics; ablations or negative cases; limitations; taxonomy fit; claim implication; artifact status,no
61998,sprint_01,3,The Flexibility Trap: Rethinking the Value of Arbitrary Order in Diffusion Language Models,"LLM Reasoning, Post-Training, and RLVR",Reasoning models and chain-of-thought behavior,C01; C08,boundary_check_llm_reasoning; workflow_validation,https://icml.cc/virtual/2026/poster/61998,https://openreview.net/forum?id=kpgURPRMGf,https://www.alphaxiv.org/abs/2601.15165,2601.15165,https://arxiv.org/abs/2601.15165,https://arxiv.org/pdf/2601.15165,https://github.com/LeapLabTHU/JustGRPO,paper_pdf_artifact,none,reports/review_reading_briefs/61998-the-flexibility-trap-rethinking-the-value-of-arbitrary-order-in-diffus.md,data/manual/icml2026_review_sprint_01_paper_notes.csv,reports/review_reading_briefs/61998-the-flexibility-trap-rethinking-the-value-of-arbitrary-order-in-diffus.md ; reports/claim_validation_packets/c01-llm-reasoning-center-of-gravity.md; reports/claim_validation_packets/c08-validation-priority.md ; reports/claim_evidence_dossiers/c01-llm-reasoning-center-of-gravity.md; reports/claim_evidence_dossiers/c08-validation-priority.md ; reports/area_briefing_cards/llm-reasoning-post-training-and-rlvr.md,contribution_summary ; novelty_judgment ; method_summary ; evidence_strength ; baselines_checked ; limitations ; claim_implications ; taxonomy_correction ; final_report_use ; artifact_status_checked ; reproducibility_notes,claim contribution; novelty delta; method mechanism; baselines; datasets; metrics; ablations or negative cases; limitations; taxonomy fit; claim implication; artifact status,yes
65901,sprint_01,4,Neural Thickets: Diverse Task Experts Are Dense Around Pretrained Weights,Systems and Efficient Foundation Models,"Large-scale training, optimizers, and model architecture",C02; C06,infrastructure_coherence; trend_context_guardrail,https://icml.cc/virtual/2026/poster/65901,https://openreview.net/forum?id=92oF5bU4cU,https://www.alphaxiv.org/abs/2603.12228,2603.12228,https://arxiv.org/abs/2603.12228,https://arxiv.org/pdf/2603.12228,https://github.com/sunrainyg/RandOpt,paper_pdf_artifact,none,reports/review_reading_briefs/65901-neural-thickets-diverse-task-experts-are-dense-around-pretrained-weigh.md,data/manual/icml2026_review_sprint_01_paper_notes.csv,reports/review_reading_briefs/65901-neural-thickets-diverse-task-experts-are-dense-around-pretrained-weigh.md ; reports/claim_validation_packets/c02-infrastructure-and-agentic-workloads.md; reports/claim_validation_packets/c06-external-trend-context.md ; reports/claim_evidence_dossiers/c02-infrastructure-and-agentic-workloads.md; reports/claim_evidence_dossiers/c06-external-trend-context.md ; reports/area_briefing_cards/systems-and-efficient-foundation-models.md,contribution_summary ; novelty_judgment ; method_summary ; evidence_strength ; baselines_checked ; limitations ; claim_implications ; taxonomy_correction ; final_report_use ; artifact_status_checked ; reproducibility_notes,claim contribution; novelty delta; method mechanism; baselines; datasets; metrics; ablations or negative cases; limitations; taxonomy fit; claim implication; artifact status,yes
65332,sprint_01,5,Maximum Likelihood Reinforcement Learning,"LLM Reasoning, Post-Training, and RLVR","Reward modeling, preference feedback, and RL post-training",C01; C08,boundary_check_llm_reasoning; workflow_validation,https://icml.cc/virtual/2026/poster/65332,https://openreview.net/forum?id=EeuLO2BjFN,https://www.alphaxiv.org/abs/2602.02710,2602.02710,https://arxiv.org/abs/2602.02710,https://arxiv.org/pdf/2602.02710,https://github.com/tajwarfahim/maxrl,paper_pdf_artifact,none,reports/review_reading_briefs/65332-maximum-likelihood-reinforcement-learning.md,data/manual/icml2026_review_sprint_01_paper_notes.csv,reports/review_reading_briefs/65332-maximum-likelihood-reinforcement-learning.md ; reports/claim_validation_packets/c01-llm-reasoning-center-of-gravity.md; reports/claim_validation_packets/c08-validation-priority.md ; reports/claim_evidence_dossiers/c01-llm-reasoning-center-of-gravity.md; reports/claim_evidence_dossiers/c08-validation-priority.md ; reports/area_briefing_cards/llm-reasoning-post-training-and-rlvr.md,contribution_summary ; novelty_judgment ; method_summary ; evidence_strength ; baselines_checked ; limitations ; claim_implications ; taxonomy_correction ; final_report_use ; artifact_status_checked ; reproducibility_notes,claim contribution; novelty delta; method mechanism; baselines; datasets; metrics; ablations or negative cases; limitations; taxonomy fit; claim implication; artifact status,yes
65206,sprint_01,6,PaperBanana: Automating Academic Illustration for AI Scientists,"Agents, Code, and Tool Use","Agent evaluation, tool use, and agentic workflows",C02; C07,infrastructure_coherence; artifact_reproducibility,https://icml.cc/virtual/2026/poster/65206,https://openreview.net/forum?id=FneePKFVHT,https://www.alphaxiv.org/abs/2601.23265,2601.23265,https://arxiv.org/abs/2601.23265,https://arxiv.org/pdf/2601.23265,https://github.com/dwzhu-pku/PaperBanana,paper_pdf_artifact,none,reports/review_reading_briefs/65206-paperbanana-automating-academic-illustration-for-ai-scientists.md,data/manual/icml2026_review_sprint_01_paper_notes.csv,reports/review_reading_briefs/65206-paperbanana-automating-academic-illustration-for-ai-scientists.md ; reports/claim_validation_packets/c02-infrastructure-and-agentic-workloads.md; reports/claim_validation_packets/c07-artifact-visibility.md ; reports/claim_evidence_dossiers/c02-infrastructure-and-agentic-workloads.md; reports/claim_evidence_dossiers/c07-artifact-visibility.md ; reports/area_briefing_cards/agents-code-and-tool-use.md,contribution_summary ; novelty_judgment ; method_summary ; evidence_strength ; baselines_checked ; limitations ; claim_implications ; taxonomy_correction ; final_report_use ; artifact_status_checked ; reproducibility_notes,claim contribution; novelty delta; method mechanism; baselines; datasets; metrics; ablations or negative cases; limitations; taxonomy fit; claim implication; artifact status,yes
60766,sprint_01,7,The Obfuscation Atlas: Mapping Where Honesty Emerges in RLVR with Deception Probes,"Safety, Governance, Privacy, and Society","Adversarial safety, attacks, and security",C03,program_attention_explanation,https://icml.cc/virtual/2026/poster/60766,https://openreview.net/forum?id=wrGSN9kAVD,https://www.alphaxiv.org/abs/2602.15515,2602.15515,https://arxiv.org/abs/2602.15515,https://arxiv.org/pdf/2602.15515,https://github.com/AlignmentResearch/obfuscation-atlas,paper_pdf_artifact,none,reports/review_reading_briefs/60766-the-obfuscation-atlas-mapping-where-honesty-emerges-in-rlvr-with-decep.md,data/manual/icml2026_review_sprint_01_paper_notes.csv,reports/review_reading_briefs/60766-the-obfuscation-atlas-mapping-where-honesty-emerges-in-rlvr-with-decep.md ; reports/claim_validation_packets/c03-program-committee-attention.md ; reports/claim_evidence_dossiers/c03-program-committee-attention.md ; reports/area_briefing_cards/safety-governance-privacy-and-society.md,contribution_summary ; novelty_judgment ; method_summary ; evidence_strength ; baselines_checked ; limitations ; claim_implications ; taxonomy_correction ; final_report_use ; artifact_status_checked ; reproducibility_notes,claim contribution; novelty delta; method mechanism; baselines; datasets; metrics; ablations or negative cases; limitations; taxonomy fit; claim implication; artifact status,yes
67084,sprint_01,8,Position: AI/ML Deepfake Research is Misaligned with AI Generated Non-Consensual Intimate Imagery (AIG-NCII),"Safety, Governance, Privacy, and Society","Position papers, policy, and social impacts",C03,program_attention_explanation,https://icml.cc/virtual/2026/poster/67084,https://openreview.net/forum?id=mLhZzo7BIb,,,,,,openreview_only,missing_arxiv_pdf,reports/review_reading_briefs/67084-position-ai-ml-deepfake-research-is-misaligned-with-ai-generated-non-c.md,data/manual/icml2026_review_sprint_01_paper_notes.csv,reports/review_reading_briefs/67084-position-ai-ml-deepfake-research-is-misaligned-with-ai-generated-non-c.md ; reports/claim_validation_packets/c03-program-committee-attention.md ; reports/claim_evidence_dossiers/c03-program-committee-attention.md ; reports/area_briefing_cards/safety-governance-privacy-and-society.md,contribution_summary ; novelty_judgment ; method_summary ; evidence_strength ; baselines_checked ; limitations ; claim_implications ; taxonomy_correction ; final_report_use,claim contribution; novelty delta; method mechanism; baselines; datasets; metrics; ablations or negative cases; limitations; taxonomy fit; claim implication; artifact status,no
67118,sprint_01,9,Position: The Alignment Community is Unintentionally Building a Censor’s Toolkit,"Safety, Governance, Privacy, and Society","Position papers, policy, and social impacts",C03,program_attention_explanation,https://icml.cc/virtual/2026/poster/67118,https://openreview.net/forum?id=dy2HwmOvFX,,,,,,openreview_only,missing_arxiv_pdf,reports/review_reading_briefs/67118-position-the-alignment-community-is-unintentionally-building-a-censors.md,data/manual/icml2026_review_sprint_01_paper_notes.csv,reports/review_reading_briefs/67118-position-the-alignment-community-is-unintentionally-building-a-censors.md ; reports/claim_validation_packets/c03-program-committee-attention.md ; reports/claim_evidence_dossiers/c03-program-committee-attention.md ; reports/area_briefing_cards/safety-governance-privacy-and-society.md,contribution_summary ; novelty_judgment ; method_summary ; evidence_strength ; baselines_checked ; limitations ; claim_implications ; taxonomy_correction ; final_report_use,claim contribution; novelty delta; method mechanism; baselines; datasets; metrics; ablations or negative cases; limitations; taxonomy fit; claim implication; artifact status,no
65886,sprint_01,10,Reinforcement Learning with Evolving Rubrics for Deep Research,"LLM Reasoning, Post-Training, and RLVR","Reward modeling, preference feedback, and RL post-training",C01; C08,boundary_check_llm_reasoning; workflow_validation,https://icml.cc/virtual/2026/poster/65886,https://openreview.net/forum?id=97NEP1pyS3,https://www.alphaxiv.org/abs/2511.19399,2511.19399,https://arxiv.org/abs/2511.19399,https://arxiv.org/pdf/2511.19399,https://github.com/rlresearch/dr-tulu,paper_pdf_artifact,none,reports/review_reading_briefs/65886-reinforcement-learning-with-evolving-rubrics-for-deep-research.md,data/manual/icml2026_review_sprint_01_paper_notes.csv,reports/review_reading_briefs/65886-reinforcement-learning-with-evolving-rubrics-for-deep-research.md ; reports/claim_validation_packets/c01-llm-reasoning-center-of-gravity.md; reports/claim_validation_packets/c08-validation-priority.md ; reports/claim_evidence_dossiers/c01-llm-reasoning-center-of-gravity.md; reports/claim_evidence_dossiers/c08-validation-priority.md ; reports/area_briefing_cards/llm-reasoning-post-training-and-rlvr.md,contribution_summary ; novelty_judgment ; method_summary ; evidence_strength ; baselines_checked ; limitations ; claim_implications ; taxonomy_correction ; final_report_use ; artifact_status_checked ; reproducibility_notes,claim contribution; novelty delta; method mechanism; baselines; datasets; metrics; ablations or negative cases; limitations; taxonomy fit; claim implication; artifact status,yes
66212,sprint_01,11,Controlled LLM Training on Spectral Sphere,Systems and Efficient Foundation Models,"Large-scale training, optimizers, and model architecture",C02; C08,infrastructure_coherence; workflow_validation,https://icml.cc/virtual/2026/poster/66212,https://openreview.net/forum?id=5kTn1c3vtt,https://www.alphaxiv.org/abs/2601.08393,2601.08393,https://arxiv.org/abs/2601.08393,https://arxiv.org/pdf/2601.08393,https://github.com/Unakar/Spectral-Sphere-Optimizer,paper_pdf_artifact,none,reports/review_reading_briefs/66212-controlled-llm-training-on-spectral-sphere.md,data/manual/icml2026_review_sprint_01_paper_notes.csv,reports/review_reading_briefs/66212-controlled-llm-training-on-spectral-sphere.md ; reports/claim_validation_packets/c02-infrastructure-and-agentic-workloads.md; reports/claim_validation_packets/c08-validation-priority.md ; reports/claim_evidence_dossiers/c02-infrastructure-and-agentic-workloads.md; reports/claim_evidence_dossiers/c08-validation-priority.md ; reports/area_briefing_cards/systems-and-efficient-foundation-models.md,contribution_summary ; novelty_judgment ; method_summary ; evidence_strength ; baselines_checked ; limitations ; claim_implications ; taxonomy_correction ; final_report_use ; artifact_status_checked ; reproducibility_notes,claim contribution; novelty delta; method mechanism; baselines; datasets; metrics; ablations or negative cases; limitations; taxonomy fit; claim implication; artifact status,yes
64121,sprint_01,12,Reinforcement Learning via Self-Distillation,"LLM Reasoning, Post-Training, and RLVR","Reward modeling, preference feedback, and RL post-training",C01; C06; C08,boundary_check_llm_reasoning; trend_context_guardrail; workflow_validation,https://icml.cc/virtual/2026/poster/64121,https://openreview.net/forum?id=QkfkxyRizZ,https://www.alphaxiv.org/abs/2601.20802,2601.20802,https://arxiv.org/abs/2601.20802,https://arxiv.org/pdf/2601.20802,https://github.com/lasgroup/SDPO,paper_pdf_artifact,none,reports/review_reading_briefs/64121-reinforcement-learning-via-self-distillation.md,data/manual/icml2026_review_sprint_01_paper_notes.csv,reports/review_reading_briefs/64121-reinforcement-learning-via-self-distillation.md ; reports/claim_validation_packets/c01-llm-reasoning-center-of-gravity.md; reports/claim_validation_packets/c06-external-trend-context.md; reports/claim_validation_packets/c08-validation-priority.md ; reports/claim_evidence_dossiers/c01-llm-reasoning-center-of-gravity.md; reports/claim_evidence_dossiers/c06-external-trend-context.md; reports/claim_evidence_dossiers/c08-validation-priority.md ; reports/area_briefing_cards/llm-reasoning-post-training-and-rlvr.md,contribution_summary ; novelty_judgment ; method_summary ; evidence_strength ; baselines_checked ; limitations ; claim_implications ; taxonomy_correction ; final_report_use ; artifact_status_checked ; reproducibility_notes,claim contribution; novelty delta; method mechanism; baselines; datasets; metrics; ablations or negative cases; limitations; taxonomy fit; claim implication; artifact status,yes
65446,sprint_01,13,Activation Oracles: Training and Evaluating LLMs as General-Purpose Activation Explainers,"LLM Reasoning, Post-Training, and RLVR","General LLM training, evaluation, and alignment",C01,boundary_check_llm_reasoning,https://icml.cc/virtual/2026/poster/65446,https://openreview.net/forum?id=DbZjxkZrZm,https://www.alphaxiv.org/abs/2512.15674,2512.15674,https://arxiv.org/abs/2512.15674,https://arxiv.org/pdf/2512.15674,,paper_pdf,none,reports/review_reading_briefs/65446-activation-oracles-training-and-evaluating-llms-as-general-purpose-act.md,data/manual/icml2026_review_sprint_01_paper_notes.csv,reports/review_reading_briefs/65446-activation-oracles-training-and-evaluating-llms-as-general-purpose-act.md ; reports/claim_validation_packets/c01-llm-reasoning-center-of-gravity.md ; reports/claim_evidence_dossiers/c01-llm-reasoning-center-of-gravity.md ; reports/area_briefing_cards/llm-reasoning-post-training-and-rlvr.md,contribution_summary ; novelty_judgment ; method_summary ; evidence_strength ; baselines_checked ; limitations ; claim_implications ; taxonomy_correction ; final_report_use,claim contribution; novelty delta; method mechanism; baselines; datasets; metrics; ablations or negative cases; limitations; taxonomy fit; claim implication; artifact status,no
63333,sprint_01,14,GDPO: Group reward-Decoupled Normalization Policy Optimization for Multi-reward RL Optimization,"LLM Reasoning, Post-Training, and RLVR","Reward modeling, preference feedback, and RL post-training",C01; C06,boundary_check_llm_reasoning; trend_context_guardrail,https://icml.cc/virtual/2026/poster/63333,https://openreview.net/forum?id=Y1rHxA58If,https://www.alphaxiv.org/abs/2601.05242,2601.05242,https://arxiv.org/abs/2601.05242,https://arxiv.org/pdf/2601.05242,https://github.com/NVlabs/GDPO,paper_pdf_artifact,none,reports/review_reading_briefs/63333-gdpo-group-reward-decoupled-normalization-policy-optimization-for-mult.md,data/manual/icml2026_review_sprint_01_paper_notes.csv,reports/review_reading_briefs/63333-gdpo-group-reward-decoupled-normalization-policy-optimization-for-mult.md ; reports/claim_validation_packets/c01-llm-reasoning-center-of-gravity.md; reports/claim_validation_packets/c06-external-trend-context.md ; reports/claim_evidence_dossiers/c01-llm-reasoning-center-of-gravity.md; reports/claim_evidence_dossiers/c06-external-trend-context.md ; reports/area_briefing_cards/llm-reasoning-post-training-and-rlvr.md,contribution_summary ; novelty_judgment ; method_summary ; evidence_strength ; baselines_checked ; limitations ; claim_implications ; taxonomy_correction ; final_report_use ; artifact_status_checked ; reproducibility_notes,claim contribution; novelty delta; method mechanism; baselines; datasets; metrics; ablations or negative cases; limitations; taxonomy fit; claim implication; artifact status,yes
61870,sprint_01,15,mHC: Manifold-Constrained Hyper-Connections,Systems and Efficient Foundation Models,"Large-scale training, optimizers, and model architecture",C02; C06; C08,infrastructure_coherence; trend_context_guardrail; workflow_validation,https://icml.cc/virtual/2026/poster/61870,https://openreview.net/forum?id=mDhyxu8WRb,https://www.alphaxiv.org/abs/2512.24880,2512.24880,https://arxiv.org/abs/2512.24880,https://arxiv.org/pdf/2512.24880,https://github.com/tokenbender/mHC-manifold-constrained-hyper-connections,paper_pdf_artifact,none,reports/review_reading_briefs/61870-mhc-manifold-constrained-hyper-connections.md,data/manual/icml2026_review_sprint_01_paper_notes.csv,reports/review_reading_briefs/61870-mhc-manifold-constrained-hyper-connections.md ; reports/claim_validation_packets/c02-infrastructure-and-agentic-workloads.md; reports/claim_validation_packets/c06-external-trend-context.md; reports/claim_validation_packets/c08-validation-priority.md ; reports/claim_evidence_dossiers/c02-infrastructure-and-agentic-workloads.md; reports/claim_evidence_dossiers/c06-external-trend-context.md; reports/claim_evidence_dossiers/c08-validation-priority.md ; reports/area_briefing_cards/systems-and-efficient-foundation-models.md,contribution_summary ; novelty_judgment ; method_summary ; evidence_strength ; baselines_checked ; limitations ; claim_implications ; taxonomy_correction ; final_report_use ; artifact_status_checked ; reproducibility_notes,claim contribution; novelty delta; method mechanism; baselines; datasets; metrics; ablations or negative cases; limitations; taxonomy fit; claim implication; artifact status,yes
62943,sprint_01,16,Evolution Strategies at the Hyperscale,Systems and Efficient Foundation Models,"Large-scale training, optimizers, and model architecture",C02; C06,infrastructure_coherence; trend_context_guardrail,https://icml.cc/virtual/2026/poster/62943,https://openreview.net/forum?id=bfVJ4GsHrO,https://www.alphaxiv.org/abs/2511.16652,2511.16652,https://arxiv.org/abs/2511.16652,https://arxiv.org/pdf/2511.16652,https://github.com/ESHyperscale/HyperscaleES,paper_pdf_artifact,none,reports/review_reading_briefs/62943-evolution-strategies-at-the-hyperscale.md,data/manual/icml2026_review_sprint_01_paper_notes.csv,reports/review_reading_briefs/62943-evolution-strategies-at-the-hyperscale.md ; reports/claim_validation_packets/c02-infrastructure-and-agentic-workloads.md; reports/claim_validation_packets/c06-external-trend-context.md ; reports/claim_evidence_dossiers/c02-infrastructure-and-agentic-workloads.md; reports/claim_evidence_dossiers/c06-external-trend-context.md ; reports/area_briefing_cards/systems-and-efficient-foundation-models.md,contribution_summary ; novelty_judgment ; method_summary ; evidence_strength ; baselines_checked ; limitations ; claim_implications ; taxonomy_correction ; final_report_use ; artifact_status_checked ; reproducibility_notes,claim contribution; novelty delta; method mechanism; baselines; datasets; metrics; ablations or negative cases; limitations; taxonomy fit; claim implication; artifact status,yes
65888,sprint_01,17,Learning to Discover at Test Time,"Agents, Code, and Tool Use","Multi-agent search, planning, and coordination",C02; C08,infrastructure_coherence; workflow_validation,https://icml.cc/virtual/2026/poster/65888,https://openreview.net/forum?id=96zNuQrH9Y,https://www.alphaxiv.org/abs/2601.16175,2601.16175,https://arxiv.org/abs/2601.16175,https://arxiv.org/pdf/2601.16175,https://github.com/sayantann11/all-classification-templetes-for-ML,paper_pdf_artifact,none,reports/review_reading_briefs/65888-learning-to-discover-at-test-time.md,data/manual/icml2026_review_sprint_01_paper_notes.csv,reports/review_reading_briefs/65888-learning-to-discover-at-test-time.md ; reports/claim_validation_packets/c02-infrastructure-and-agentic-workloads.md; reports/claim_validation_packets/c08-validation-priority.md ; reports/claim_evidence_dossiers/c02-infrastructure-and-agentic-workloads.md; reports/claim_evidence_dossiers/c08-validation-priority.md ; reports/area_briefing_cards/agents-code-and-tool-use.md,contribution_summary ; novelty_judgment ; method_summary ; evidence_strength ; baselines_checked ; limitations ; claim_implications ; taxonomy_correction ; final_report_use ; artifact_status_checked ; reproducibility_notes,claim contribution; novelty delta; method mechanism; baselines; datasets; metrics; ablations or negative cases; limitations; taxonomy fit; claim implication; artifact status,yes
64488,sprint_01,18,Agent Learning via Early Experience,"LLM Reasoning, Post-Training, and RLVR","Reward modeling, preference feedback, and RL post-training",C01; C06,boundary_check_llm_reasoning; trend_context_guardrail,https://icml.cc/virtual/2026/poster/64488,https://openreview.net/forum?id=N3dXUHY5dD,https://www.alphaxiv.org/abs/2510.08558,2510.08558,https://arxiv.org/abs/2510.08558,https://arxiv.org/pdf/2510.08558,https://github.com/jettbrains/-L-,paper_pdf_artifact,none,reports/review_reading_briefs/64488-agent-learning-via-early-experience.md,data/manual/icml2026_review_sprint_01_paper_notes.csv,reports/review_reading_briefs/64488-agent-learning-via-early-experience.md ; reports/claim_validation_packets/c01-llm-reasoning-center-of-gravity.md; reports/claim_validation_packets/c06-external-trend-context.md ; reports/claim_evidence_dossiers/c01-llm-reasoning-center-of-gravity.md; reports/claim_evidence_dossiers/c06-external-trend-context.md ; reports/area_briefing_cards/llm-reasoning-post-training-and-rlvr.md,contribution_summary ; novelty_judgment ; method_summary ; evidence_strength ; baselines_checked ; limitations ; claim_implications ; taxonomy_correction ; final_report_use ; artifact_status_checked ; reproducibility_notes,claim contribution; novelty delta; method mechanism; baselines; datasets; metrics; ablations or negative cases; limitations; taxonomy fit; claim implication; artifact status,yes
64095,sprint_01,19,WeDLM: Reconciling Diffusion Language Models with Standard Causal Attention for Fast Inference,"LLM Reasoning, Post-Training, and RLVR",Diffusion language models and decoding,C01,boundary_check_llm_reasoning,https://icml.cc/virtual/2026/poster/64095,https://openreview.net/forum?id=QwtmbKAOZU,https://www.alphaxiv.org/abs/2512.22737,2512.22737,https://arxiv.org/abs/2512.22737,https://arxiv.org/pdf/2512.22737,https://github.com/Tencent/WeDLM,paper_pdf_artifact,none,reports/review_reading_briefs/64095-wedlm-reconciling-diffusion-language-models-with-standard-causal-atten.md,data/manual/icml2026_review_sprint_01_paper_notes.csv,reports/review_reading_briefs/64095-wedlm-reconciling-diffusion-language-models-with-standard-causal-atten.md ; reports/claim_validation_packets/c01-llm-reasoning-center-of-gravity.md ; reports/claim_evidence_dossiers/c01-llm-reasoning-center-of-gravity.md ; reports/area_briefing_cards/llm-reasoning-post-training-and-rlvr.md,contribution_summary ; novelty_judgment ; method_summary ; evidence_strength ; baselines_checked ; limitations ; claim_implications ; taxonomy_correction ; final_report_use ; artifact_status_checked ; reproducibility_notes,claim contribution; novelty delta; method mechanism; baselines; datasets; metrics; ablations or negative cases; limitations; taxonomy fit; claim implication; artifact status,yes
66596,sprint_01,20,From Abstraction to Instantiation: Learning Behavioral Representation for Vision-Language-Action Model,"Robotics, Embodiment, and World Models",Vision-language-action models and robotic manipulation,C07,artifact_reproducibility,https://icml.cc/virtual/2026/poster/66596,https://openreview.net/forum?id=2NRrsz4nUB,https://www.alphaxiv.org/abs/2605.22671,2605.22671,https://arxiv.org/abs/2605.22671,https://arxiv.org/pdf/2605.22671,https://github.com/eliahuhorwitz/Academic-project-page-template,paper_pdf_artifact,none,reports/review_reading_briefs/66596-from-abstraction-to-instantiation-learning-behavioral-representation-f.md,data/manual/icml2026_review_sprint_01_paper_notes.csv,reports/review_reading_briefs/66596-from-abstraction-to-instantiation-learning-behavioral-representation-f.md ; reports/claim_validation_packets/c07-artifact-visibility.md ; reports/claim_evidence_dossiers/c07-artifact-visibility.md ; reports/area_briefing_cards/robotics-embodiment-and-world-models.md,contribution_summary ; novelty_judgment ; method_summary ; evidence_strength ; baselines_checked ; limitations ; claim_implications ; taxonomy_correction ; final_report_use ; artifact_status_checked ; reproducibility_notes,claim contribution; novelty delta; method mechanism; baselines; datasets; metrics; ablations or negative cases; limitations; taxonomy fit; claim implication; artifact status,yes
61180,sprint_01,21,Latent Collaboration in Multi-Agent Systems,"LLM Reasoning, Post-Training, and RLVR",Reasoning models and chain-of-thought behavior,C01; C08,boundary_check_llm_reasoning; workflow_validation,https://icml.cc/virtual/2026/poster/61180,https://openreview.net/forum?id=syG9I9ofd8,https://www.alphaxiv.org/abs/2511.20639,2511.20639,https://arxiv.org/abs/2511.20639,https://arxiv.org/pdf/2511.20639,https://github.com/Gen-Verse/LatentMAS,paper_pdf_artifact,none,reports/review_reading_briefs/61180-latent-collaboration-in-multi-agent-systems.md,data/manual/icml2026_review_sprint_01_paper_notes.csv,reports/review_reading_briefs/61180-latent-collaboration-in-multi-agent-systems.md ; reports/claim_validation_packets/c01-llm-reasoning-center-of-gravity.md; reports/claim_validation_packets/c08-validation-priority.md ; reports/claim_evidence_dossiers/c01-llm-reasoning-center-of-gravity.md; reports/claim_evidence_dossiers/c08-validation-priority.md ; reports/area_briefing_cards/llm-reasoning-post-training-and-rlvr.md,contribution_summary ; novelty_judgment ; method_summary ; evidence_strength ; baselines_checked ; limitations ; claim_implications ; taxonomy_correction ; final_report_use ; artifact_status_checked ; reproducibility_notes,claim contribution; novelty delta; method mechanism; baselines; datasets; metrics; ablations or negative cases; limitations; taxonomy fit; claim implication; artifact status,yes
63048,sprint_01,22,Equivalence of Context and Parameter Updates in Modern Transformer Blocks,"Theory, Optimization, and Algorithms",Transformer theory and attention expressivity,C03,program_attention_explanation,https://icml.cc/virtual/2026/poster/63048,https://openreview.net/forum?id=aZ5Di8Ii4X,https://www.alphaxiv.org/abs/2511.17864,2511.17864,https://arxiv.org/abs/2511.17864,https://arxiv.org/pdf/2511.17864,,paper_pdf,none,reports/review_reading_briefs/63048-equivalence-of-context-and-parameter-updates-in-modern-transformer-blo.md,data/manual/icml2026_review_sprint_01_paper_notes.csv,reports/review_reading_briefs/63048-equivalence-of-context-and-parameter-updates-in-modern-transformer-blo.md ; reports/claim_validation_packets/c03-program-committee-attention.md ; reports/claim_evidence_dossiers/c03-program-committee-attention.md ; reports/area_briefing_cards/theory-optimization-and-algorithms.md,contribution_summary ; novelty_judgment ; method_summary ; evidence_strength ; baselines_checked ; limitations ; claim_implications ; taxonomy_correction ; final_report_use,claim contribution; novelty delta; method mechanism; baselines; datasets; metrics; ablations or negative cases; limitations; taxonomy fit; claim implication; artifact status,no
63638,sprint_01,23,Optimal Decision-Making Based on Prediction Sets,"Theory, Optimization, and Algorithms",Statistical learning theory and regression,C03,program_attention_explanation,https://icml.cc/virtual/2026/poster/63638,https://openreview.net/forum?id=VAXW59dyfk,https://www.alphaxiv.org/abs/2602.00989,2602.00989,https://arxiv.org/abs/2602.00989,https://arxiv.org/pdf/2602.00989,https://github.com/salma123456789123456789-dotcom/Pneumonia-Detection-using-Chest-X-Ray-images,paper_pdf_artifact,none,reports/review_reading_briefs/63638-optimal-decision-making-based-on-prediction-sets.md,data/manual/icml2026_review_sprint_01_paper_notes.csv,reports/review_reading_briefs/63638-optimal-decision-making-based-on-prediction-sets.md ; reports/claim_validation_packets/c03-program-committee-attention.md ; reports/claim_evidence_dossiers/c03-program-committee-attention.md ; reports/area_briefing_cards/theory-optimization-and-algorithms.md,contribution_summary ; novelty_judgment ; method_summary ; evidence_strength ; baselines_checked ; limitations ; claim_implications ; taxonomy_correction ; final_report_use ; artifact_status_checked ; reproducibility_notes,claim contribution; novelty delta; method mechanism; baselines; datasets; metrics; ablations or negative cases; limitations; taxonomy fit; claim implication; artifact status,yes
64377,sprint_01,24,$\tau^2$-Bench: Evaluating Conversational Agents in a Dual-Control Environment,"Agents, Code, and Tool Use","Agent evaluation, tool use, and agentic workflows",C02,infrastructure_coherence,https://icml.cc/virtual/2026/poster/64377,https://openreview.net/forum?id=OC2z7iSQKa,https://www.alphaxiv.org/abs/2506.07982,2506.07982,https://arxiv.org/abs/2506.07982,https://arxiv.org/pdf/2506.07982,https://github.com/sierra-research/tau2-bench,paper_pdf_artifact,none,reports/review_reading_briefs/64377-tau-2-bench-evaluating-conversational-agents-in-a-dual-control-environ.md,data/manual/icml2026_review_sprint_01_paper_notes.csv,reports/review_reading_briefs/64377-tau-2-bench-evaluating-conversational-agents-in-a-dual-control-environ.md ; reports/claim_validation_packets/c02-infrastructure-and-agentic-workloads.md ; reports/claim_evidence_dossiers/c02-infrastructure-and-agentic-workloads.md ; reports/area_briefing_cards/agents-code-and-tool-use.md,contribution_summary ; novelty_judgment ; method_summary ; evidence_strength ; baselines_checked ; limitations ; claim_implications ; taxonomy_correction ; final_report_use ; artifact_status_checked ; reproducibility_notes,claim contribution; novelty delta; method mechanism; baselines; datasets; metrics; ablations or negative cases; limitations; taxonomy fit; claim implication; artifact status,yes
63095,sprint_01,25,Agent0-VL: Exploring Self-Evolving Agent for Tool-Integrated Vision-Language Reasoning,"Agents, Code, and Tool Use","Agent evaluation, tool use, and agentic workflows",C02,infrastructure_coherence,https://icml.cc/virtual/2026/poster/63095,https://openreview.net/forum?id=aA02f0y0LY,https://www.alphaxiv.org/abs/2511.19900,2511.19900,https://arxiv.org/abs/2511.19900,https://arxiv.org/pdf/2511.19900,https://github.com/aiming-lab/Agent0,paper_pdf_artifact,none,reports/review_reading_briefs/63095-agent0-vl-exploring-self-evolving-agent-for-tool-integrated-vision-lan.md,data/manual/icml2026_review_sprint_01_paper_notes.csv,reports/review_reading_briefs/63095-agent0-vl-exploring-self-evolving-agent-for-tool-integrated-vision-lan.md ; reports/claim_validation_packets/c02-infrastructure-and-agentic-workloads.md ; reports/claim_evidence_dossiers/c02-infrastructure-and-agentic-workloads.md ; reports/area_briefing_cards/agents-code-and-tool-use.md,contribution_summary ; novelty_judgment ; method_summary ; evidence_strength ; baselines_checked ; limitations ; claim_implications ; taxonomy_correction ; final_report_use ; artifact_status_checked ; reproducibility_notes,claim contribution; novelty delta; method mechanism; baselines; datasets; metrics; ablations or negative cases; limitations; taxonomy fit; claim implication; artifact status,yes
67247,sprint_01,26,Position: Stop Automating Peer Review Without Rigorous Evaluation,"Safety, Governance, Privacy, and Society","Position papers, policy, and social impacts",C03,program_attention_explanation,https://icml.cc/virtual/2026/poster/67247,https://openreview.net/forum?id=128yyxUoRk,https://www.alphaxiv.org/abs/2605.03202,2605.03202,https://arxiv.org/abs/2605.03202,https://arxiv.org/pdf/2605.03202,,paper_pdf,none,reports/review_reading_briefs/67247-position-stop-automating-peer-review-without-rigorous-evaluation.md,data/manual/icml2026_review_sprint_01_paper_notes.csv,reports/review_reading_briefs/67247-position-stop-automating-peer-review-without-rigorous-evaluation.md ; reports/claim_validation_packets/c03-program-committee-attention.md ; reports/claim_evidence_dossiers/c03-program-committee-attention.md ; reports/area_briefing_cards/safety-governance-privacy-and-society.md,contribution_summary ; novelty_judgment ; method_summary ; evidence_strength ; baselines_checked ; limitations ; claim_implications ; taxonomy_correction ; final_report_use,claim contribution; novelty delta; method mechanism; baselines; datasets; metrics; ablations or negative cases; limitations; taxonomy fit; claim implication; artifact status,no
61382,sprint_01,27,Vision-aligned Latent Reasoning for Multi-Modal Large Language Model,"LLM Reasoning, Post-Training, and RLVR",Reasoning models and chain-of-thought behavior,C07,artifact_reproducibility,https://icml.cc/virtual/2026/poster/61382,https://openreview.net/forum?id=qmvoTiXSfG,https://www.alphaxiv.org/abs/2602.04476,2602.04476,https://arxiv.org/abs/2602.04476,https://arxiv.org/pdf/2602.04476,https://github.com/awesome-NeRF/awesome-NeRF,paper_pdf_artifact,none,reports/review_reading_briefs/61382-vision-aligned-latent-reasoning-for-multi-modal-large-language-model.md,data/manual/icml2026_review_sprint_01_paper_notes.csv,reports/review_reading_briefs/61382-vision-aligned-latent-reasoning-for-multi-modal-large-language-model.md ; reports/claim_validation_packets/c07-artifact-visibility.md ; reports/claim_evidence_dossiers/c07-artifact-visibility.md ; reports/area_briefing_cards/llm-reasoning-post-training-and-rlvr.md,contribution_summary ; novelty_judgment ; method_summary ; evidence_strength ; baselines_checked ; limitations ; claim_implications ; taxonomy_correction ; final_report_use ; artifact_status_checked ; reproducibility_notes,claim contribution; novelty delta; method mechanism; baselines; datasets; metrics; ablations or negative cases; limitations; taxonomy fit; claim implication; artifact status,yes
64128,sprint_01,28,AuTAgent: A Reinforcement Learning Framework for Tool-Augmented Audio Reasoning,"LLM Reasoning, Post-Training, and RLVR","Reward modeling, preference feedback, and RL post-training",C07,artifact_reproducibility,https://icml.cc/virtual/2026/poster/64128,https://openreview.net/forum?id=QfRtFf9Q3X,https://www.alphaxiv.org/abs/2602.13685,2602.13685,https://arxiv.org/abs/2602.13685,https://arxiv.org/pdf/2602.13685,https://github.com/eliahuhorwitz/Academic-project-page-template,paper_pdf_artifact,none,reports/review_reading_briefs/64128-autagent-a-reinforcement-learning-framework-for-tool-augmented-audio-r.md,data/manual/icml2026_review_sprint_01_paper_notes.csv,reports/review_reading_briefs/64128-autagent-a-reinforcement-learning-framework-for-tool-augmented-audio-r.md ; reports/claim_validation_packets/c07-artifact-visibility.md ; reports/claim_evidence_dossiers/c07-artifact-visibility.md ; reports/area_briefing_cards/llm-reasoning-post-training-and-rlvr.md,contribution_summary ; novelty_judgment ; method_summary ; evidence_strength ; baselines_checked ; limitations ; claim_implications ; taxonomy_correction ; final_report_use ; artifact_status_checked ; reproducibility_notes,claim contribution; novelty delta; method mechanism; baselines; datasets; metrics; ablations or negative cases; limitations; taxonomy fit; claim implication; artifact status,yes
65423,sprint_01,29,Autoregressive Direct Preference Optimization,"LLM Reasoning, Post-Training, and RLVR",LLM preference tuning and alignment training,C07,artifact_reproducibility,https://icml.cc/virtual/2026/poster/65423,https://openreview.net/forum?id=DmeFAFUO6f,https://www.alphaxiv.org/abs/2602.09533,2602.09533,https://arxiv.org/abs/2602.09533,https://arxiv.org/pdf/2602.09533,https://github.com/eliahuhorwitz/Academic-project-page-template,paper_pdf_artifact,none,reports/review_reading_briefs/65423-autoregressive-direct-preference-optimization.md,data/manual/icml2026_review_sprint_01_paper_notes.csv,reports/review_reading_briefs/65423-autoregressive-direct-preference-optimization.md ; reports/claim_validation_packets/c07-artifact-visibility.md ; reports/claim_evidence_dossiers/c07-artifact-visibility.md ; reports/area_briefing_cards/llm-reasoning-post-training-and-rlvr.md,contribution_summary ; novelty_judgment ; method_summary ; evidence_strength ; baselines_checked ; limitations ; claim_implications ; taxonomy_correction ; final_report_use ; artifact_status_checked ; reproducibility_notes,claim contribution; novelty delta; method mechanism; baselines; datasets; metrics; ablations or negative cases; limitations; taxonomy fit; claim implication; artifact status,yes
60765,sprint_01,30,Learning to Theorize the World from Observation,"LLM Reasoning, Post-Training, and RLVR",Reasoning models and chain-of-thought behavior,C01,boundary_check_llm_reasoning,https://icml.cc/virtual/2026/poster/60765,https://openreview.net/forum?id=wsA8LgHU5U,https://www.alphaxiv.org/abs/2605.03413,2605.03413,https://arxiv.org/abs/2605.03413,https://arxiv.org/pdf/2605.03413,,paper_pdf,none,reports/review_reading_briefs/60765-learning-to-theorize-the-world-from-observation.md,data/manual/icml2026_review_sprint_01_paper_notes.csv,reports/review_reading_briefs/60765-learning-to-theorize-the-world-from-observation.md ; reports/claim_validation_packets/c01-llm-reasoning-center-of-gravity.md ; reports/claim_evidence_dossiers/c01-llm-reasoning-center-of-gravity.md ; reports/area_briefing_cards/llm-reasoning-post-training-and-rlvr.md,contribution_summary ; novelty_judgment ; method_summary ; evidence_strength ; baselines_checked ; limitations ; claim_implications ; taxonomy_correction ; final_report_use,claim contribution; novelty delta; method mechanism; baselines; datasets; metrics; ablations or negative cases; limitations; taxonomy fit; claim implication; artifact status,no
62794,sprint_01,31,ToolOrchestra: Elevating Intelligence via Efficient Model and Tool Orchestration,"Agents, Code, and Tool Use","Agent evaluation, tool use, and agentic workflows",C02,infrastructure_coherence,https://icml.cc/virtual/2026/poster/62794,https://openreview.net/forum?id=dDVla2lLTA,https://www.alphaxiv.org/abs/2511.21689,2511.21689,https://arxiv.org/abs/2511.21689,https://arxiv.org/pdf/2511.21689,https://github.com/NVlabs/ToolOrchestra,paper_pdf_artifact,none,reports/review_reading_briefs/62794-toolorchestra-elevating-intelligence-via-efficient-model-and-tool-orch.md,data/manual/icml2026_review_sprint_01_paper_notes.csv,reports/review_reading_briefs/62794-toolorchestra-elevating-intelligence-via-efficient-model-and-tool-orch.md ; reports/claim_validation_packets/c02-infrastructure-and-agentic-workloads.md ; reports/claim_evidence_dossiers/c02-infrastructure-and-agentic-workloads.md ; reports/area_briefing_cards/agents-code-and-tool-use.md,contribution_summary ; novelty_judgment ; method_summary ; evidence_strength ; baselines_checked ; limitations ; claim_implications ; taxonomy_correction ; final_report_use ; artifact_status_checked ; reproducibility_notes,claim contribution; novelty delta; method mechanism; baselines; datasets; metrics; ablations or negative cases; limitations; taxonomy fit; claim implication; artifact status,yes
68817,sprint_01,32,Process Reward Models That Think,"LLM Reasoning, Post-Training, and RLVR",RL for reasoning models and verifiable rewards,C01; C06,boundary_check_llm_reasoning; trend_context_guardrail,https://icml.cc/virtual/2026/poster/68817,,https://www.alphaxiv.org/abs/2504.16828,2504.16828,https://arxiv.org/abs/2504.16828,https://arxiv.org/pdf/2504.16828,https://github.com/mukhal/thinkprm,arxiv_only,missing_openreview,reports/review_reading_briefs/68817-process-reward-models-that-think.md,data/manual/icml2026_review_sprint_01_paper_notes.csv,reports/review_reading_briefs/68817-process-reward-models-that-think.md ; reports/claim_validation_packets/c01-llm-reasoning-center-of-gravity.md; reports/claim_validation_packets/c06-external-trend-context.md ; reports/claim_evidence_dossiers/c01-llm-reasoning-center-of-gravity.md; reports/claim_evidence_dossiers/c06-external-trend-context.md ; reports/area_briefing_cards/llm-reasoning-post-training-and-rlvr.md,contribution_summary ; novelty_judgment ; method_summary ; evidence_strength ; baselines_checked ; limitations ; claim_implications ; taxonomy_correction ; final_report_use ; artifact_status_checked ; reproducibility_notes,claim contribution; novelty delta; method mechanism; baselines; datasets; metrics; ablations or negative cases; limitations; taxonomy fit; claim implication; artifact status,yes
63436,sprint_01,33,xKV: Cross-Layer KV-Cache Compression via Aligned Singular Vector Extraction,Systems and Efficient Foundation Models,Long-context attention and KV-cache compression,C02; C06,infrastructure_coherence; trend_context_guardrail,https://icml.cc/virtual/2026/poster/63436,https://openreview.net/forum?id=XDb69lykA8,https://www.alphaxiv.org/abs/2503.18893,2503.18893,https://arxiv.org/abs/2503.18893,https://arxiv.org/pdf/2503.18893,https://github.com/abdelfattah-lab/xKV,paper_pdf_artifact,none,reports/review_reading_briefs/63436-xkv-cross-layer-kv-cache-compression-via-aligned-singular-vector-extra.md,data/manual/icml2026_review_sprint_01_paper_notes.csv,reports/review_reading_briefs/63436-xkv-cross-layer-kv-cache-compression-via-aligned-singular-vector-extra.md ; reports/claim_validation_packets/c02-infrastructure-and-agentic-workloads.md; reports/claim_validation_packets/c06-external-trend-context.md ; reports/claim_evidence_dossiers/c02-infrastructure-and-agentic-workloads.md; reports/claim_evidence_dossiers/c06-external-trend-context.md ; reports/area_briefing_cards/systems-and-efficient-foundation-models.md,contribution_summary ; novelty_judgment ; method_summary ; evidence_strength ; baselines_checked ; limitations ; claim_implications ; taxonomy_correction ; final_report_use ; artifact_status_checked ; reproducibility_notes,claim contribution; novelty delta; method mechanism; baselines; datasets; metrics; ablations or negative cases; limitations; taxonomy fit; claim implication; artifact status,yes
62992,sprint_01,34,Monitoring Monitorability,"Agents, Code, and Tool Use","Agent evaluation, tool use, and agentic workflows",C02,infrastructure_coherence,https://icml.cc/virtual/2026/poster/62992,https://openreview.net/forum?id=b82fgbMVpz,https://www.alphaxiv.org/abs/2512.18311,2512.18311,https://arxiv.org/abs/2512.18311,https://arxiv.org/pdf/2512.18311,https://github.com/nightscout/cgm-remote-monitor,paper_pdf_artifact,none,reports/review_reading_briefs/62992-monitoring-monitorability.md,data/manual/icml2026_review_sprint_01_paper_notes.csv,reports/review_reading_briefs/62992-monitoring-monitorability.md ; reports/claim_validation_packets/c02-infrastructure-and-agentic-workloads.md ; reports/claim_evidence_dossiers/c02-infrastructure-and-agentic-workloads.md ; reports/area_briefing_cards/agents-code-and-tool-use.md,contribution_summary ; novelty_judgment ; method_summary ; evidence_strength ; baselines_checked ; limitations ; claim_implications ; taxonomy_correction ; final_report_use ; artifact_status_checked ; reproducibility_notes,claim contribution; novelty delta; method mechanism; baselines; datasets; metrics; ablations or negative cases; limitations; taxonomy fit; claim implication; artifact status,yes
64301,sprint_01,35,DFlash: Block Diffusion for Flash Speculative Decoding,"LLM Reasoning, Post-Training, and RLVR",Diffusion language models and decoding,C07,artifact_reproducibility,https://icml.cc/virtual/2026/poster/64301,https://openreview.net/forum?id=Oz335dV48X,https://www.alphaxiv.org/abs/2602.06036,2602.06036,https://arxiv.org/abs/2602.06036,https://arxiv.org/pdf/2602.06036,https://github.com/z-lab/dflash,paper_pdf_artifact,none,reports/review_reading_briefs/64301-dflash-block-diffusion-for-flash-speculative-decoding.md,data/manual/icml2026_review_sprint_01_paper_notes.csv,reports/review_reading_briefs/64301-dflash-block-diffusion-for-flash-speculative-decoding.md ; reports/claim_validation_packets/c07-artifact-visibility.md ; reports/claim_evidence_dossiers/c07-artifact-visibility.md ; reports/area_briefing_cards/llm-reasoning-post-training-and-rlvr.md,contribution_summary ; novelty_judgment ; method_summary ; evidence_strength ; baselines_checked ; limitations ; claim_implications ; taxonomy_correction ; final_report_use ; artifact_status_checked ; reproducibility_notes,claim contribution; novelty delta; method mechanism; baselines; datasets; metrics; ablations or negative cases; limitations; taxonomy fit; claim implication; artifact status,yes
65657,sprint_01,36,Jailbreak Foundry: From Papers to Runnable Attacks for Reproducible Benchmarking,"Safety, Governance, Privacy, and Society","Adversarial safety, attacks, and security",C03,program_attention_explanation,https://icml.cc/virtual/2026/poster/65657,https://openreview.net/forum?id=BSi2mfMDsx,https://www.alphaxiv.org/abs/2602.24009,2602.24009,https://arxiv.org/abs/2602.24009,https://arxiv.org/pdf/2602.24009,https://github.com/OpenSQZ/Jailbreak-Foundry,paper_pdf_artifact,none,reports/review_reading_briefs/65657-jailbreak-foundry-from-papers-to-runnable-attacks-for-reproducible-ben.md,data/manual/icml2026_review_sprint_01_paper_notes.csv,reports/review_reading_briefs/65657-jailbreak-foundry-from-papers-to-runnable-attacks-for-reproducible-ben.md ; reports/claim_validation_packets/c03-program-committee-attention.md ; reports/claim_evidence_dossiers/c03-program-committee-attention.md ; reports/area_briefing_cards/safety-governance-privacy-and-society.md,contribution_summary ; novelty_judgment ; method_summary ; evidence_strength ; baselines_checked ; limitations ; claim_implications ; taxonomy_correction ; final_report_use ; artifact_status_checked ; reproducibility_notes,claim contribution; novelty delta; method mechanism; baselines; datasets; metrics; ablations or negative cases; limitations; taxonomy fit; claim implication; artifact status,yes
65622,sprint_01,37,CVE-Factory: Scaling Expert-Level Agentic Tasks for Code Security Vulnerability,"Agents, Code, and Tool Use","Agent evaluation, tool use, and agentic workflows",C02,infrastructure_coherence,https://icml.cc/virtual/2026/poster/65622,https://openreview.net/forum?id=BkMSFFtm5M,https://www.alphaxiv.org/abs/2602.03012,2602.03012,https://arxiv.org/abs/2602.03012,https://arxiv.org/pdf/2602.03012,https://github.com/livecvebench/CVE-Factory,paper_pdf_artifact,none,reports/review_reading_briefs/65622-cve-factory-scaling-expert-level-agentic-tasks-for-code-security-vulne.md,data/manual/icml2026_review_sprint_01_paper_notes.csv,reports/review_reading_briefs/65622-cve-factory-scaling-expert-level-agentic-tasks-for-code-security-vulne.md ; reports/claim_validation_packets/c02-infrastructure-and-agentic-workloads.md ; reports/claim_evidence_dossiers/c02-infrastructure-and-agentic-workloads.md ; reports/area_briefing_cards/agents-code-and-tool-use.md,contribution_summary ; novelty_judgment ; method_summary ; evidence_strength ; baselines_checked ; limitations ; claim_implications ; taxonomy_correction ; final_report_use ; artifact_status_checked ; reproducibility_notes,claim contribution; novelty delta; method mechanism; baselines; datasets; metrics; ablations or negative cases; limitations; taxonomy fit; claim implication; artifact status,yes
63099,sprint_01,38,daVinci-Dev: Agent-native Mid-training for Software Engineering,"Agents, Code, and Tool Use","Agent evaluation, tool use, and agentic workflows",C02,infrastructure_coherence,https://icml.cc/virtual/2026/poster/63099,https://openreview.net/forum?id=a86luANykT,https://www.alphaxiv.org/abs/2601.18418,2601.18418,https://arxiv.org/abs/2601.18418,https://arxiv.org/pdf/2601.18418,https://github.com/sii-research/GAIR,paper_pdf_artifact,none,reports/review_reading_briefs/63099-davinci-dev-agent-native-mid-training-for-software-engineering.md,data/manual/icml2026_review_sprint_01_paper_notes.csv,reports/review_reading_briefs/63099-davinci-dev-agent-native-mid-training-for-software-engineering.md ; reports/claim_validation_packets/c02-infrastructure-and-agentic-workloads.md ; reports/claim_evidence_dossiers/c02-infrastructure-and-agentic-workloads.md ; reports/area_briefing_cards/agents-code-and-tool-use.md,contribution_summary ; novelty_judgment ; method_summary ; evidence_strength ; baselines_checked ; limitations ; claim_implications ; taxonomy_correction ; final_report_use ; artifact_status_checked ; reproducibility_notes,claim contribution; novelty delta; method mechanism; baselines; datasets; metrics; ablations or negative cases; limitations; taxonomy fit; claim implication; artifact status,yes
62732,sprint_01,39,Strategic Navigation or Stochastic Search? How Agents and Humans Reason Over Document Collections,"Agents, Code, and Tool Use","Agent evaluation, tool use, and agentic workflows",C02,infrastructure_coherence,https://icml.cc/virtual/2026/poster/62732,https://openreview.net/forum?id=ds3ZOevkwx,https://www.alphaxiv.org/abs/2603.12180,2603.12180,https://arxiv.org/abs/2603.12180,https://arxiv.org/pdf/2603.12180,https://github.com/Snowflake-Labs/MADQA,paper_pdf_artifact,none,reports/review_reading_briefs/62732-strategic-navigation-or-stochastic-search-how-agents-and-humans-reason.md,data/manual/icml2026_review_sprint_01_paper_notes.csv,reports/review_reading_briefs/62732-strategic-navigation-or-stochastic-search-how-agents-and-humans-reason.md ; reports/claim_validation_packets/c02-infrastructure-and-agentic-workloads.md ; reports/claim_evidence_dossiers/c02-infrastructure-and-agentic-workloads.md ; reports/area_briefing_cards/agents-code-and-tool-use.md,contribution_summary ; novelty_judgment ; method_summary ; evidence_strength ; baselines_checked ; limitations ; claim_implications ; taxonomy_correction ; final_report_use ; artifact_status_checked ; reproducibility_notes,claim contribution; novelty delta; method mechanism; baselines; datasets; metrics; ablations or negative cases; limitations; taxonomy fit; claim implication; artifact status,yes
67238,sprint_01,40,Position: Anthropomorphic Misalignment Research Needs Stronger Evidence,"Safety, Governance, Privacy, and Society","Position papers, policy, and social impacts",C03,program_attention_explanation,https://icml.cc/virtual/2026/poster/67238,https://openreview.net/forum?id=2XifsoNIrs,https://www.alphaxiv.org/abs/2606.07612,2606.07612,https://arxiv.org/abs/2606.07612,https://arxiv.org/pdf/2606.07612,,paper_pdf,none,reports/review_reading_briefs/67238-position-anthropomorphic-misalignment-research-needs-stronger-evidence.md,data/manual/icml2026_review_sprint_01_paper_notes.csv,reports/review_reading_briefs/67238-position-anthropomorphic-misalignment-research-needs-stronger-evidence.md ; reports/claim_validation_packets/c03-program-committee-attention.md ; reports/claim_evidence_dossiers/c03-program-committee-attention.md ; reports/area_briefing_cards/safety-governance-privacy-and-society.md,contribution_summary ; novelty_judgment ; method_summary ; evidence_strength ; baselines_checked ; limitations ; claim_implications ; taxonomy_correction ; final_report_use,claim contribution; novelty delta; method mechanism; baselines; datasets; metrics; ablations or negative cases; limitations; taxonomy fit; claim implication; artifact status,no
60542,sprint_02,1,Motion Attribution for Video Generation,"Multimodal, Vision, and Perception","3D, video, motion, and spatial understanding",C05,baseline_taxonomy_sensitivity,https://icml.cc/virtual/2026/poster/60542,https://openreview.net/forum?id=zAl9heLw4q,https://www.alphaxiv.org/abs/2601.08828,2601.08828,https://arxiv.org/abs/2601.08828,https://arxiv.org/pdf/2601.08828,,paper_pdf,none,reports/review_reading_briefs/60542-motion-attribution-for-video-generation.md,data/manual/icml2026_review_sprint_02_paper_notes.csv,reports/review_reading_briefs/60542-motion-attribution-for-video-generation.md ; reports/claim_validation_packets/c05-neighboring-venue-contrast.md ; reports/claim_evidence_dossiers/c05-neighboring-venue-contrast.md ; reports/area_briefing_cards/multimodal-vision-and-perception.md,contribution_summary ; novelty_judgment ; method_summary ; evidence_strength ; baselines_checked ; limitations ; claim_implications ; taxonomy_correction ; final_report_use,claim contribution; novelty delta; method mechanism; baselines; datasets; metrics; ablations or negative cases; limitations; taxonomy fit; claim implication; artifact status,no
65954,sprint_02,2,Multimodal Nested Learning for Decoupled and Coordinated Optimization,"Multimodal, Vision, and Perception",Multimodal representation and cross-modal alignment,C05,baseline_taxonomy_sensitivity,https://icml.cc/virtual/2026/poster/65954,https://openreview.net/forum?id=8XOncDWc5j,,,,,,openreview_only,missing_arxiv_pdf,reports/review_reading_briefs/65954-multimodal-nested-learning-for-decoupled-and-coordinated-optimization.md,data/manual/icml2026_review_sprint_02_paper_notes.csv,reports/review_reading_briefs/65954-multimodal-nested-learning-for-decoupled-and-coordinated-optimization.md ; reports/claim_validation_packets/c05-neighboring-venue-contrast.md ; reports/claim_evidence_dossiers/c05-neighboring-venue-contrast.md ; reports/area_briefing_cards/multimodal-vision-and-perception.md,contribution_summary ; novelty_judgment ; method_summary ; evidence_strength ; baselines_checked ; limitations ; claim_implications ; taxonomy_correction ; final_report_use,claim contribution; novelty delta; method mechanism; baselines; datasets; metrics; ablations or negative cases; limitations; taxonomy fit; claim implication; artifact status,no
65729,sprint_02,3,ExSkill: Continual Learning from Experience and Skills in Multimodal Agents,"Multimodal, Vision, and Perception",Multimodal representation and cross-modal alignment,C05,baseline_taxonomy_sensitivity,https://icml.cc/virtual/2026/poster/65729,https://openreview.net/forum?id=AjP1yvCyoG,https://www.alphaxiv.org/abs/2603.12056,2603.12056,https://arxiv.org/abs/2603.12056,https://arxiv.org/pdf/2603.12056,https://github.com/XSkill-Agent/XSkill,paper_pdf_artifact,none,reports/review_reading_briefs/65729-exskill-continual-learning-from-experience-and-skills-in-multimodal-ag.md,data/manual/icml2026_review_sprint_02_paper_notes.csv,reports/review_reading_briefs/65729-exskill-continual-learning-from-experience-and-skills-in-multimodal-ag.md ; reports/claim_validation_packets/c05-neighboring-venue-contrast.md; reports/claim_validation_packets/c06-external-trend-context.md ; reports/claim_evidence_dossiers/c05-neighboring-venue-contrast.md; reports/claim_evidence_dossiers/c06-external-trend-context.md ; reports/area_briefing_cards/multimodal-vision-and-perception.md,contribution_summary ; novelty_judgment ; method_summary ; evidence_strength ; baselines_checked ; limitations ; claim_implications ; taxonomy_correction ; final_report_use ; artifact_status_checked ; reproducibility_notes,claim contribution; novelty delta; method mechanism; baselines; datasets; metrics; ablations or negative cases; limitations; taxonomy fit; claim implication; artifact status,yes
63195,sprint_02,4,BabyVision: Visual Reasoning Beyond Language,"Multimodal, Vision, and Perception",Vision-language reasoning and video understanding,C05,baseline_taxonomy_sensitivity,https://icml.cc/virtual/2026/poster/63195,https://openreview.net/forum?id=ZD3BniFPto,https://www.alphaxiv.org/abs/2601.06521,2601.06521,https://arxiv.org/abs/2601.06521,https://arxiv.org/pdf/2601.06521,https://github.com/UniPat-AI/BabyVision,paper_pdf_artifact,none,reports/review_reading_briefs/63195-babyvision-visual-reasoning-beyond-language.md,data/manual/icml2026_review_sprint_02_paper_notes.csv,reports/review_reading_briefs/63195-babyvision-visual-reasoning-beyond-language.md ; reports/claim_validation_packets/c05-neighboring-venue-contrast.md; reports/claim_validation_packets/c06-external-trend-context.md ; reports/claim_evidence_dossiers/c05-neighboring-venue-contrast.md; reports/claim_evidence_dossiers/c06-external-trend-context.md ; reports/area_briefing_cards/multimodal-vision-and-perception.md,contribution_summary ; novelty_judgment ; method_summary ; evidence_strength ; baselines_checked ; limitations ; claim_implications ; taxonomy_correction ; final_report_use ; artifact_status_checked ; reproducibility_notes,claim contribution; novelty delta; method mechanism; baselines; datasets; metrics; ablations or negative cases; limitations; taxonomy fit; claim implication; artifact status,yes
63623,sprint_02,5,Causal-JEPA: Learning World Models through Object-Level Latent Interventions,"Multimodal, Vision, and Perception",Vision-language reasoning and video understanding,C05,baseline_taxonomy_sensitivity,https://icml.cc/virtual/2026/poster/63623,https://openreview.net/forum?id=VMAHQDOtjp,https://www.alphaxiv.org/abs/2602.11389,2602.11389,https://arxiv.org/abs/2602.11389,https://arxiv.org/pdf/2602.11389,https://github.com/galilai-group/cjepa,paper_pdf_artifact,none,reports/review_reading_briefs/63623-causal-jepa-learning-world-models-through-object-level-latent-interven.md,data/manual/icml2026_review_sprint_02_paper_notes.csv,reports/review_reading_briefs/63623-causal-jepa-learning-world-models-through-object-level-latent-interven.md ; reports/claim_validation_packets/c05-neighboring-venue-contrast.md; reports/claim_validation_packets/c06-external-trend-context.md ; reports/claim_evidence_dossiers/c05-neighboring-venue-contrast.md; reports/claim_evidence_dossiers/c06-external-trend-context.md ; reports/area_briefing_cards/multimodal-vision-and-perception.md,contribution_summary ; novelty_judgment ; method_summary ; evidence_strength ; baselines_checked ; limitations ; claim_implications ; taxonomy_correction ; final_report_use ; artifact_status_checked ; reproducibility_notes,claim contribution; novelty delta; method mechanism; baselines; datasets; metrics; ablations or negative cases; limitations; taxonomy fit; claim implication; artifact status,yes
65709,sprint_02,6,A Very Big Video Reasoning Suite,"Multimodal, Vision, and Perception",Vision-language reasoning and video understanding,C05,baseline_taxonomy_sensitivity,https://icml.cc/virtual/2026/poster/65709,https://openreview.net/forum?id=AwC77yHpP6,https://www.alphaxiv.org/abs/2602.20159,2602.20159,https://arxiv.org/abs/2602.20159,https://arxiv.org/pdf/2602.20159,https://github.com/Video-Reason/VBVR-Wan2.2,paper_pdf_artifact,none,reports/review_reading_briefs/65709-a-very-big-video-reasoning-suite.md,data/manual/icml2026_review_sprint_02_paper_notes.csv,reports/review_reading_briefs/65709-a-very-big-video-reasoning-suite.md ; reports/claim_validation_packets/c05-neighboring-venue-contrast.md; reports/claim_validation_packets/c06-external-trend-context.md ; reports/claim_evidence_dossiers/c05-neighboring-venue-contrast.md; reports/claim_evidence_dossiers/c06-external-trend-context.md ; reports/area_briefing_cards/multimodal-vision-and-perception.md,contribution_summary ; novelty_judgment ; method_summary ; evidence_strength ; baselines_checked ; limitations ; claim_implications ; taxonomy_correction ; final_report_use ; artifact_status_checked ; reproducibility_notes,claim contribution; novelty delta; method mechanism; baselines; datasets; metrics; ablations or negative cases; limitations; taxonomy fit; claim implication; artifact status,yes
62726,sprint_02,7,Bad Seeing or Bad Thinking? Rewarding Perception for Multimodal Reasoning,"Multimodal, Vision, and Perception",Vision-language reasoning and video understanding,C05,baseline_taxonomy_sensitivity,https://icml.cc/virtual/2026/poster/62726,https://openreview.net/forum?id=duzdftKtUA,https://www.alphaxiv.org/abs/2605.14054,2605.14054,https://arxiv.org/abs/2605.14054,https://arxiv.org/pdf/2605.14054,,paper_pdf,none,reports/review_reading_briefs/62726-bad-seeing-or-bad-thinking-rewarding-perception-for-multimodal-reasoni.md,data/manual/icml2026_review_sprint_02_paper_notes.csv,reports/review_reading_briefs/62726-bad-seeing-or-bad-thinking-rewarding-perception-for-multimodal-reasoni.md ; reports/claim_validation_packets/c05-neighboring-venue-contrast.md ; reports/claim_evidence_dossiers/c05-neighboring-venue-contrast.md ; reports/area_briefing_cards/multimodal-vision-and-perception.md,contribution_summary ; novelty_judgment ; method_summary ; evidence_strength ; baselines_checked ; limitations ; claim_implications ; taxonomy_correction ; final_report_use,claim contribution; novelty delta; method mechanism; baselines; datasets; metrics; ablations or negative cases; limitations; taxonomy fit; claim implication; artifact status,no
61757,sprint_02,8,World Guidance: World Modeling in Condition Space for Action Generation,"Robotics, Embodiment, and World Models",Vision-language-action models and robotic manipulation,C04,public_attention_calibration,https://icml.cc/virtual/2026/poster/61757,https://openreview.net/forum?id=nCWnYFezUm,https://www.alphaxiv.org/abs/2602.22010,2602.22010,https://arxiv.org/abs/2602.22010,https://arxiv.org/pdf/2602.22010,https://github.com/Selen-Suyue/WoG,paper_pdf_artifact,none,reports/review_reading_briefs/61757-world-guidance-world-modeling-in-condition-space-for-action-generation.md,data/manual/icml2026_review_sprint_02_paper_notes.csv,reports/review_reading_briefs/61757-world-guidance-world-modeling-in-condition-space-for-action-generation.md ; reports/claim_validation_packets/c04-public-attention-mismatch.md ; reports/claim_evidence_dossiers/c04-public-attention-mismatch.md ; reports/area_briefing_cards/robotics-embodiment-and-world-models.md,contribution_summary ; novelty_judgment ; method_summary ; evidence_strength ; baselines_checked ; limitations ; claim_implications ; taxonomy_correction ; final_report_use ; artifact_status_checked ; reproducibility_notes,claim contribution; novelty delta; method mechanism; baselines; datasets; metrics; ablations or negative cases; limitations; taxonomy fit; claim implication; artifact status,yes
64904,sprint_02,9,Temporal Straightening for Latent Planning,"Robotics, Embodiment, and World Models",Vision-language-action models and robotic manipulation,C04,public_attention_calibration,https://icml.cc/virtual/2026/poster/64904,https://openreview.net/forum?id=Ik1mKtUYlZ,https://www.alphaxiv.org/abs/2603.12231,2603.12231,https://arxiv.org/abs/2603.12231,https://arxiv.org/pdf/2603.12231,https://github.com/agentic-learning-ai-lab/temporal-straightening,paper_pdf_artifact,none,reports/review_reading_briefs/64904-temporal-straightening-for-latent-planning.md,data/manual/icml2026_review_sprint_02_paper_notes.csv,reports/review_reading_briefs/64904-temporal-straightening-for-latent-planning.md ; reports/claim_validation_packets/c04-public-attention-mismatch.md ; reports/claim_evidence_dossiers/c04-public-attention-mismatch.md ; reports/area_briefing_cards/robotics-embodiment-and-world-models.md,contribution_summary ; novelty_judgment ; method_summary ; evidence_strength ; baselines_checked ; limitations ; claim_implications ; taxonomy_correction ; final_report_use ; artifact_status_checked ; reproducibility_notes,claim contribution; novelty delta; method mechanism; baselines; datasets; metrics; ablations or negative cases; limitations; taxonomy fit; claim implication; artifact status,yes
63330,sprint_02,10,Mind Your Margin and Boundary: Are Your Distilled Datasets Truly Robust?,"Multimodal, Vision, and Perception","Vision robustness, detection, and adversarial perception",C05,baseline_taxonomy_sensitivity,https://icml.cc/virtual/2026/poster/63330,https://openreview.net/forum?id=Y3K0pPyVcs,https://www.alphaxiv.org/abs/2605.20606,2605.20606,https://arxiv.org/abs/2605.20606,https://arxiv.org/pdf/2605.20606,,paper_pdf,none,reports/review_reading_briefs/63330-mind-your-margin-and-boundary-are-your-distilled-datasets-truly-robust.md,data/manual/icml2026_review_sprint_02_paper_notes.csv,reports/review_reading_briefs/63330-mind-your-margin-and-boundary-are-your-distilled-datasets-truly-robust.md ; reports/claim_validation_packets/c05-neighboring-venue-contrast.md ; reports/claim_evidence_dossiers/c05-neighboring-venue-contrast.md ; reports/area_briefing_cards/multimodal-vision-and-perception.md,contribution_summary ; novelty_judgment ; method_summary ; evidence_strength ; baselines_checked ; limitations ; claim_implications ; taxonomy_correction ; final_report_use,claim contribution; novelty delta; method mechanism; baselines; datasets; metrics; ablations or negative cases; limitations; taxonomy fit; claim implication; artifact status,no
65457,sprint_02,11,LangForce: Bayesian Decomposition of Vision Language Action Models via Latent Action Queries,"Robotics, Embodiment, and World Models",Vision-language-action models and robotic manipulation,C04,public_attention_calibration,https://icml.cc/virtual/2026/poster/65457,https://openreview.net/forum?id=DUJL3a5Y57,https://www.alphaxiv.org/abs/2601.15197,2601.15197,https://arxiv.org/abs/2601.15197,https://arxiv.org/pdf/2601.15197,https://github.com/ZGC-EmbodyAI/LangForce,paper_pdf_artifact,none,reports/review_reading_briefs/65457-langforce-bayesian-decomposition-of-vision-language-action-models-via-.md,data/manual/icml2026_review_sprint_02_paper_notes.csv,reports/review_reading_briefs/65457-langforce-bayesian-decomposition-of-vision-language-action-models-via-.md ; reports/claim_validation_packets/c04-public-attention-mismatch.md ; reports/claim_evidence_dossiers/c04-public-attention-mismatch.md ; reports/area_briefing_cards/robotics-embodiment-and-world-models.md,contribution_summary ; novelty_judgment ; method_summary ; evidence_strength ; baselines_checked ; limitations ; claim_implications ; taxonomy_correction ; final_report_use ; artifact_status_checked ; reproducibility_notes,claim contribution; novelty delta; method mechanism; baselines; datasets; metrics; ablations or negative cases; limitations; taxonomy fit; claim implication; artifact status,yes
62813,sprint_02,12,Vision-Language-Action Pretraining from Large-Scale Human Videos,"Robotics, Embodiment, and World Models",Vision-language-action models and robotic manipulation,C04,public_attention_calibration,https://icml.cc/virtual/2026/poster/62813,https://openreview.net/forum?id=d2TFven78P,https://www.alphaxiv.org/abs/2507.15597,2507.15597,https://arxiv.org/abs/2507.15597,https://arxiv.org/pdf/2507.15597,https://github.com/BeingBeyond/Being-H0,paper_pdf_artifact,none,reports/review_reading_briefs/62813-vision-language-action-pretraining-from-large-scale-human-videos.md,data/manual/icml2026_review_sprint_02_paper_notes.csv,reports/review_reading_briefs/62813-vision-language-action-pretraining-from-large-scale-human-videos.md ; reports/claim_validation_packets/c04-public-attention-mismatch.md ; reports/claim_evidence_dossiers/c04-public-attention-mismatch.md ; reports/area_briefing_cards/robotics-embodiment-and-world-models.md,contribution_summary ; novelty_judgment ; method_summary ; evidence_strength ; baselines_checked ; limitations ; claim_implications ; taxonomy_correction ; final_report_use ; artifact_status_checked ; reproducibility_notes,claim contribution; novelty delta; method mechanism; baselines; datasets; metrics; ablations or negative cases; limitations; taxonomy fit; claim implication; artifact status,yes
63621,sprint_02,13,From Pixels to Tokens: A Systematic Study of Latent Action Supervision for Vision-Language-Action Models,"Robotics, Embodiment, and World Models",Vision-language-action models and robotic manipulation,C04,public_attention_calibration,https://icml.cc/virtual/2026/poster/63621,https://openreview.net/forum?id=VMsumctGvg,https://www.alphaxiv.org/abs/2605.04678,2605.04678,https://arxiv.org/abs/2605.04678,https://arxiv.org/pdf/2605.04678,https://github.com/RUCKBReasoning/From_Pixels_to_Tokens,paper_pdf_artifact,none,reports/review_reading_briefs/63621-from-pixels-to-tokens-a-systematic-study-of-latent-action-supervision-.md,data/manual/icml2026_review_sprint_02_paper_notes.csv,reports/review_reading_briefs/63621-from-pixels-to-tokens-a-systematic-study-of-latent-action-supervision-.md ; reports/claim_validation_packets/c04-public-attention-mismatch.md ; reports/claim_evidence_dossiers/c04-public-attention-mismatch.md ; reports/area_briefing_cards/robotics-embodiment-and-world-models.md,contribution_summary ; novelty_judgment ; method_summary ; evidence_strength ; baselines_checked ; limitations ; claim_implications ; taxonomy_correction ; final_report_use ; artifact_status_checked ; reproducibility_notes,claim contribution; novelty delta; method mechanism; baselines; datasets; metrics; ablations or negative cases; limitations; taxonomy fit; claim implication; artifact status,yes
65933,sprint_02,14,RoboMME: Benchmarking and Understanding Memory for Robotic Generalist Policies,"Robotics, Embodiment, and World Models",Vision-language-action models and robotic manipulation,C04,public_attention_calibration,https://icml.cc/virtual/2026/poster/65933,https://openreview.net/forum?id=8m30ogkPk2,https://www.alphaxiv.org/abs/2603.04639,2603.04639,https://arxiv.org/abs/2603.04639,https://arxiv.org/pdf/2603.04639,https://github.com/sled-group/navchat,paper_pdf_artifact,none,reports/review_reading_briefs/65933-robomme-benchmarking-and-understanding-memory-for-robotic-generalist-p.md,data/manual/icml2026_review_sprint_02_paper_notes.csv,reports/review_reading_briefs/65933-robomme-benchmarking-and-understanding-memory-for-robotic-generalist-p.md ; reports/claim_validation_packets/c04-public-attention-mismatch.md ; reports/claim_evidence_dossiers/c04-public-attention-mismatch.md ; reports/area_briefing_cards/robotics-embodiment-and-world-models.md,contribution_summary ; novelty_judgment ; method_summary ; evidence_strength ; baselines_checked ; limitations ; claim_implications ; taxonomy_correction ; final_report_use ; artifact_status_checked ; reproducibility_notes,claim contribution; novelty delta; method mechanism; baselines; datasets; metrics; ablations or negative cases; limitations; taxonomy fit; claim implication; artifact status,yes
64826,sprint_02,15,XR-1: Towards Versatile Vision-Language-Action Models via Learning Unified Vision-Motion Representations,"Robotics, Embodiment, and World Models",Vision-language-action models and robotic manipulation,C04,public_attention_calibration,https://icml.cc/virtual/2026/poster/64826,https://openreview.net/forum?id=JO0IsGJg16,https://www.alphaxiv.org/abs/2511.02776,2511.02776,https://arxiv.org/abs/2511.02776,https://arxiv.org/pdf/2511.02776,,paper_pdf,none,reports/review_reading_briefs/64826-xr-1-towards-versatile-vision-language-action-models-via-learning-unif.md,data/manual/icml2026_review_sprint_02_paper_notes.csv,reports/review_reading_briefs/64826-xr-1-towards-versatile-vision-language-action-models-via-learning-unif.md ; reports/claim_validation_packets/c04-public-attention-mismatch.md ; reports/claim_evidence_dossiers/c04-public-attention-mismatch.md ; reports/area_briefing_cards/robotics-embodiment-and-world-models.md,contribution_summary ; novelty_judgment ; method_summary ; evidence_strength ; baselines_checked ; limitations ; claim_implications ; taxonomy_correction ; final_report_use,claim contribution; novelty delta; method mechanism; baselines; datasets; metrics; ablations or negative cases; limitations; taxonomy fit; claim implication; artifact status,no
65056,sprint_02,16,Learning Latent Action World Models In The Wild,"Robotics, Embodiment, and World Models",Vision-language-action models and robotic manipulation,C04,public_attention_calibration,https://icml.cc/virtual/2026/poster/65056,https://openreview.net/forum?id=HDf5semiaB,https://www.alphaxiv.org/abs/2601.05230,2601.05230,https://arxiv.org/abs/2601.05230,https://arxiv.org/pdf/2601.05230,,paper_pdf,none,reports/review_reading_briefs/65056-learning-latent-action-world-models-in-the-wild.md,data/manual/icml2026_review_sprint_02_paper_notes.csv,reports/review_reading_briefs/65056-learning-latent-action-world-models-in-the-wild.md ; reports/claim_validation_packets/c04-public-attention-mismatch.md ; reports/claim_evidence_dossiers/c04-public-attention-mismatch.md ; reports/area_briefing_cards/robotics-embodiment-and-world-models.md,contribution_summary ; novelty_judgment ; method_summary ; evidence_strength ; baselines_checked ; limitations ; claim_implications ; taxonomy_correction ; final_report_use,claim contribution; novelty delta; method mechanism; baselines; datasets; metrics; ablations or negative cases; limitations; taxonomy fit; claim implication; artifact status,no
