sprint_rank,event_id,title,review_phase,area,subarea,claim_ids,why_first,claim_overlay_keys,area_overlay_keys,claim_fields_to_fill,area_fields_to_fill,review_focus,claim_packet_links,claim_dossier_links,area_packet_link,area_briefing_link,signals,method_families,evaluation_settings,abstract_excerpt,icml_url,alphaxiv_url,github_url
1,62989,How much can language models memorize?,main_thesis_claims,"LLM Reasoning, Post-Training, and RLVR",Diffusion language models and decoding,C01; C08,in claim-validation queue; supports priority claim(s) C01; in area-validation queue; priority report area; award paper; oral/program signal; taxonomy boundary needs review; artifact-visible; high AlphaXiv attention,C01::62989 | C08::62989,"LLM Reasoning, Post-Training, and RLVR::62989",manual_claim_support; manual_taxonomy_judgment; manual_artifact_judgment; manual_notes,manual_validated; manual_primary_contribution_type; manual_method_family; manual_artifact_status; manual_fault_line_relevance; manual_notes,Check whether this is genuinely LLM reasoning/post-training or a broader LLM/system/safety paper. | Decide whether this cluster should remain in the assigned area/subarea or be relabeled.,reports/claim_validation_packets/c01-llm-reasoning-center-of-gravity.md; reports/claim_validation_packets/c08-validation-priority.md,reports/claim_evidence_dossiers/c01-llm-reasoning-center-of-gravity.md; reports/claim_evidence_dossiers/c08-validation-priority.md,reports/validation_packets/llm-reasoning-post-training-and-rlvr.md,reports/area_briefing_cards/llm-reasoning-post-training-and-rlvr.md,oral; Outstanding Paper Honorable Mention; votes=271; github_stars=2; taxonomy_review; evidence=medium,Transformer / attention,language/llm,"We propose a new method for estimating how much a model knows about a datapoint and use it to measure the capacity of modern language models. Prior studies of language model memorization have struggled to disentangle memorization from generalization. We formally separate memorization into two components: unintended memorization, the information a model contains about a specific dataset, and generalization, the information a model contains about the true data-generation process. When we completely eliminate generalization, we can compute the total memorization, which provides an estimate of model capacity: our measurements estimate that GPT-style models have a capacity of approximately...",https://icml.cc/virtual/2026/poster/62989,https://www.alphaxiv.org/abs/2505.24832,https://github.com/SimonCao1207/LLM-Capacity
2,66206,To Grok Grokking: Provable Grokking in Ridge Regression,main_thesis_claims,"Theory, Optimization, and Algorithms",Statistical learning theory and regression,C03; C08,in claim-validation queue; supports priority claim(s) C03; in area-validation queue; priority report area; award paper; oral/program signal; taxonomy boundary needs review; low-confidence evidence code,C03::66206 | C08::66206,"Theory, Optimization, and Algorithms::66206",manual_claim_support; manual_taxonomy_judgment; manual_artifact_judgment; manual_notes,manual_validated; manual_primary_contribution_type; manual_method_family; manual_artifact_status; manual_fault_line_relevance; manual_notes,Identify the technical reason for high program signal and whether public attention misses it. | Use high-signal papers to stress-test taxonomy boundaries.,reports/claim_validation_packets/c03-program-committee-attention.md; reports/claim_validation_packets/c08-validation-priority.md,reports/claim_evidence_dossiers/c03-program-committee-attention.md; reports/claim_evidence_dossiers/c08-validation-priority.md,reports/validation_packets/theory-optimization-and-algorithms.md,reports/area_briefing_cards/theory-optimization-and-algorithms.md,oral; Outstanding Paper Honorable Mention; votes=7; taxonomy_review; evidence=low,,theory/synthetic,"We study *grokking* - the onset of generalization long after overfitting - in a classical ridge regression setting. We prove end-to-end grokking results for learning over-parameterized linear regression models using gradient descent with weight decay. Specifically, we prove that the following stages occur: (i) the model overfits the training data early during training; (ii) poor generalization persists long after overfitting has manifested; and (iii) the generalization error eventually becomes arbitrarily small. Moreover, we show, both theoretically and empirically, that grokking can be amplified or eliminated in a principled manner through proper hyperparameter tuning. To the best of...",https://icml.cc/virtual/2026/poster/66206,https://www.alphaxiv.org/abs/2601.19791,
3,61998,The Flexibility Trap: Rethinking the Value of Arbitrary Order in Diffusion Language Models,main_thesis_claims,"LLM Reasoning, Post-Training, and RLVR",Reasoning models and chain-of-thought behavior,C01; C08,in claim-validation queue; supports priority claim(s) C01; in area-validation queue; priority report area; award paper; oral/program signal; taxonomy boundary needs review; artifact-visible; moderate AlphaXiv attention,C01::61998 | C08::61998,"LLM Reasoning, Post-Training, and RLVR::61998",manual_claim_support; manual_taxonomy_judgment; manual_artifact_judgment; manual_notes,manual_validated; manual_primary_contribution_type; manual_method_family; manual_artifact_status; manual_fault_line_relevance; manual_notes,Check whether this is genuinely LLM reasoning/post-training or a broader LLM/system/safety paper. | Use high-signal papers to stress-test taxonomy boundaries.,reports/claim_validation_packets/c01-llm-reasoning-center-of-gravity.md; reports/claim_validation_packets/c08-validation-priority.md,reports/claim_evidence_dossiers/c01-llm-reasoning-center-of-gravity.md; reports/claim_evidence_dossiers/c08-validation-priority.md,reports/validation_packets/llm-reasoning-post-training-and-rlvr.md,reports/area_briefing_cards/llm-reasoning-post-training-and-rlvr.md,oral; Outstanding Paper Award; votes=92; github_stars=212; taxonomy_review; evidence=medium,RL / policy optimization; Reasoning / test-time compute; Diffusion / flow,language/llm,"Diffusion Large Language Models (dLLMs) break the rigid left-to-right constraint of traditional LLMs, enabling token generation in arbitrary orders. Intuitively, this flexibility implies a solution space that strictly supersets the fixed autoregressive trajectory, theoretically unlocking superior reasoning potential. Indeed, for specific constraint satisfaction tasks (e.g., sudoku puzzles), this capability has proven to be highly advantageous. However, in this paper, we reveal that for general reasoning tasks (e.g., mathematics and coding), arbitrary order generation may in fact limit the reasoning potential of dLLMs. We find that dLLMs tend to exploit this order flexibility to bypass...",https://icml.cc/virtual/2026/poster/61998,https://www.alphaxiv.org/abs/2601.15165,https://github.com/LeapLabTHU/JustGRPO
4,65901,Neural Thickets: Diverse Task Experts Are Dense Around Pretrained Weights,main_thesis_claims,Systems and Efficient Foundation Models,"Large-scale training, optimizers, and model architecture",C02; C06,in claim-validation queue; supports priority claim(s) C02; in area-validation queue; priority report area; taxonomy boundary needs review; low-confidence evidence code; artifact-visible; high AlphaXiv attention; public attention without program signal,C02::65901 | C06::65901,Systems and Efficient Foundation Models::65901,manual_claim_support; manual_taxonomy_judgment; manual_artifact_judgment; manual_notes,manual_validated; manual_primary_contribution_type; manual_method_family; manual_artifact_status; manual_fault_line_relevance; manual_notes,Check whether public signal reflects core infrastructure/agent workloads or broad LLM spillover. | Check whether broad arXiv-growth terms correspond to the paper's actual contribution.,reports/claim_validation_packets/c02-infrastructure-and-agentic-workloads.md; reports/claim_validation_packets/c06-external-trend-context.md,reports/claim_evidence_dossiers/c02-infrastructure-and-agentic-workloads.md; reports/claim_evidence_dossiers/c06-external-trend-context.md,reports/validation_packets/systems-and-efficient-foundation-models.md,reports/area_briefing_cards/systems-and-efficient-foundation-models.md,votes=365; github_stars=627; taxonomy_review; evidence=low,RL / policy optimization; LLM post-training,,"Pretraining produces a learned parameter vector that is typically treated as a starting point for further iterative adaptation. In this work, we instead view the outcome of pretraining as a distribution over parameter vectors, whose support already contains task-specific experts. We show that in smaller or insufficiently trained models such expert solutions occupy a negligible fraction of the volume of this distribution, making their discovery reliant on structured optimization methods such as gradient descent. In contrast, in large, well-pretrained models the density of task-experts increases dramatically, so that diverse specialists populate a substantial fraction of the neighborhood...",https://icml.cc/virtual/2026/poster/65901,https://www.alphaxiv.org/abs/2603.12228,https://github.com/sunrainyg/RandOpt
5,65332,Maximum Likelihood Reinforcement Learning,main_thesis_claims,"LLM Reasoning, Post-Training, and RLVR","Reward modeling, preference feedback, and RL post-training",C01; C08,in claim-validation queue; supports priority claim(s) C01; in area-validation queue; priority report area; oral/program signal; taxonomy boundary needs review; artifact-visible; high AlphaXiv attention,C01::65332 | C08::65332,"LLM Reasoning, Post-Training, and RLVR::65332",manual_claim_support; manual_taxonomy_judgment; manual_artifact_judgment; manual_notes,manual_validated; manual_primary_contribution_type; manual_method_family; manual_artifact_status; manual_fault_line_relevance; manual_notes,Check whether this is genuinely LLM reasoning/post-training or a broader LLM/system/safety paper. | Use high-signal papers to stress-test taxonomy boundaries.,reports/claim_validation_packets/c01-llm-reasoning-center-of-gravity.md; reports/claim_validation_packets/c08-validation-priority.md,reports/claim_evidence_dossiers/c01-llm-reasoning-center-of-gravity.md; reports/claim_evidence_dossiers/c08-validation-priority.md,reports/validation_packets/llm-reasoning-post-training-and-rlvr.md,reports/area_briefing_cards/llm-reasoning-post-training-and-rlvr.md,oral; votes=259; github_stars=194; taxonomy_review; evidence=medium,RL / policy optimization; Diffusion / flow,language/llm,"Maximum likelihood is fundamental to supervised learning but it cannot be directly applied in correctness-based problems with non-differentiable sampling. In these settings, reinforcement learning (RL) is typically used to maximize expected reward. We show that for binary correctness tasks, expected-reward RL is a first-order approximation of the maximum likelihood objective, yielding vanishing learning signal on low-success inputs. We introduce **Maximum Likelihood Reinforcement Learning (MaxRL)**, a compute-indexed family of sampling-based objectives derived from a pass@k expansion of the likelihood, which interpolates between standard RL and exact maximum likelihood as compute...",https://icml.cc/virtual/2026/poster/65332,https://www.alphaxiv.org/abs/2602.02710,https://github.com/tajwarfahim/maxrl
6,65206,PaperBanana: Automating Academic Illustration for AI Scientists,main_thesis_claims,"Agents, Code, and Tool Use","Agent evaluation, tool use, and agentic workflows",C02; C07,"in claim-validation queue; supports priority claim(s) C02, C07; in area-validation queue; priority report area; artifact-visible; high AlphaXiv attention; public attention without program signal",C02::65206 | C07::65206,"Agents, Code, and Tool Use::65206",manual_claim_support; manual_taxonomy_judgment; manual_artifact_judgment; manual_notes,manual_validated; manual_primary_contribution_type; manual_method_family; manual_artifact_status; manual_fault_line_relevance; manual_notes,"Check whether public signal reflects core infrastructure/agent workloads or broad LLM spillover. | Check artifact type, license/readme quality, and whether reproduction assets are present.",reports/claim_validation_packets/c02-infrastructure-and-agentic-workloads.md; reports/claim_validation_packets/c07-artifact-visibility.md,reports/claim_evidence_dossiers/c02-infrastructure-and-agentic-workloads.md; reports/claim_evidence_dossiers/c07-artifact-visibility.md,reports/validation_packets/agents-code-and-tool-use.md,reports/area_briefing_cards/agents-code-and-tool-use.md,votes=420; github_stars=6765; evidence=medium,Agents / tool use,vision/video; language/llm,"Despite rapid advances in autonomous AI scientists powered by language models, generating publication-ready illustrations remains a labor-intensive bottleneck in the research workflow. To lift this burden, we introduce PaperBanana, an agentic framework for automated generation of publication-ready academic illustrations. Powered by state-of-the-art VLMs and image generation models, PaperBanana orchestrates specialized agents to retrieve references, plan content and style, render images, and iteratively refine via self-critique. To rigorously evaluate our framework, we introduce PaperBananaBench, comprising 292 test cases for methodology diagrams curated from NeurIPS 2025 publications,...",https://icml.cc/virtual/2026/poster/65206,https://www.alphaxiv.org/abs/2601.23265,https://github.com/dwzhu-pku/PaperBanana
7,60766,The Obfuscation Atlas: Mapping Where Honesty Emerges in RLVR with Deception Probes,main_thesis_claims,"Safety, Governance, Privacy, and Society","Adversarial safety, attacks, and security",C03,in claim-validation queue; supports priority claim(s) C03; in area-validation queue; priority report area; award paper; oral/program signal; artifact-visible,C03::60766,"Safety, Governance, Privacy, and Society::60766",manual_claim_support; manual_taxonomy_judgment; manual_artifact_judgment; manual_notes,manual_validated; manual_primary_contribution_type; manual_method_family; manual_artifact_status; manual_fault_line_relevance; manual_notes,Identify the technical reason for high program signal and whether public attention misses it.,reports/claim_validation_packets/c03-program-committee-attention.md,reports/claim_evidence_dossiers/c03-program-committee-attention.md,reports/validation_packets/safety-governance-privacy-and-society.md,reports/area_briefing_cards/safety-governance-privacy-and-society.md,oral; Outstanding Paper Honorable Mention; votes=14; github_stars=13; evidence=medium,RL / policy optimization; LLM post-training,language/llm,"Training against white-box deception detectors has been proposed as a way to make AI systems honest. However, such training risks models learning to obfuscate their deception to evade the detector. Prior work has studied obfuscation only in artificial settings where models were directly rewarded for harmful output. We construct a realistic coding environment where reward hacking via hardcoding test cases naturally occurs, and show that obfuscation emerges in this setting. We introduce a taxonomy of possible outcomes when training against a deception detector. The model either remains honest, or becomes deceptive via two possible obfuscation strategies. (i) *Obfuscated activations*: the...",https://icml.cc/virtual/2026/poster/60766,https://www.alphaxiv.org/abs/2602.15515,https://github.com/AlignmentResearch/obfuscation-atlas
8,67084,Position: AI/ML Deepfake Research is Misaligned with AI Generated Non-Consensual Intimate Imagery (AIG-NCII),main_thesis_claims,"Safety, Governance, Privacy, and Society","Position papers, policy, and social impacts",C03,in claim-validation queue; supports priority claim(s) C03; in area-validation queue; priority report area; award paper; oral/program signal,C03::67084,"Safety, Governance, Privacy, and Society::67084",manual_claim_support; manual_taxonomy_judgment; manual_artifact_judgment; manual_notes,manual_validated; manual_primary_contribution_type; manual_method_family; manual_artifact_status; manual_fault_line_relevance; manual_notes,Identify the technical reason for high program signal and whether public attention misses it.,reports/claim_validation_packets/c03-program-committee-attention.md,reports/claim_evidence_dossiers/c03-program-committee-attention.md,reports/validation_packets/safety-governance-privacy-and-society.md,reports/area_briefing_cards/safety-governance-privacy-and-society.md,oral; Outstanding Position Paper Honorable Mention; votes=0; evidence=medium,Agents / tool use,vision/video; security/safety; theory/synthetic,"AI-generated non-consensual intimate imagery (AIG-NCII) is not adequately addressed in AI/ML literature regarding AI-generated media, commonly referred to as ""deepfakes"". While research on deepfakes currently focuses on its epistemic harms—or harms relating to truth and authenticity—this is misaligned with the dominant reality of generative AI abuse involving sexualized imagery. We conduct a landscape analysis of highly-cited works to demonstrate that technical interventions addressing deepfakes almost entirely ignore AIG-NCII, limiting the research ecosystem to authenticity detection tools. In this position paper, we argue that existing interventions address viewer-centric epistemic...",https://icml.cc/virtual/2026/poster/67084,,
9,67118,Position: The Alignment Community is Unintentionally Building a Censor’s Toolkit,main_thesis_claims,"Safety, Governance, Privacy, and Society","Position papers, policy, and social impacts",C03,in claim-validation queue; supports priority claim(s) C03; in area-validation queue; priority report area; award paper; oral/program signal,C03::67118,"Safety, Governance, Privacy, and Society::67118",manual_claim_support; manual_taxonomy_judgment; manual_artifact_judgment; manual_notes,manual_validated; manual_primary_contribution_type; manual_method_family; manual_artifact_status; manual_fault_line_relevance; manual_notes,Identify the technical reason for high program signal and whether public attention misses it.,reports/claim_validation_packets/c03-program-committee-attention.md,reports/claim_evidence_dossiers/c03-program-committee-attention.md,reports/validation_packets/safety-governance-privacy-and-society.md,reports/area_briefing_cards/safety-governance-privacy-and-society.md,oral; Outstanding Position Paper Award; votes=0; evidence=medium,LLM post-training; Agents / tool use,robotics/embodied; security/safety,"This position paper argues that modern alignment methods – originally designed to prevent harmful output – are dual-use technologies that may easily be misused by malicious actors for censorship and manipulation. By mapping current alignment techniques to the possibility and actual cases of misuse, we show that the quest for a ''perfectly aligned'' model inadvertently also provides malicious actors with an ever-improving tool for informational dominance. We need to discuss this dual-use potential *now*, as its risk is exacerbated by rapid user adoption of AI as information provider and a political landscape that increasingly shifts towards authoritarianism. We conclude by urging the...",https://icml.cc/virtual/2026/poster/67118,,
10,65886,Reinforcement Learning with Evolving Rubrics for Deep Research,main_thesis_claims,"LLM Reasoning, Post-Training, and RLVR","Reward modeling, preference feedback, and RL post-training",C01; C08,in claim-validation queue; supports priority claim(s) C01; in area-validation queue; priority report area; oral/program signal; taxonomy boundary needs review; artifact-visible; moderate AlphaXiv attention,C01::65886 | C08::65886,"LLM Reasoning, Post-Training, and RLVR::65886",manual_claim_support; manual_taxonomy_judgment; manual_artifact_judgment; manual_notes,manual_validated; manual_primary_contribution_type; manual_method_family; manual_artifact_status; manual_fault_line_relevance; manual_notes,Check whether this is genuinely LLM reasoning/post-training or a broader LLM/system/safety paper. | Use high-signal papers to stress-test taxonomy boundaries.,reports/claim_validation_packets/c01-llm-reasoning-center-of-gravity.md; reports/claim_validation_packets/c08-validation-priority.md,reports/claim_evidence_dossiers/c01-llm-reasoning-center-of-gravity.md; reports/claim_evidence_dossiers/c08-validation-priority.md,reports/validation_packets/llm-reasoning-post-training-and-rlvr.md,reports/area_briefing_cards/llm-reasoning-post-training-and-rlvr.md,oral; votes=201; github_stars=682; taxonomy_review; evidence=medium,RL / policy optimization; Reasoning / test-time compute; Agents / tool use,math/code/verifiable; language/llm,"Deep research agents perform multi-step research to produce long-form, well-attributed answers. However, most open deep research agents are trained on easily verifiable short-form QA tasks via reinforcement learning with verifiable rewards, which does not extend to realistic long-form tasks. We address this with **Reinforcement Learning with Evolving Rubrics (RLER)**, where rubrics are constructed and maintained to *co-evolve* with the policy model during training. This allows the rubrics to incorporate newly explored information from search and contrasting model responses, enabling better fact checking and more discriminative on-policy feedback. Using RLER, we develop **Deep Research...",https://icml.cc/virtual/2026/poster/65886,https://www.alphaxiv.org/abs/2511.19399,https://github.com/rlresearch/dr-tulu
11,66212,Controlled LLM Training on Spectral Sphere,main_thesis_claims,Systems and Efficient Foundation Models,"Large-scale training, optimizers, and model architecture",C02; C08,in claim-validation queue; supports priority claim(s) C02; in area-validation queue; priority report area; oral/program signal; taxonomy boundary needs review; artifact-visible; moderate AlphaXiv attention,C02::66212 | C08::66212,Systems and Efficient Foundation Models::66212,manual_claim_support; manual_taxonomy_judgment; manual_artifact_judgment; manual_notes,manual_validated; manual_primary_contribution_type; manual_method_family; manual_artifact_status; manual_fault_line_relevance; manual_notes,Check whether program-selected papers substantiate systems/agents emphasis. | Use high-signal papers to stress-test taxonomy boundaries.,reports/claim_validation_packets/c02-infrastructure-and-agentic-workloads.md; reports/claim_validation_packets/c08-validation-priority.md,reports/claim_evidence_dossiers/c02-infrastructure-and-agentic-workloads.md; reports/claim_evidence_dossiers/c08-validation-priority.md,reports/validation_packets/systems-and-efficient-foundation-models.md,reports/area_briefing_cards/systems-and-efficient-foundation-models.md,oral; votes=115; github_stars=130; taxonomy_review; evidence=medium,Compression / efficiency,robotics/embodied; language/llm; theory/synthetic,"Scaling large models requires optimization strategies that ensure rapid convergence grounded in stability. Maximal Update Parametrization ($\boldsymbol{\mu}$P) provides a theoretical safeguard for width-invariant $\Theta(1)$ activation control, whereas emerging optimizers like Muon are only ""half-aligned"" with these constraints: they control updates but allow weights to drift. To address this limitation, we introduce the **Spectral Sphere Optimizer (SSO)**, which enforces strict module-wise spectral constraints on both weights and their updates. By deriving the steepest descent direction on the spectral sphere, SSO realizes a fully $\boldsymbol{\mu}$P-aligned optimization process. To...",https://icml.cc/virtual/2026/poster/66212,https://www.alphaxiv.org/abs/2601.08393,https://github.com/Unakar/Spectral-Sphere-Optimizer
12,64121,Reinforcement Learning via Self-Distillation,main_thesis_claims,"LLM Reasoning, Post-Training, and RLVR","Reward modeling, preference feedback, and RL post-training",C01; C06; C08,in claim-validation queue; supports priority claim(s) C01; in area-validation queue; priority report area; taxonomy boundary needs review; artifact-visible; high AlphaXiv attention; public attention without program signal,C01::64121 | C06::64121 | C08::64121,"LLM Reasoning, Post-Training, and RLVR::64121",manual_claim_support; manual_taxonomy_judgment; manual_artifact_judgment; manual_notes,manual_validated; manual_primary_contribution_type; manual_method_family; manual_artifact_status; manual_fault_line_relevance; manual_notes,Check whether high attention supports the center-of-gravity claim. | Check whether broad arXiv-growth terms correspond to the paper's actual contribution. | Decide whether this cluster should remain in the assigned area/subarea or be relabeled.,reports/claim_validation_packets/c01-llm-reasoning-center-of-gravity.md; reports/claim_validation_packets/c06-external-trend-context.md; reports/claim_validation_packets/c08-validation-priority.md,reports/claim_evidence_dossiers/c01-llm-reasoning-center-of-gravity.md; reports/claim_evidence_dossiers/c06-external-trend-context.md; reports/claim_evidence_dossiers/c08-validation-priority.md,reports/validation_packets/llm-reasoning-post-training-and-rlvr.md,reports/area_briefing_cards/llm-reasoning-post-training-and-rlvr.md,votes=718; github_stars=1008; taxonomy_review; evidence=medium,RL / policy optimization; LLM post-training; Reasoning / test-time compute; Agents / tool use; Diffusion / flow,math/code/verifiable; language/llm,"Large language models are increasingly post-trained with reinforcement learning in verifiable domains such as code and math. Yet, current methods for reinforcement learning with verifiable rewards (RLVR) learn only from a scalar outcome reward per attempt, creating a severe credit-assignment bottleneck. Many verifiable environments actually provide rich textual feedback, such as runtime errors or judge evaluations, that explain *why* an attempt failed. We formalize this setting as reinforcement learning with rich feedback and introduce **Self-Distillation Policy Optimization** (**SDPO**), which converts tokenized feedback into a dense learning signal without any external teacher or...",https://icml.cc/virtual/2026/poster/64121,https://www.alphaxiv.org/abs/2601.20802,https://github.com/lasgroup/SDPO
13,65446,Activation Oracles: Training and Evaluating LLMs as General-Purpose Activation Explainers,main_thesis_claims,"LLM Reasoning, Post-Training, and RLVR","General LLM training, evaluation, and alignment",C01,in claim-validation queue; supports priority claim(s) C01; in area-validation queue; priority report area; oral/program signal; taxonomy boundary needs review; moderate AlphaXiv attention,C01::65446,"LLM Reasoning, Post-Training, and RLVR::65446",manual_claim_support; manual_taxonomy_judgment; manual_artifact_judgment; manual_notes,manual_validated; manual_primary_contribution_type; manual_method_family; manual_artifact_status; manual_fault_line_relevance; manual_notes,Check whether this is genuinely LLM reasoning/post-training or a broader LLM/system/safety paper.,reports/claim_validation_packets/c01-llm-reasoning-center-of-gravity.md,reports/claim_evidence_dossiers/c01-llm-reasoning-center-of-gravity.md,reports/validation_packets/llm-reasoning-post-training-and-rlvr.md,reports/area_briefing_cards/llm-reasoning-post-training-and-rlvr.md,oral; votes=75; taxonomy_review; evidence=medium,LLM post-training,language/llm,"Large language model (LLM) activations are notoriously difficult to understand, with most existing techniques using complex, specialized methods for interpreting them. Recent work has proposed a simpler approach known as LatentQA: training LLMs to directly accept LLM activations as inputs and answer arbitrary questions about them in natural language. However, prior work has focused on narrow task settings for both training and evaluation. In this paper, we instead take a generalist perspective. We evaluate LatentQA-trained models, which we call Activation Oracles (AOs), in far out-of-distribution settings and examine how performance scales with training data diversity. We find that AOs...",https://icml.cc/virtual/2026/poster/65446,https://www.alphaxiv.org/abs/2512.15674,
14,63333,GDPO: Group reward-Decoupled Normalization Policy Optimization for Multi-reward RL Optimization,main_thesis_claims,"LLM Reasoning, Post-Training, and RLVR","Reward modeling, preference feedback, and RL post-training",C01; C06,in claim-validation queue; supports priority claim(s) C01; in area-validation queue; priority report area; taxonomy boundary needs review; artifact-visible; high AlphaXiv attention; public attention without program signal,C01::63333 | C06::63333,"LLM Reasoning, Post-Training, and RLVR::63333",manual_claim_support; manual_taxonomy_judgment; manual_artifact_judgment; manual_notes,manual_validated; manual_primary_contribution_type; manual_method_family; manual_artifact_status; manual_fault_line_relevance; manual_notes,Check whether high attention supports the center-of-gravity claim. | Check whether broad arXiv-growth terms correspond to the paper's actual contribution.,reports/claim_validation_packets/c01-llm-reasoning-center-of-gravity.md; reports/claim_validation_packets/c06-external-trend-context.md,reports/claim_evidence_dossiers/c01-llm-reasoning-center-of-gravity.md; reports/claim_evidence_dossiers/c06-external-trend-context.md,reports/validation_packets/llm-reasoning-post-training-and-rlvr.md,reports/area_briefing_cards/llm-reasoning-post-training-and-rlvr.md,votes=507; github_stars=489; taxonomy_review; evidence=medium,RL / policy optimization; LLM post-training; Reasoning / test-time compute; Agents / tool use,math/code/verifiable; language/llm,"As language models become increasingly capable, users expect them to provide not only accurate responses but also behaviors aligned with diverse human preferences across a variety of scenarios. To achieve this, Reinforcement learning (RL) pipelines have begun incorporating multiple rewards, each capturing a distinct preference, to guide models toward these desired behaviors. However, recent work has defaulted to apply Group Relative Policy Optimization (GRPO) under multi-reward setting without examining its suitability. In this paper, we demonstrate that directly applying GRPO to normalize distinct rollout reward combinations causes them to collapse into identical advantage values,...",https://icml.cc/virtual/2026/poster/63333,https://www.alphaxiv.org/abs/2601.05242,https://github.com/NVlabs/GDPO
15,61870,mHC: Manifold-Constrained Hyper-Connections,main_thesis_claims,Systems and Efficient Foundation Models,"Large-scale training, optimizers, and model architecture",C02; C06; C08,in claim-validation queue; supports priority claim(s) C02; in area-validation queue; priority report area; taxonomy boundary needs review; artifact-visible; high AlphaXiv attention; public attention without program signal,C02::61870 | C06::61870 | C08::61870,Systems and Efficient Foundation Models::61870,manual_claim_support; manual_taxonomy_judgment; manual_artifact_judgment; manual_notes,manual_validated; manual_primary_contribution_type; manual_method_family; manual_artifact_status; manual_fault_line_relevance; manual_notes,Check whether public signal reflects core infrastructure/agent workloads or broad LLM spillover. | Check whether broad arXiv-growth terms correspond to the paper's actual contribution. | Decide whether this cluster should remain in the assigned area/subarea or be relabeled.,reports/claim_validation_packets/c02-infrastructure-and-agentic-workloads.md; reports/claim_validation_packets/c06-external-trend-context.md; reports/claim_validation_packets/c08-validation-priority.md,reports/claim_evidence_dossiers/c02-infrastructure-and-agentic-workloads.md; reports/claim_evidence_dossiers/c06-external-trend-context.md; reports/claim_evidence_dossiers/c08-validation-priority.md,reports/validation_packets/systems-and-efficient-foundation-models.md,reports/area_briefing_cards/systems-and-efficient-foundation-models.md,votes=696; github_stars=367; taxonomy_review; evidence=medium,Graphs / geometry,language/llm,"Recently, studies exemplified by Hyper-Connections (HC) have extended the ubiquitous residual connection paradigm established over the past decade by expanding the residual stream width and diversifying connectivity patterns. While yielding substantial performance gains, this diversification fundamentally compromises the identity mapping property intrinsic to the residual connection, which causes severe training instability and restricted scalability, and additionally incurs notable memory access overhead. To address these challenges, we propose Manifold-Constrained Hyper-Connections (mHC), a general framework that projects the residual connection space of HC onto a specific manifold to...",https://icml.cc/virtual/2026/poster/61870,https://www.alphaxiv.org/abs/2512.24880,https://github.com/tokenbender/mHC-manifold-constrained-hyper-connections
16,62943,Evolution Strategies at the Hyperscale,main_thesis_claims,Systems and Efficient Foundation Models,"Large-scale training, optimizers, and model architecture",C02; C06,in claim-validation queue; supports priority claim(s) C02; in area-validation queue; priority report area; taxonomy boundary needs review; artifact-visible; high AlphaXiv attention; public attention without program signal,C02::62943 | C06::62943,Systems and Efficient Foundation Models::62943,manual_claim_support; manual_taxonomy_judgment; manual_artifact_judgment; manual_notes,manual_validated; manual_primary_contribution_type; manual_method_family; manual_artifact_status; manual_fault_line_relevance; manual_notes,Check whether public signal reflects core infrastructure/agent workloads or broad LLM spillover. | Check whether broad arXiv-growth terms correspond to the paper's actual contribution.,reports/claim_validation_packets/c02-infrastructure-and-agentic-workloads.md; reports/claim_validation_packets/c06-external-trend-context.md,reports/claim_evidence_dossiers/c02-infrastructure-and-agentic-workloads.md; reports/claim_evidence_dossiers/c06-external-trend-context.md,reports/validation_packets/systems-and-efficient-foundation-models.md,reports/area_briefing_cards/systems-and-efficient-foundation-models.md,votes=405; github_stars=346; taxonomy_review; evidence=medium,RL / policy optimization; LLM post-training; Reasoning / test-time compute,language/llm; theory/synthetic,"Evolution Strategies (ES) is a class of powerful black-box optimisation methods that are highly parallelisable and can handle non-differentiable and noisy objectives. However, naïve ES becomes prohibitively expensive at scale on GPUs due to the low arithmetic intensity of batched matrix multiplications with unstructured random perturbations. We introduce Evolution Guided GeneRal Optimisation via Low-rank Learning (EGGROLL), which improves arithmetic intensity by structuring individual perturbations as rank-$r$ matrices, resulting in a hundredfold increase in training speed for billion-parameter models at large population sizes, achieving up to 91\% of the throughput of pure batch...",https://icml.cc/virtual/2026/poster/62943,https://www.alphaxiv.org/abs/2511.16652,https://github.com/ESHyperscale/HyperscaleES
17,65888,Learning to Discover at Test Time,main_thesis_claims,"Agents, Code, and Tool Use","Multi-agent search, planning, and coordination",C02; C08,in claim-validation queue; supports priority claim(s) C02; in area-validation queue; priority report area; taxonomy boundary needs review; artifact-visible; high AlphaXiv attention; public attention without program signal,C02::65888 | C08::65888,"Agents, Code, and Tool Use::65888",manual_claim_support; manual_taxonomy_judgment; manual_artifact_judgment; manual_notes,manual_validated; manual_primary_contribution_type; manual_method_family; manual_artifact_status; manual_fault_line_relevance; manual_notes,Check whether public signal reflects core infrastructure/agent workloads or broad LLM spillover. | Decide whether this cluster should remain in the assigned area/subarea or be relabeled.,reports/claim_validation_packets/c02-infrastructure-and-agentic-workloads.md; reports/claim_validation_packets/c08-validation-priority.md,reports/claim_evidence_dossiers/c02-infrastructure-and-agentic-workloads.md; reports/claim_evidence_dossiers/c08-validation-priority.md,reports/validation_packets/agents-code-and-tool-use.md,reports/area_briefing_cards/agents-code-and-tool-use.md,votes=529; github_stars=297; taxonomy_review; evidence=medium,RL / policy optimization; Reasoning / test-time compute; Agents / tool use; Diffusion / flow,math/code/verifiable; language/llm,"How can we use AI to discover a new state of the art for a scientific problem? Prior work in test-time scaling, such as AlphaEvolve, performs search by prompting a frozen LLM. We perform reinforcement learning at test time, so the LLM can continue to train, but now with experience specific to the test problem. This form of continual learning is quite special, because its goal is to produce one great solution rather than many good ones on average, and to solve this very problem rather than generalize to other problems. Therefore, our learning objective and search subroutine are designed to prioritize the most promising solutions. We call this method Test-Time Training to Discover...",https://icml.cc/virtual/2026/poster/65888,https://www.alphaxiv.org/abs/2601.16175,https://github.com/sayantann11/all-classification-templetes-for-ML
18,64488,Agent Learning via Early Experience,main_thesis_claims,"LLM Reasoning, Post-Training, and RLVR","Reward modeling, preference feedback, and RL post-training",C01; C06,in claim-validation queue; supports priority claim(s) C01; in area-validation queue; priority report area; taxonomy boundary needs review; artifact-visible; high AlphaXiv attention; public attention without program signal,C01::64488 | C06::64488,"LLM Reasoning, Post-Training, and RLVR::64488",manual_claim_support; manual_taxonomy_judgment; manual_artifact_judgment; manual_notes,manual_validated; manual_primary_contribution_type; manual_method_family; manual_artifact_status; manual_fault_line_relevance; manual_notes,Check whether high attention supports the center-of-gravity claim. | Check whether broad arXiv-growth terms correspond to the paper's actual contribution.,reports/claim_validation_packets/c01-llm-reasoning-center-of-gravity.md; reports/claim_validation_packets/c06-external-trend-context.md,reports/claim_evidence_dossiers/c01-llm-reasoning-center-of-gravity.md; reports/claim_evidence_dossiers/c06-external-trend-context.md,reports/validation_packets/llm-reasoning-post-training-and-rlvr.md,reports/area_briefing_cards/llm-reasoning-post-training-and-rlvr.md,votes=532; github_stars=148; taxonomy_review; evidence=medium,RL / policy optimization; LLM post-training; Reasoning / test-time compute; Agents / tool use,math/code/verifiable; language/llm,"A long-term goal of language agents is to learn and improve through their own experience, ultimately outperforming humans in complex, real-world tasks. However, training agents from experience data with reinforcement learning remains difficult in many environments, which either lack verifiable rewards (e.g., websites) or require inefficient long-horizon rollouts (e.g., multi-turn tool use). As a result, most current agents rely on supervised fine-tuning on expert data, which is challenging to scale and generalizes poorly. This limitation stems from the nature of expert demonstrations: they capture only a narrow range of scenarios, and expose the agent to limited environment diversity. We...",https://icml.cc/virtual/2026/poster/64488,https://www.alphaxiv.org/abs/2510.08558,https://github.com/jettbrains/-L-
19,64095,WeDLM: Reconciling Diffusion Language Models with Standard Causal Attention for Fast Inference,main_thesis_claims,"LLM Reasoning, Post-Training, and RLVR",Diffusion language models and decoding,C01,in claim-validation queue; supports priority claim(s) C01; in area-validation queue; priority report area; oral/program signal; taxonomy boundary needs review; artifact-visible,C01::64095,"LLM Reasoning, Post-Training, and RLVR::64095",manual_claim_support; manual_taxonomy_judgment; manual_artifact_judgment; manual_notes,manual_validated; manual_primary_contribution_type; manual_method_family; manual_artifact_status; manual_fault_line_relevance; manual_notes,Check whether this is genuinely LLM reasoning/post-training or a broader LLM/system/safety paper.,reports/claim_validation_packets/c01-llm-reasoning-center-of-gravity.md,reports/claim_evidence_dossiers/c01-llm-reasoning-center-of-gravity.md,reports/validation_packets/llm-reasoning-post-training-and-rlvr.md,reports/area_briefing_cards/llm-reasoning-post-training-and-rlvr.md,oral; votes=60; github_stars=644; taxonomy_review; evidence=medium,Reasoning / test-time compute; Diffusion / flow; Transformer / attention; Causal / data-centric,language/llm,"Autoregressive (AR) generation is the standard decoding paradigm for Large Language Models (LLMs), but its token-by-token nature limits parallelism at inference time. Diffusion Language Models (DLLMs) offer parallel decoding by recovering multiple masked tokens per step; however, in practice they often fail to translate this parallelism into speed gains over optimized AR engines (e.g., vLLM). A key reason is that many DLLMs rely on bidirectional attention, which breaks standard prefix KV caching. We propose WeDLM, a diffusion decoding framework built entirely on standard causal attention to make parallel generation prefix-cache friendly. The core idea is to let each masked position...",https://icml.cc/virtual/2026/poster/64095,https://www.alphaxiv.org/abs/2512.22737,https://github.com/Tencent/WeDLM
20,66596,From Abstraction to Instantiation: Learning Behavioral Representation for Vision-Language-Action Model,artifact_and_reproducibility,"Robotics, Embodiment, and World Models",Vision-language-action models and robotic manipulation,C07,in claim-validation queue; supports priority claim(s) C07; in area-validation queue; oral/program signal; GitHub artifact needs manual check; artifact-visible,C07::66596,"Robotics, Embodiment, and World Models::66596",manual_claim_support; manual_taxonomy_judgment; manual_artifact_judgment; manual_notes,manual_validated; manual_primary_contribution_type; manual_method_family; manual_artifact_status; manual_fault_line_relevance; manual_notes,Determine whether the GitHub link is a real paper artifact or a template/index/project page.,reports/claim_validation_packets/c07-artifact-visibility.md,reports/claim_evidence_dossiers/c07-artifact-visibility.md,reports/validation_packets/robotics-embodiment-and-world-models.md,reports/area_briefing_cards/robotics-embodiment-and-world-models.md,oral; votes=14; github_stars=5069; artifact_manual_check; evidence=medium,LLM post-training; Causal / data-centric,vision/video; robotics/embodied; language/llm,"Vision-Language-Action (VLA) models often suffer from performance degradation under distribution shifts, as they struggle to learn generalized behavior representations across varying environments. While existing approaches attempt to construct behavior representations through action-centric latent variables, they are often limited by short-horizon temporal fragmentation and static execution-alignment, leading to inconsistent behaviors in complex scenarios. To address these limitations, we propose \textbf{BehaviorVLA}, a framework that facilitates robust manipulation through the learning of a temporally coherent behavioral representations. Our approach features two symmetric components:...",https://icml.cc/virtual/2026/poster/66596,https://www.alphaxiv.org/abs/2605.22671,https://github.com/eliahuhorwitz/Academic-project-page-template
21,61180,Latent Collaboration in Multi-Agent Systems,main_thesis_claims,"LLM Reasoning, Post-Training, and RLVR",Reasoning models and chain-of-thought behavior,C01; C08,in claim-validation queue; supports priority claim(s) C01; in area-validation queue; priority report area; taxonomy boundary needs review; artifact-visible; high AlphaXiv attention,C01::61180 | C08::61180,"LLM Reasoning, Post-Training, and RLVR::61180",manual_claim_support; manual_taxonomy_judgment; manual_artifact_judgment; manual_notes,manual_validated; manual_primary_contribution_type; manual_method_family; manual_artifact_status; manual_fault_line_relevance; manual_notes,Check whether high attention supports the center-of-gravity claim. | Decide whether this cluster should remain in the assigned area/subarea or be relabeled.,reports/claim_validation_packets/c01-llm-reasoning-center-of-gravity.md; reports/claim_validation_packets/c08-validation-priority.md,reports/claim_evidence_dossiers/c01-llm-reasoning-center-of-gravity.md; reports/claim_evidence_dossiers/c08-validation-priority.md,reports/validation_packets/llm-reasoning-post-training-and-rlvr.md,reports/area_briefing_cards/llm-reasoning-post-training-and-rlvr.md,votes=402; github_stars=1048; taxonomy_review; evidence=medium,Reasoning / test-time compute; Agents / tool use,math/code/verifiable; language/llm; theory/synthetic,"Multi-agent systems (MAS) extend large language models (LLMs) from independent single-model reasoning to coordinative system-level intelligence. While existing LLM agents depend on text-based mediation for reasoning and communication, we take a step forward by enabling models to collaborate directly within the continuous latent space. We introduce LatentMAS, an end-to-end training-free framework that enables pure latent collaboration among LLM agents. In LatentMAS, each agent first performs auto-regressive latent thoughts generation through last-layer hidden embeddings instead of text. Then, a shared latent working memory preserves and transfers each agent's internal representations and...",https://icml.cc/virtual/2026/poster/61180,https://www.alphaxiv.org/abs/2511.20639,https://github.com/Gen-Verse/LatentMAS
22,63048,Equivalence of Context and Parameter Updates in Modern Transformer Blocks,main_thesis_claims,"Theory, Optimization, and Algorithms",Transformer theory and attention expressivity,C03,in claim-validation queue; supports priority claim(s) C03; in area-validation queue; priority report area; oral/program signal; taxonomy boundary needs review,C03::63048,"Theory, Optimization, and Algorithms::63048",manual_claim_support; manual_taxonomy_judgment; manual_artifact_judgment; manual_notes,manual_validated; manual_primary_contribution_type; manual_method_family; manual_artifact_status; manual_fault_line_relevance; manual_notes,Identify the technical reason for high program signal and whether public attention misses it.,reports/claim_validation_packets/c03-program-committee-attention.md,reports/claim_evidence_dossiers/c03-program-committee-attention.md,reports/validation_packets/theory-optimization-and-algorithms.md,reports/area_briefing_cards/theory-optimization-and-algorithms.md,oral; votes=24; taxonomy_review; evidence=medium,Transformer / attention,language/llm; theory/synthetic,"Recent research has established that the impact of context in a vanilla transformer can be represented implicitly by forming a token-dependent, rank-1 patch to its MLP weights. This work extends that foundational theory to the diverse architectures of modern Large Language Models. We first demonstrate a precise, analytical solution for a Gemma-style transformer block, proving that the entire effect of a context can be perfectly mapped to rank-1 patches on its MLP weight matrices and a patch to the RMSNorm scale. We then generalize this result, providing a constructive proof and algorithm for multi-layer models. To unify these findings, we introduce a general framework centered on two...",https://icml.cc/virtual/2026/poster/63048,https://www.alphaxiv.org/abs/2511.17864,
23,63638,Optimal Decision-Making Based on Prediction Sets,main_thesis_claims,"Theory, Optimization, and Algorithms",Statistical learning theory and regression,C03,in claim-validation queue; supports priority claim(s) C03; in area-validation queue; priority report area; oral/program signal; taxonomy boundary needs review; artifact-visible,C03::63638,"Theory, Optimization, and Algorithms::63638",manual_claim_support; manual_taxonomy_judgment; manual_artifact_judgment; manual_notes,manual_validated; manual_primary_contribution_type; manual_method_family; manual_artifact_status; manual_fault_line_relevance; manual_notes,Identify the technical reason for high program signal and whether public attention misses it.,reports/claim_validation_packets/c03-program-committee-attention.md,reports/claim_evidence_dossiers/c03-program-committee-attention.md,reports/validation_packets/theory-optimization-and-algorithms.md,reports/area_briefing_cards/theory-optimization-and-algorithms.md,oral; votes=6; github_stars=0; taxonomy_review; evidence=medium,RL / policy optimization; Bayesian / probabilistic,science/domain; security/safety; theory/synthetic,"Prediction sets can wrap around any ML model to cover unknown test outcomes with a guaranteed probability. Yet, it remains unclear how to use them optimally for downstream decision-making. Here, we propose a decision-theoretic framework that seeks to minimize the expected loss (risk) against a worst-case distribution consistent with the prediction set's coverage guarantee. We first characterize the minimax optimal policy for a fixed prediction set, showing that it balances the worst-case loss inside the set with a penalty for potential losses outside the set. Building on this, we derive the optimal prediction set construction that minimizes the resulting robust risk subject to a coverage...",https://icml.cc/virtual/2026/poster/63638,https://www.alphaxiv.org/abs/2602.00989,https://github.com/salma123456789123456789-dotcom/Pneumonia-Detection-using-Chest-X-Ray-images
24,64377,$\tau^2$-Bench: Evaluating Conversational Agents in a Dual-Control Environment,main_thesis_claims,"Agents, Code, and Tool Use","Agent evaluation, tool use, and agentic workflows",C02,in claim-validation queue; supports priority claim(s) C02; in area-validation queue; priority report area; oral/program signal; artifact-visible; moderate AlphaXiv attention,C02::64377,"Agents, Code, and Tool Use::64377",manual_claim_support; manual_taxonomy_judgment; manual_artifact_judgment; manual_notes,manual_validated; manual_primary_contribution_type; manual_method_family; manual_artifact_status; manual_fault_line_relevance; manual_notes,Check whether program-selected papers substantiate systems/agents emphasis.,reports/claim_validation_packets/c02-infrastructure-and-agentic-workloads.md,reports/claim_evidence_dossiers/c02-infrastructure-and-agentic-workloads.md,reports/validation_packets/agents-code-and-tool-use.md,reports/area_briefing_cards/agents-code-and-tool-use.md,oral; votes=89; github_stars=1569; evidence=medium,Reasoning / test-time compute; Agents / tool use,math/code/verifiable; robotics/embodied; language/llm; theory/synthetic,"Existing benchmarks for conversational AI agents simulate *single-control* environments, where only the AI agent can use tools to interact with the world, while the user remains a passive information provider. This differs from real-world scenarios like technical support, where users need to actively participate in modifying the state of the (shared) world. In order to address this gap, we introduce $\tau^2$-bench, with four key contributions: 1. A novel **Telecom dual-control domain** modeled as a Dec-POMDP, where both agent and user make use of tools to act in a shared, dynamic environment that tests both agent coordination and communication, 2. A **compositional task generator** that...",https://icml.cc/virtual/2026/poster/64377,https://www.alphaxiv.org/abs/2506.07982,https://github.com/sierra-research/tau2-bench
25,63095,Agent0-VL: Exploring Self-Evolving Agent for Tool-Integrated Vision-Language Reasoning,main_thesis_claims,"Agents, Code, and Tool Use","Agent evaluation, tool use, and agentic workflows",C02,in claim-validation queue; supports priority claim(s) C02; in area-validation queue; priority report area; oral/program signal; artifact-visible; moderate AlphaXiv attention,C02::63095,"Agents, Code, and Tool Use::63095",manual_claim_support; manual_taxonomy_judgment; manual_artifact_judgment; manual_notes,manual_validated; manual_primary_contribution_type; manual_method_family; manual_artifact_status; manual_fault_line_relevance; manual_notes,Check whether program-selected papers substantiate systems/agents emphasis.,reports/claim_validation_packets/c02-infrastructure-and-agentic-workloads.md,reports/claim_evidence_dossiers/c02-infrastructure-and-agentic-workloads.md,reports/validation_packets/agents-code-and-tool-use.md,reports/area_briefing_cards/agents-code-and-tool-use.md,oral; votes=89; github_stars=1228; evidence=medium,RL / policy optimization; Reasoning / test-time compute; Agents / tool use; Graphs / geometry,vision/video; language/llm,"Large Vision-Language Models (LVLMs) have achieved remarkable progress in multimodal reasoning tasks; however, their learning remains constrained by the limitations of human-annotated supervision. Recent self-rewarding approaches attempt to overcome this constraint by allowing models to act as their own critics or reward providers. Yet, purely text-based self-evaluation struggles to verify complex visual reasoning steps and often suffers from evaluation hallucinations. To address these challenges, inspired by recent advances in tool-integrated reasoning, we propose Agent0-VL, a self-evolving vision-language agent that achieves continual improvement with tool-integrated reasoning....",https://icml.cc/virtual/2026/poster/63095,https://www.alphaxiv.org/abs/2511.19900,https://github.com/aiming-lab/Agent0
26,67247,Position: Stop Automating Peer Review Without Rigorous Evaluation,main_thesis_claims,"Safety, Governance, Privacy, and Society","Position papers, policy, and social impacts",C03,in claim-validation queue; supports priority claim(s) C03; in area-validation queue; priority report area; oral/program signal; low-confidence evidence code,C03::67247,"Safety, Governance, Privacy, and Society::67247",manual_claim_support; manual_taxonomy_judgment; manual_artifact_judgment; manual_notes,manual_validated; manual_primary_contribution_type; manual_method_family; manual_artifact_status; manual_fault_line_relevance; manual_notes,Identify the technical reason for high program signal and whether public attention misses it.,reports/claim_validation_packets/c03-program-committee-attention.md,reports/claim_evidence_dossiers/c03-program-committee-attention.md,reports/validation_packets/safety-governance-privacy-and-society.md,reports/area_briefing_cards/safety-governance-privacy-and-society.md,oral; votes=13; evidence=low,,language/llm,"Large language models offer a tempting solution to address the peer review crisis. This position paper argues that **today's AI systems should not be used to produce paper reviews**. We ground this positing in an empirical comparison of human- versus AI-generated ICLR 2026 reviews and an evaluation of the effect of automated paper rewriting on different AI reviewers. We identify two critical issues: 1) AI reviewers exhibit a *hivemind effect* of excessive agreement within and across papers that reduces perspective diversity. 2) AI review scores are trivially gameable through *paper laundering*: prompting an LLM to rewrite a paper could significantly increase the scores from AI reviewers,...",https://icml.cc/virtual/2026/poster/67247,https://www.alphaxiv.org/abs/2605.03202,
27,61382,Vision-aligned Latent Reasoning for Multi-Modal Large Language Model,artifact_and_reproducibility,"LLM Reasoning, Post-Training, and RLVR",Reasoning models and chain-of-thought behavior,C07,in claim-validation queue; supports priority claim(s) C07; priority report area; taxonomy boundary needs review; GitHub artifact needs manual check; artifact-visible,C07::61382,,manual_claim_support; manual_taxonomy_judgment; manual_artifact_judgment; manual_notes,,Determine whether the GitHub link is a real paper artifact or a template/index/project page.,reports/claim_validation_packets/c07-artifact-visibility.md,reports/claim_evidence_dossiers/c07-artifact-visibility.md,,reports/area_briefing_cards/llm-reasoning-post-training-and-rlvr.md,votes=56; github_stars=6773; taxonomy_review; artifact_manual_check; evidence=medium,Reasoning / test-time compute; Transformer / attention,vision/video; language/llm,"Despite recent advancements in Multi-modal Large Language Models (MLLMs) on diverse understanding tasks, these models struggle to solve problems which require extensive multi-step reasoning. This is primarily due to the progressive dilution of visual information during long-context generation, which hinders their ability to fully exploit test-time scaling. To address this issue, we introduce Vision-aligned Latent Reasoning (VaLR), a simple, yet effective reasoning framework that dynamically generates vision-aligned latent tokens before each Chain of Thought reasoning step, guiding the model to reason based on perceptual cues in the latent space. Specifically, VaLR is trained to preserve...",https://icml.cc/virtual/2026/poster/61382,https://www.alphaxiv.org/abs/2602.04476,https://github.com/awesome-NeRF/awesome-NeRF
28,64128,AuTAgent: A Reinforcement Learning Framework for Tool-Augmented Audio Reasoning,artifact_and_reproducibility,"LLM Reasoning, Post-Training, and RLVR","Reward modeling, preference feedback, and RL post-training",C07,in claim-validation queue; supports priority claim(s) C07; priority report area; taxonomy boundary needs review; GitHub artifact needs manual check; artifact-visible,C07::64128,,manual_claim_support; manual_taxonomy_judgment; manual_artifact_judgment; manual_notes,,Determine whether the GitHub link is a real paper artifact or a template/index/project page.,reports/claim_validation_packets/c07-artifact-visibility.md,reports/claim_evidence_dossiers/c07-artifact-visibility.md,,reports/area_briefing_cards/llm-reasoning-post-training-and-rlvr.md,votes=8; github_stars=5063; taxonomy_review; artifact_manual_check; evidence=medium,RL / policy optimization; Reasoning / test-time compute; Agents / tool use; Compression / efficiency,math/code/verifiable; language/llm,"Large Audio Language Models (LALMs) excel at perception but struggle with complex reasoning requiring precise acoustic measurements. While external tools can extract fine-grained features like exact tempo or pitch, effective integration remains challenging: naively using all tools causes information overload, while prompt-based selection fails to assess context-dependent utility. To address this, we propose **AuTAgent** (**Au**dio **T**ool **Agent**), a reinforcement learning framework that learns when and which tools to invoke. By employing a sparse-feedback training strategy with a novel Differential Reward mechanism, the agent learns to filter out irrelevant tools and invokes external...",https://icml.cc/virtual/2026/poster/64128,https://www.alphaxiv.org/abs/2602.13685,https://github.com/eliahuhorwitz/Academic-project-page-template
29,65423,Autoregressive Direct Preference Optimization,artifact_and_reproducibility,"LLM Reasoning, Post-Training, and RLVR",LLM preference tuning and alignment training,C07,in claim-validation queue; supports priority claim(s) C07; priority report area; taxonomy boundary needs review; GitHub artifact needs manual check; artifact-visible,C07::65423,,manual_claim_support; manual_taxonomy_judgment; manual_artifact_judgment; manual_notes,,Determine whether the GitHub link is a real paper artifact or a template/index/project page.,reports/claim_validation_packets/c07-artifact-visibility.md,reports/claim_evidence_dossiers/c07-artifact-visibility.md,,reports/area_briefing_cards/llm-reasoning-post-training-and-rlvr.md,votes=6; github_stars=5063; taxonomy_review; artifact_manual_check; evidence=medium,RL / policy optimization; LLM post-training,language/llm; theory/synthetic,"Direct preference optimization (DPO) has emerged as a promising approach for aligning large language models (LLMs) with human preferences. However, the widespread reliance on the response-level Bradley-Terry (BT) model may limit its full potential, as the reference and learnable models are assumed to be autoregressive only after deriving the objective function. Motivated by this limitation, we revisit the theoretical foundations of DPO and propose a novel formulation that explicitly introduces the autoregressive assumption prior to applying the BT model. By reformulating and extending DPO, we derive a novel variant, termed \textbf{Autoregressive DPO (ADPO)}, that explicitly integrates...",https://icml.cc/virtual/2026/poster/65423,https://www.alphaxiv.org/abs/2602.09533,https://github.com/eliahuhorwitz/Academic-project-page-template
30,60765,Learning to Theorize the World from Observation,main_thesis_claims,"LLM Reasoning, Post-Training, and RLVR",Reasoning models and chain-of-thought behavior,C01,in claim-validation queue; supports priority claim(s) C01; priority report area; oral/program signal; taxonomy boundary needs review; low-confidence evidence code,C01::60765,,manual_claim_support; manual_taxonomy_judgment; manual_artifact_judgment; manual_notes,,Check whether this is genuinely LLM reasoning/post-training or a broader LLM/system/safety paper.,reports/claim_validation_packets/c01-llm-reasoning-center-of-gravity.md,reports/claim_evidence_dossiers/c01-llm-reasoning-center-of-gravity.md,,reports/area_briefing_cards/llm-reasoning-post-training-and-rlvr.md,oral; votes=56; taxonomy_review; evidence=low,,math/code/verifiable; vision/video; language/llm; theory/synthetic,"What does it mean to understand the world? Is it simply to predict future video frames? Developmental cognitive science suggests that understanding the world is fundamentally the process of constructing internal theories of how it works rather than mere prediction, even before language is acquired. However, in machine learning, it remains unclear how to endow AI systems with such theory-building capability from raw, non-textual observation alone. In this paper, we introduce Learning-to-Theorize (L2T), a learning paradigm in which an AI system acquires the ability to construct theories represented as executable programs directly from observation alone. To instantiate this paradigm, we...",https://icml.cc/virtual/2026/poster/60765,https://www.alphaxiv.org/abs/2605.03413,
31,62794,ToolOrchestra: Elevating Intelligence via Efficient Model and Tool Orchestration,main_thesis_claims,"Agents, Code, and Tool Use","Agent evaluation, tool use, and agentic workflows",C02,in claim-validation queue; supports priority claim(s) C02; in area-validation queue; priority report area; artifact-visible; high AlphaXiv attention; public attention without program signal,C02::62794,"Agents, Code, and Tool Use::62794",manual_claim_support; manual_taxonomy_judgment; manual_artifact_judgment; manual_notes,manual_validated; manual_primary_contribution_type; manual_method_family; manual_artifact_status; manual_fault_line_relevance; manual_notes,Check whether public signal reflects core infrastructure/agent workloads or broad LLM spillover.,reports/claim_validation_packets/c02-infrastructure-and-agentic-workloads.md,reports/claim_evidence_dossiers/c02-infrastructure-and-agentic-workloads.md,reports/validation_packets/agents-code-and-tool-use.md,reports/area_briefing_cards/agents-code-and-tool-use.md,votes=260; github_stars=745; evidence=medium,RL / policy optimization; LLM post-training; Reasoning / test-time compute; Agents / tool use,language/llm,"Large language models are powerful generalists, yet solving deep and complex problems such as those of the Humanity’s Last Exam (HLE) remains both conceptually challenging and computationally expensive. We show that small orchestrators managing other models and a variety of tools are able to both push the upper bound of intelligence and improve efficiency in solving difficult agentic tasks. We introduce ToolOrchestra, a method for training small orchestrators that coordinate the use of intelligent tools. ToolOrchestra makes explicit use of reinforcement learning with outcome-, efficiency-, and user-preference-aware rewards. Using ToolOrchestra, we produce Orchestrator, an 8B model that...",https://icml.cc/virtual/2026/poster/62794,https://www.alphaxiv.org/abs/2511.21689,https://github.com/NVlabs/ToolOrchestra
32,68817,Process Reward Models That Think,main_thesis_claims,"LLM Reasoning, Post-Training, and RLVR",RL for reasoning models and verifiable rewards,C01; C06,in claim-validation queue; supports priority claim(s) C01; in area-validation queue; priority report area; artifact-visible; high AlphaXiv attention; public attention without program signal,C01::68817 | C06::68817,"LLM Reasoning, Post-Training, and RLVR::68817",manual_claim_support; manual_taxonomy_judgment; manual_artifact_judgment; manual_notes,manual_validated; manual_primary_contribution_type; manual_method_family; manual_artifact_status; manual_fault_line_relevance; manual_notes,Check whether high attention supports the center-of-gravity claim. | Check whether broad arXiv-growth terms correspond to the paper's actual contribution.,reports/claim_validation_packets/c01-llm-reasoning-center-of-gravity.md; reports/claim_validation_packets/c06-external-trend-context.md,reports/claim_evidence_dossiers/c01-llm-reasoning-center-of-gravity.md; reports/claim_evidence_dossiers/c06-external-trend-context.md,reports/validation_packets/llm-reasoning-post-training-and-rlvr.md,reports/area_briefing_cards/llm-reasoning-post-training-and-rlvr.md,votes=1815; github_stars=89; evidence=medium,RL / policy optimization; LLM post-training; Reasoning / test-time compute,math/code/verifiable; language/llm,"Step-by-step verifiers—also known as process reward models (PRMs)—are a key ingredient for test-time scaling, but training them requires expensive step-level supervision. This work aims to build data-efficient PRMs as verbalized step-wise reward models that verify every step in the solution by generating a verification chain-of-thought (CoT). We propose ThinkPRM, a long CoT verifier fine-tuned on orders of magnitude fewer process labels than those required by discriminative PRMs. Our approach capitalizes on the inherent reasoning abilities of long CoT models, and outperforms LLM-as-a-Judge and discriminative verifiers—using only 1% of the process labels in PRM800K—across several...",https://icml.cc/virtual/2026/poster/68817,https://www.alphaxiv.org/abs/2504.16828,https://github.com/mukhal/thinkprm
33,63436,xKV: Cross-Layer KV-Cache Compression via Aligned Singular Vector Extraction,main_thesis_claims,Systems and Efficient Foundation Models,Long-context attention and KV-cache compression,C02; C06,in claim-validation queue; supports priority claim(s) C02; in area-validation queue; priority report area; artifact-visible; high AlphaXiv attention; public attention without program signal,C02::63436 | C06::63436,Systems and Efficient Foundation Models::63436,manual_claim_support; manual_taxonomy_judgment; manual_artifact_judgment; manual_notes,manual_validated; manual_primary_contribution_type; manual_method_family; manual_artifact_status; manual_fault_line_relevance; manual_notes,Check whether public signal reflects core infrastructure/agent workloads or broad LLM spillover. | Check whether broad arXiv-growth terms correspond to the paper's actual contribution.,reports/claim_validation_packets/c02-infrastructure-and-agentic-workloads.md; reports/claim_validation_packets/c06-external-trend-context.md,reports/claim_evidence_dossiers/c02-infrastructure-and-agentic-workloads.md; reports/claim_evidence_dossiers/c06-external-trend-context.md,reports/validation_packets/systems-and-efficient-foundation-models.md,reports/area_briefing_cards/systems-and-efficient-foundation-models.md,votes=518; github_stars=52; evidence=medium,LLM post-training; Agents / tool use; Transformer / attention; Compression / efficiency,math/code/verifiable; language/llm,"Long-context Large Language Models (LLMs) enable powerful applications but incur high memory costs due to the key–value states (KV-Cache). Recent studies attempt to share KV-Cache across layers, but these approaches either require expensive pretraining or rely on per-token cross-layer cosine similarity that is often limited in practice. We show, via Centered Kernel Alignment (CKA), that the dominant singular vectors of KV-Cache are well aligned across layers. Motivated by this observation, we propose xKV, a post-training compression method that jointly factorizes grouped-layer KV-Cache into a shared low-rank subspace, substantially reducing KV-Cache memory. Across widely used LLMs, xKV...",https://icml.cc/virtual/2026/poster/63436,https://www.alphaxiv.org/abs/2503.18893,https://github.com/abdelfattah-lab/xKV
34,62992,Monitoring Monitorability,main_thesis_claims,"Agents, Code, and Tool Use","Agent evaluation, tool use, and agentic workflows",C02,in claim-validation queue; supports priority claim(s) C02; in area-validation queue; priority report area; oral/program signal; artifact-visible,C02::62992,"Agents, Code, and Tool Use::62992",manual_claim_support; manual_taxonomy_judgment; manual_artifact_judgment; manual_notes,manual_validated; manual_primary_contribution_type; manual_method_family; manual_artifact_status; manual_fault_line_relevance; manual_notes,Check whether program-selected papers substantiate systems/agents emphasis.,reports/claim_validation_packets/c02-infrastructure-and-agentic-workloads.md,reports/claim_evidence_dossiers/c02-infrastructure-and-agentic-workloads.md,reports/validation_packets/agents-code-and-tool-use.md,reports/area_briefing_cards/agents-code-and-tool-use.md,oral; votes=28; github_stars=2786; evidence=medium,Reasoning / test-time compute; Agents / tool use,robotics/embodied,"Safe deployment of increasingly capable AI agents may require visibility into how they make decisions. Chain-of-thought (CoT) monitoring can detect misbehavior in today’s reasoning models, but this “monitorability” may be fragile under different training procedures, data sources, or continued system scaling. We propose three evaluation archetypes (intervention, process, and outcome-property), a new monitorability metric, and a broad evaluation suite. We show CoT monitoring outperforms action-only monitoring in practical settings, and that frontier models are generally—but not perfectly—monitorable. We study scaling trends with pre-training model size and inference-time compute, finding...",https://icml.cc/virtual/2026/poster/62992,https://www.alphaxiv.org/abs/2512.18311,https://github.com/nightscout/cgm-remote-monitor
35,64301,DFlash: Block Diffusion for Flash Speculative Decoding,artifact_and_reproducibility,"LLM Reasoning, Post-Training, and RLVR",Diffusion language models and decoding,C07,in claim-validation queue; supports priority claim(s) C07; priority report area; taxonomy boundary needs review; artifact-visible; moderate AlphaXiv attention,C07::64301,,manual_claim_support; manual_taxonomy_judgment; manual_artifact_judgment; manual_notes,,"Check artifact type, license/readme quality, and whether reproduction assets are present.",reports/claim_validation_packets/c07-artifact-visibility.md,reports/claim_evidence_dossiers/c07-artifact-visibility.md,,reports/area_briefing_cards/llm-reasoning-post-training-and-rlvr.md,votes=153; github_stars=5451; taxonomy_review; evidence=medium,Reasoning / test-time compute; Diffusion / flow,language/llm,"Autoregressive large language models (LLMs) deliver strong performance but require inherently sequential decoding, leading to high inference latency and poor GPU utilization. Speculative decoding mitigates this bottleneck by using a fast draft model whose outputs are verified in parallel by the target LLM. However, existing methods still rely on *autoregressive drafting*, which remains sequential and constrains practical speedups. Diffusion LLMs offer a promising alternative by enabling parallel generation, but current diffusion models typically underperform compared with autoregressive models. In this paper, we introduce **DFlash**, a speculative decoding framework that employs a...",https://icml.cc/virtual/2026/poster/64301,https://www.alphaxiv.org/abs/2602.06036,https://github.com/z-lab/dflash
36,65657,Jailbreak Foundry: From Papers to Runnable Attacks for Reproducible Benchmarking,main_thesis_claims,"Safety, Governance, Privacy, and Society","Adversarial safety, attacks, and security",C03,in claim-validation queue; supports priority claim(s) C03; in area-validation queue; priority report area; oral/program signal; artifact-visible,C03::65657,"Safety, Governance, Privacy, and Society::65657",manual_claim_support; manual_taxonomy_judgment; manual_artifact_judgment; manual_notes,manual_validated; manual_primary_contribution_type; manual_method_family; manual_artifact_status; manual_fault_line_relevance; manual_notes,Identify the technical reason for high program signal and whether public attention misses it.,reports/claim_validation_packets/c03-program-committee-attention.md,reports/claim_evidence_dossiers/c03-program-committee-attention.md,reports/validation_packets/safety-governance-privacy-and-society.md,reports/area_briefing_cards/safety-governance-privacy-and-society.md,oral; votes=9; github_stars=158; evidence=medium,Agents / tool use,math/code/verifiable; language/llm; security/safety,"Jailbreak techniques for large language models (LLMs) evolve faster than benchmarks, making robustness estimates stale and difficult to compare across papers due to drift in datasets, harnesses, and judging protocols. We introduce **JAILBREAK FOUNDRY (JBF)**, a system that addresses this gap via a multi-agent workflow to translate jailbreak papers into executable modules for immediate evaluation within a unified harness. JBF features three core components: (i) *JBF-LIB* for shared contracts and reusable utilities; (ii) *JBF-FORGE* for the multi-agent paper-to-module translation; and (iii) *JBF-EVAL* for standardizing evaluations. Across 30 reproduced attacks, JBF achieves high fidelity...",https://icml.cc/virtual/2026/poster/65657,https://www.alphaxiv.org/abs/2602.24009,https://github.com/OpenSQZ/Jailbreak-Foundry
37,65622,CVE-Factory: Scaling Expert-Level Agentic Tasks for Code Security Vulnerability,main_thesis_claims,"Agents, Code, and Tool Use","Agent evaluation, tool use, and agentic workflows",C02,in claim-validation queue; supports priority claim(s) C02; in area-validation queue; priority report area; oral/program signal; artifact-visible,C02::65622,"Agents, Code, and Tool Use::65622",manual_claim_support; manual_taxonomy_judgment; manual_artifact_judgment; manual_notes,manual_validated; manual_primary_contribution_type; manual_method_family; manual_artifact_status; manual_fault_line_relevance; manual_notes,Check whether program-selected papers substantiate systems/agents emphasis.,reports/claim_validation_packets/c02-infrastructure-and-agentic-workloads.md,reports/claim_evidence_dossiers/c02-infrastructure-and-agentic-workloads.md,reports/validation_packets/agents-code-and-tool-use.md,reports/area_briefing_cards/agents-code-and-tool-use.md,oral; votes=21; github_stars=139; evidence=medium,LLM post-training; Reasoning / test-time compute; Agents / tool use; Compression / efficiency,math/code/verifiable; security/safety,"Evaluating and improving the security capabilities of code agents requires high-quality, executable vulnerability tasks. However, existing works rely on costly, unscalable manual reproduction and suffer from outdated data distributions. To address these, we present CVE-Factory, the first multi-agent framework to achieve expert-level quality in automatically transforming sparse CVE metadata into fully executable agentic tasks. Cross-validation against human expert reproductions shows that CVE-Factory achieves 95\% solution correctness and 96\% environment fidelity, confirming its expert-level quality. It is also evaluated on the latest realistic vulnerabilities and achieves a 66.2\%...",https://icml.cc/virtual/2026/poster/65622,https://www.alphaxiv.org/abs/2602.03012,https://github.com/livecvebench/CVE-Factory
38,63099,daVinci-Dev: Agent-native Mid-training for Software Engineering,main_thesis_claims,"Agents, Code, and Tool Use","Agent evaluation, tool use, and agentic workflows",C02,in claim-validation queue; supports priority claim(s) C02; in area-validation queue; priority report area; oral/program signal; artifact-visible,C02::63099,"Agents, Code, and Tool Use::63099",manual_claim_support; manual_taxonomy_judgment; manual_artifact_judgment; manual_notes,manual_validated; manual_primary_contribution_type; manual_method_family; manual_artifact_status; manual_fault_line_relevance; manual_notes,Check whether program-selected papers substantiate systems/agents emphasis.,reports/claim_validation_packets/c02-infrastructure-and-agentic-workloads.md,reports/claim_evidence_dossiers/c02-infrastructure-and-agentic-workloads.md,reports/validation_packets/agents-code-and-tool-use.md,reports/area_briefing_cards/agents-code-and-tool-use.md,oral; votes=52; github_stars=9; evidence=medium,RL / policy optimization; LLM post-training; Reasoning / test-time compute; Agents / tool use; Diffusion / flow,math/code/verifiable; language/llm,"Recently, the frontier of Large Language Model (LLM) capabilities has shifted from single-turn code generation to agentic software engineering—a paradigm where models autonomously navigate, edit, and test complex repositories. While post-training methods have become the de facto approach for code agents, *agentic mid-training*—mid-training (MT) on large-scale data that mirrors authentic agentic workflows—remains critically underexplored due to substantial resource requirements, despite offering a more scalable path to instilling foundational agentic behaviors than relying solely on expensive reinforcement learning. A central challenge in realizing effective agentic mid-training is the...",https://icml.cc/virtual/2026/poster/63099,https://www.alphaxiv.org/abs/2601.18418,https://github.com/sii-research/GAIR
39,62732,Strategic Navigation or Stochastic Search? How Agents and Humans Reason Over Document Collections,main_thesis_claims,"Agents, Code, and Tool Use","Agent evaluation, tool use, and agentic workflows",C02,in claim-validation queue; supports priority claim(s) C02; in area-validation queue; priority report area; oral/program signal; artifact-visible,C02::62732,"Agents, Code, and Tool Use::62732",manual_claim_support; manual_taxonomy_judgment; manual_artifact_judgment; manual_notes,manual_validated; manual_primary_contribution_type; manual_method_family; manual_artifact_status; manual_fault_line_relevance; manual_notes,Check whether program-selected papers substantiate systems/agents emphasis.,reports/claim_validation_packets/c02-infrastructure-and-agentic-workloads.md,reports/claim_evidence_dossiers/c02-infrastructure-and-agentic-workloads.md,reports/validation_packets/agents-code-and-tool-use.md,reports/area_briefing_cards/agents-code-and-tool-use.md,oral; votes=26; github_stars=1; evidence=medium,Reasoning / test-time compute; Agents / tool use,language/llm; theory/synthetic,"Multimodal agents offer a compelling path to automating complex document-intensive workflows, yet a critical question remains: do these architectures demonstrate genuine strategic reasoning, or simply conduct stochastic trial-and-error search? To address this, we introduce Agentic Document VQA, a benchmark of 2,250 human-authored questions grounded in 800 heterogeneous PDF documents. Guided by *Classical Test Theory*, we design it to maximize discriminative power and reliably differentiate between varying levels of agent capability. To rigorously assess agentic behaviour, we introduce a novel evaluation protocol for measuring the accuracy-effort trade-off. Using this framework, we find...",https://icml.cc/virtual/2026/poster/62732,https://www.alphaxiv.org/abs/2603.12180,https://github.com/Snowflake-Labs/MADQA
40,67238,Position: Anthropomorphic Misalignment Research Needs Stronger Evidence,main_thesis_claims,"Safety, Governance, Privacy, and Society","Position papers, policy, and social impacts",C03,in claim-validation queue; supports priority claim(s) C03; in area-validation queue; priority report area; oral/program signal,C03::67238,"Safety, Governance, Privacy, and Society::67238",manual_claim_support; manual_taxonomy_judgment; manual_artifact_judgment; manual_notes,manual_validated; manual_primary_contribution_type; manual_method_family; manual_artifact_status; manual_fault_line_relevance; manual_notes,Identify the technical reason for high program signal and whether public attention misses it.,reports/claim_validation_packets/c03-program-committee-attention.md,reports/claim_evidence_dossiers/c03-program-committee-attention.md,reports/validation_packets/safety-governance-privacy-and-society.md,reports/area_briefing_cards/safety-governance-privacy-and-society.md,oral; votes=13; evidence=medium,LLM post-training; Causal / data-centric,robotics/embodied; security/safety,"We argue that many Anthropomorphized Misalignment Research (AMR) studies need stronger evidence to ensure that they can provide a robust foundation for critical safety decisions, such as model deployment and regulation. By evaluating failure modes across different misalignment concepts, such as deception, emergent misalignment, and sycophancy, we show how conceptual ambiguity, non-robust datasets and experimental design, and insufficient causal interventions can lead to overinterpretation of model behaviors. This position paper aims to offer guidance on evidentiary considerations that can help improve methodological rigor in AMR. To achieve this, we provide a clear call to action through...",https://icml.cc/virtual/2026/poster/67238,https://www.alphaxiv.org/abs/2606.07612,
