github_repo,github_url,live_status,http_status,qa_flags,suspicious_reason,paper_titles,sources,max_public_votes,alphaxiv_github_stars,live_stargazers_count,live_forks_count,open_issues_count,archived,disabled,fork,license_spdx,default_branch,created_at,updated_at,pushed_at,pushed_age_days,description,homepage,api_fetched_utc,api_error
sgl-project/sglang,https://github.com/sgl-project/sglang,live,200,,,When RL Meets Adaptive Speculative Training:  A Unified Training-Serving System,top_github_artifacts,17,30219,30284,7137,4233,false,false,false,Apache-2.0,main,2024-01-08T04:15:52Z,2026-07-14T08:53:53Z,2026-07-14T08:55:29Z,0,SGLang is a high-performance serving framework for large language models and multimodal models.,https://sglang.io,2026-07-14T08:57:43.363049+00:00,
academicpages/academicpages.github.io,https://github.com/academicpages/academicpages.github.io,live,200,suspicious_template_or_index,academicpages,From geometry to dynamics: Learning overdamped Langevin dynamics from sparse observations with geometric constraints,top_github_artifacts,2,17294,17296,7841,27,false,false,false,MIT,master,2016-09-15T11:16:04Z,2026-07-14T08:03:58Z,2026-06-25T13:14:07Z,18,"Github Pages template based upon HTML and Markdown for personal, portfolio-based websites.",https://academicpages.github.io,2026-07-14T08:57:43.799679+00:00,
awesome-NeRF/awesome-NeRF,https://github.com/awesome-NeRF/awesome-NeRF,live,200,suspicious_template_or_index,awesome-,Vision-aligned Latent Reasoning for Multi-Modal Large Language Model,top_github_artifacts,56,6773,6773,600,0,false,false,false,MIT,main,2020-11-26T16:10:56Z,2026-07-12T10:51:57Z,2025-01-06T11:03:37Z,553,A curated list of awesome neural radiance fields papers,,2026-07-14T08:57:44.214837+00:00,
dwzhu-pku/PaperBanana,https://github.com/dwzhu-pku/PaperBanana,live,200,,,PaperBanana: Automating Academic Illustration for AI Scientists,manual_validation_queue; top_github_artifacts,420,6765,6775,509,13,false,false,false,Apache-2.0,main,2026-01-30T06:55:48Z,2026-07-14T08:34:23Z,2026-06-25T12:48:17Z,18,PaperBanana: Automating Academic Illustration For AI Scientists,https://dwzhu-pku.github.io/PaperBanana/,2026-07-14T08:57:44.622129+00:00,
z-lab/dflash,https://github.com/z-lab/dflash,live,200,,,DFlash: Block Diffusion for Flash Speculative Decoding,top_github_artifacts,153,5451,5465,391,85,false,false,false,MIT,main,2026-01-04T19:33:39Z,2026-07-14T08:56:52Z,2026-05-10T09:53:33Z,64,DFlash: Block Diffusion for Flash Speculative Decoding,https://dflash.z-lab.ai,2026-07-14T08:57:45.068875+00:00,
eliahuhorwitz/Academic-project-page-template,https://github.com/eliahuhorwitz/Academic-project-page-template,live,200,suspicious_template_or_index,academic-project-page-template; project-page; template,"From Abstraction to Instantiation: Learning Behavioral Representation for Vision-Language-Action Model | Self-Prompting Diffusion Transformer for Open-Vocabulary Scene Text Edit via In-Context Learning | LaST$_{0}$: Latent Spatio-Temporal Chain-of-Thought for Robotic Vision-Language-Action Model | Hydra-Nav: Object Navigation via Adaptive Dual-Process Reasoning | AudioChat: Unified Audio Storytelling, Editing, and Understanding with Transfusion Forcing | PanoWorld-X: Generating Explorable Panoramic Worlds via Sphere-Aware Video Diffusion | From Correspondence to Actions: Human-Like Multi-Image Spatial Reasoning in Multi-modal Large Language Models | AuTAgent: A Reinforcement Learning Framework for Tool-Augmented Audio Reasoning",top_github_artifacts,73,5069,5069,1131,9,false,false,false,,master,2022-11-30T09:35:33Z,2026-07-14T08:01:12Z,2025-09-04T19:11:15Z,312,A project page template for academic papers. Demo at https://eliahuhorwitz.github.io/Academic-project-page-template/,https://eliahuhorwitz.github.io/Academic-project-page-template/,2026-07-14T08:57:45.500780+00:00,
ArthurBrussee/brush,https://github.com/ArthurBrussee/brush,live,200,,,Turbo4DGen: Ultra-Fast Acceleration for 4D Generation,top_github_artifacts,0,4818,4820,284,40,false,false,false,Apache-2.0,main,2024-02-23T16:50:13Z,2026-07-14T06:46:46Z,2026-07-01T21:10:35Z,12,3D Reconstruction for all,,2026-07-14T08:57:45.932664+00:00,
ruc-datalab/DeepAnalyze,https://github.com/ruc-datalab/DeepAnalyze,live,200,,,DeepAnalyze: Agentic Large Language Models for Autonomous Data Science,top_github_artifacts,146,4355,4359,687,23,false,false,false,MIT,main,2025-10-11T11:19:21Z,2026-07-14T06:29:15Z,2026-07-01T03:12:26Z,13,DeepAnalyze is the first agentic LLM for autonomous data science. 🎈你的AI数据分析师，自动分析大量数据，一键生成专业分析报告！,https://ruc-deepanalyze.github.io,2026-07-14T08:57:46.368827+00:00,
aiming-lab/SimpleMem,https://github.com/aiming-lab/SimpleMem,live,200,,,SimpleMem: Efficient Lifelong Memory for LLM Agents,top_github_artifacts,214,3641,3642,374,18,false,false,false,MIT,main,2026-01-01T23:53:40Z,2026-07-14T04:28:11Z,2026-06-23T05:02:47Z,21,SimpleMem: Efficient Lifelong Memory for LLM Agents — Text & Multimodal,,2026-07-14T08:57:46.809535+00:00,
facebookresearch/sam-audio,https://github.com/facebookresearch/sam-audio,live,200,,,SAM Audio: Segment Anything in Audio,top_github_artifacts,65,3567,3568,325,50,false,false,false,NOASSERTION,main,2025-09-04T16:46:34Z,2026-07-14T03:06:09Z,2026-05-26T05:38:19Z,49,"The repository provides code for running inference with the Meta Segment Anything Audio Model (SAM-Audio), links for downloading the trained model checkpoints, and example notebooks that show how to use the model.",,2026-07-14T08:57:47.247930+00:00,
nightscout/cgm-remote-monitor,https://github.com/nightscout/cgm-remote-monitor,live,200,,,Monitoring Monitorability,top_github_artifacts,28,2786,2786,73243,169,false,false,false,AGPL-3.0,master,2014-05-22T00:32:28Z,2026-07-13T15:32:19Z,2026-07-08T09:32:27Z,5,nightscout web monitor,,2026-07-14T08:57:47.665844+00:00,
RoboTwin-Platform/RoboTwin,https://github.com/RoboTwin-Platform/RoboTwin,live,200,,,RoboTwin 2.0: A Scalable Data Generator and Benchmark with Strong Domain Randomization for Robust Bimanual Robotic Manipulation,top_github_artifacts,91,2562,2573,423,70,false,false,false,MIT,main,2024-09-18T12:26:19Z,2026-07-14T08:02:22Z,2026-07-14T08:49:15Z,0,RoboTwin 2.0 Offical Repo,https://robotwin-platform.github.io,2026-07-14T08:57:48.086301+00:00,
google/nerfies,https://github.com/google/nerfies,live,200,archived; stale_pushed_at,,Alterbute: Editing Intrinsic Attributes of Objects in Images | DADP: Domain Adaptive Diffusion Policy,top_github_artifacts,23,1969,1969,276,42,true,false,false,Apache-2.0,main,2021-01-21T21:27:51Z,2026-07-06T11:51:56Z,2024-04-22T20:43:02Z,812,"This is the code for Deformable Neural Radiance Fields, a.k.a. Nerfies.",https://nerfies.github.io,2026-07-14T08:57:48.534265+00:00,
sierra-research/tau2-bench,https://github.com/sierra-research/tau2-bench,live,200,,,$\tau^2$-Bench: Evaluating Conversational Agents in a Dual-Control Environment | $\tau$-Knowledge: Evaluating Conversational Agents over Unstructured Knowledge | $\tau$-Voice: Benchmarking Full-Duplex Voice Agents on Real-World Domains,top_github_artifacts,89,1569,1576,400,155,false,false,false,MIT,main,2025-06-09T23:46:17Z,2026-07-14T08:33:35Z,2026-07-14T03:01:06Z,0,τ-Bench: A Benchmark for Tool-Agent-User Interaction in Real-World Domains,https://www.taubench.com,2026-07-14T08:57:49.077151+00:00,
ByteDance-Seed/Triton-distributed,https://github.com/ByteDance-Seed/Triton-distributed,live,200,,,DITRON: Distributed Multi-level Tiling Compiler for Parallel Tensor Programs,top_github_artifacts,8,1486,1487,159,41,false,false,false,MIT,main,2025-04-02T06:57:03Z,2026-07-14T08:14:24Z,2026-07-11T16:20:47Z,2,Distributed Compiler based on Triton for Parallel Systems,https://triton-distributed.readthedocs.io/en/latest/,2026-07-14T08:57:49.496869+00:00,
bytedance/SALMONN,https://github.com/bytedance/SALMONN,live,200,,,video-SALMONN S: Memory-Enhanced Streaming Audio-Visual LLM,top_github_artifacts,20,1469,1470,117,26,false,false,false,Apache-2.0,main,2023-08-11T07:28:25Z,2026-07-13T13:29:08Z,2026-07-13T08:38:48Z,1,SALMONN family: A suite of advanced multi-modal LLMs,https://bytedance.github.io/SALMONN/,2026-07-14T08:57:49.939098+00:00,
Tencent/AngelSlim,https://github.com/Tencent/AngelSlim,live,200,,,SpecExit: Accelerating Large Reasoning Model via Speculative Exit,top_github_artifacts,16,1399,1407,160,62,false,false,false,NOASSERTION,main,2025-07-04T02:10:39Z,2026-07-14T07:31:19Z,2026-07-14T08:35:42Z,0,"Model compression toolkit engineered for enhanced usability, comprehensiveness, and efficiency.",https://angelslim.readthedocs.io,2026-07-14T08:57:50.404923+00:00,
aiming-lab/Agent0,https://github.com/aiming-lab/Agent0,live,200,,,Agent0-VL: Exploring Self-Evolving Agent for Tool-Integrated Vision-Language Reasoning,top_github_artifacts,89,1228,1228,144,8,false,false,false,Apache-2.0,main,2025-10-20T22:27:49Z,2026-07-10T22:50:15Z,2026-07-10T07:54:20Z,4,[COLM'26 & ICML'26] Agent0 Series: Self-Evolving Agents from Zero Data,https://aiming-lab.github.io/Agent0,2026-07-14T08:57:50.918242+00:00,
StanfordBDHG/OpenTSLM,https://github.com/StanfordBDHG/OpenTSLM,live,200,,,OpenTSLM: Time-Series Language Models for Reasoning over Multivariate Medical Text- and Time-Series Data,top_github_artifacts,32,1184,1184,113,11,false,false,false,MIT,main,2025-05-14T22:31:33Z,2026-07-13T15:56:19Z,2026-05-05T16:01:04Z,69,OpenTSLM: Time-Series Language Models for Reasoning over Multivariate Medical Text- and Time-Series Data,https://www.opentslm.com,2026-07-14T08:57:51.613858+00:00,
Tencent-Hunyuan/HunyuanWorld-Mirror,https://github.com/Tencent-Hunyuan/HunyuanWorld-Mirror,live,200,,,WorldMirror: Universal 3D World Reconstruction with Any-Prior Prompting,top_github_artifacts,50,1153,1155,117,9,false,false,false,NOASSERTION,main,2025-10-16T13:47:15Z,2026-07-14T08:22:23Z,2026-05-27T03:22:57Z,48,[ICML 2026] WorldMirror: Fast and Universal 3D reconstruction model for versatile tasks,https://3d-models.hunyuan.tencent.com/world/,2026-07-14T08:57:52.052126+00:00,
microsoft/TimeCraft,https://github.com/microsoft/TimeCraft,live,200,,,MN-Diff: Diffusion Parameterized  MoE-NCDE for Continuous Time Series Generation with Irregular Observations,top_github_artifacts,1,1079,1079,62,6,false,false,false,MIT,main,2025-01-06T09:27:21Z,2026-07-01T04:49:57Z,2026-02-12T14:32:54Z,151,Official code for TimeCraft: A Time Series Generation Framework for Real-World Applications,,2026-07-14T08:57:52.507879+00:00,
Gen-Verse/LatentMAS,https://github.com/Gen-Verse/LatentMAS,live,200,,,Latent Collaboration in Multi-Agent Systems,manual_validation_queue; top_github_artifacts,402,1048,1049,161,18,false,false,false,Apache-2.0,main,2025-11-25T00:40:43Z,2026-07-14T02:10:51Z,2026-06-18T06:56:18Z,26,[ICML 2026 Spotlight] Latent Collaboration in Multi-Agent Systems,https://arxiv.org/abs/2511.20639,2026-07-14T08:57:52.929745+00:00,
inclusionAI/UI-Venus,https://github.com/inclusionAI/UI-Venus,live,200,,,VenusBench-Mobile: A Challenging and User-Centric Benchmark for Mobile GUI Agents with Capability Diagnostics,top_github_artifacts,0,1013,1013,85,12,false,false,false,,UI-Venus-1.5,2025-08-15T11:57:47Z,2026-07-09T02:29:17Z,2026-05-11T06:54:30Z,64,UI-Venus is a native UI agent designed to perform precise GUI element grounding and effective navigation using only screenshots as input.,,2026-07-14T08:57:53.382424+00:00,
lasgroup/SDPO,https://github.com/lasgroup/SDPO,live,200,,,Reinforcement Learning via Self-Distillation,manual_validation_queue; top_github_artifacts,718,1008,1010,116,10,false,false,false,Apache-2.0,main,2026-01-24T18:21:12Z,2026-07-14T03:38:05Z,2026-07-01T13:51:47Z,12,Reinforcement Learning via Self-Distillation (SDPO),https://self-distillation.github.io/SDPO,2026-07-14T08:57:53.805579+00:00,
NVIDIA-NeMo/Skills,https://github.com/NVIDIA-NeMo/Skills,live,200,,,Scaling Generative Verifiers For Natural Language Mathematical Proof Verification And Selection,top_github_artifacts,16,1004,1005,193,104,false,false,false,Apache-2.0,main,2024-02-11T23:29:26Z,2026-07-13T11:38:28Z,2026-07-13T19:53:13Z,0,A project to improve skills of large language models,https://nvidia-nemo.github.io/Skills/,2026-07-14T08:57:54.259110+00:00,
sgl-project/SpecForge,https://github.com/sgl-project/SpecForge,live,200,,,SpecForge: A Flexible and Efficient Open-Source Training Framework for Speculative Decoding,top_github_artifacts,11,985,987,283,141,false,false,false,MIT,main,2025-06-09T05:28:34Z,2026-07-14T07:52:52Z,2026-07-14T07:53:45Z,0,Train speculative decoding models effortlessly and port them smoothly to SGLang serving.,https://docs.sglang.ai/SpecForge/,2026-07-14T08:57:54.699263+00:00,
Mwie1024/Extra-CoT,https://github.com/Mwie1024/Extra-CoT,live,200,,,Towards Efficient Large Language Reasoning Models via Extreme-Ratio Chain-of-Thought Compression,top_github_artifacts,4,968,968,48,2,false,false,false,,main,2026-02-09T17:34:08Z,2026-07-07T16:02:14Z,2026-04-08T03:56:20Z,97,,,2026-07-14T08:57:55.132006+00:00,
thu-ml/Causal-Forcing,https://github.com/thu-ml/Causal-Forcing,live,200,,,Causal Forcing: Autoregressive Diffusion Distillation Done Right for High-Quality Real-Time Video Generation,top_github_artifacts,152,850,850,49,27,false,false,false,Apache-2.0,main,2026-02-01T09:30:13Z,2026-07-13T18:06:31Z,2026-07-09T15:24:59Z,4,"[ICML 2026] Official codebase for ""Causal Forcing: Autoregressive Diffusion Distillation Done Right for High-Quality Real-Time Interactive Video Generation"" & Causal Forcing++",https://thu-ml.github.io/CausalForcing.github.io/,2026-07-14T08:57:55.561930+00:00,
DravenALG/awesome-vla,https://github.com/DravenALG/awesome-vla,live,200,suspicious_template_or_index,awesome-,VLANeXt: Recipes for Building Strong VLA Models,top_github_artifacts,74,833,840,32,0,false,false,false,,main,2026-02-06T12:16:20Z,2026-07-14T04:51:10Z,2026-07-14T03:07:05Z,0,A Curated List of Vision-Language-Action (VLA) and World Action Models (WAM) Research and Beyond,,2026-07-14T08:57:56.219511+00:00,
WeianMao/triattention,https://github.com/WeianMao/triattention,live,200,,,TriAttention: Efficient Long Reasoning with Trigonometric KV Compression,top_github_artifacts,139,815,815,77,3,false,false,false,Apache-2.0,main,2026-04-04T03:13:45Z,2026-07-14T04:04:56Z,2026-07-14T04:04:51Z,0,TriAttention — Efficient long reasoning with trigonometric KV cache compression. Enables OpenClaw local deployment on memory-constrained GPUs.,,2026-07-14T08:57:56.658773+00:00,
thu-ml/RDT2,https://github.com/thu-ml/RDT2,live,200,,,RDT2: Exploring the Scaling Limit of UMI Data Towards Zero-Shot Cross-Embodiment Generalization,top_github_artifacts,86,792,794,57,20,false,false,false,Apache-2.0,main,2025-09-19T06:54:09Z,2026-07-14T04:14:01Z,2026-02-07T05:21:04Z,157,Official code of RDT 2,,2026-07-14T08:57:57.089885+00:00,
SakanaAI/doc-to-lora,https://github.com/SakanaAI/doc-to-lora,live,200,,,Doc-to-LoRA: Learning to Instantly Internalize Contexts,top_github_artifacts,87,779,779,100,0,false,false,false,MIT,main,2026-02-11T10:11:52Z,2026-07-10T23:35:02Z,2026-06-15T04:31:57Z,29,Hypernetworks that update LLMs to remember factual information,https://arxiv.org/abs/2602.15902,2026-07-14T08:57:57.555941+00:00,
CHATS-lab/verbalized-sampling,https://github.com/CHATS-lab/verbalized-sampling,live,200,,,Verbalized Sampling: How to Mitigate Mode Collapse and Unlock LLM Diversity,top_github_artifacts,116,776,777,83,0,false,false,false,NOASSERTION,main,2025-05-20T22:28:26Z,2026-07-14T07:00:56Z,2026-01-03T17:04:16Z,191,"Verbalized Sampling, a training-free prompting strategy to mitigate mode collapse in LLMs by requesting responses with probabilities. Achieves 2-3x diversity improvement while maintaining quality. Model-agnostic framework with CLI/API for creative writing, synthetic data generation, and dialogue simulation.",https://www.verbalized-sampling.com/,2026-07-14T08:57:57.979486+00:00,
360CVGroup/FG-CLIP,https://github.com/360CVGroup/FG-CLIP,live,200,,,FG-CLIP 2: A Bilingual Fine-grained Vision-Language Alignment Model,top_github_artifacts,25,760,760,38,39,false,false,false,Apache-2.0,main,2025-04-28T06:10:12Z,2026-07-09T10:40:49Z,2026-06-16T09:36:43Z,27,"New generation of CLIP with strong fine grained discrimination capability, ICML2026 and ICML2025",https://360cvgroup.github.io/FG-CLIP/,2026-07-14T08:57:58.404538+00:00,
NVlabs/ToolOrchestra,https://github.com/NVlabs/ToolOrchestra,live,200,,,ToolOrchestra: Elevating Intelligence via Efficient Model and Tool Orchestration,manual_validation_queue; top_github_artifacts,260,745,746,106,17,false,false,false,Apache-2.0,main,2025-11-25T23:53:41Z,2026-07-13T08:13:20Z,2026-03-25T15:28:06Z,110,ToolOrchestra is an end-to-end RL training framework for orchestrating tools and agentic workflows.,https://research.nvidia.com/labs/lpr/ToolOrchestra/,2026-07-14T08:57:58.906578+00:00,
Pointcept/Utonia,https://github.com/Pointcept/Utonia,live,200,,,Utonia: Toward One Encoder for All Point Clouds,top_github_artifacts,118,710,711,51,13,false,false,false,Apache-2.0,main,2026-02-11T17:52:47Z,2026-07-14T07:08:46Z,2026-07-01T06:09:29Z,13,[ICML'26] Official repository of Utonia: Toward One Encoder for All Point Clouds,https://pointcept.github.io/Utonia/,2026-07-14T08:57:59.417989+00:00,
rlresearch/dr-tulu,https://github.com/rlresearch/dr-tulu,live,200,,,Reinforcement Learning with Evolving Rubrics for Deep Research,top_github_artifacts,201,682,682,72,4,false,false,false,Apache-2.0,main,2025-11-18T05:58:40Z,2026-07-12T10:47:11Z,2026-06-17T02:47:32Z,27,Official repository for DR Tulu: Reinforcement Learning with Evolving Rubrics for Deep Research,https://dr-tulu.github.io,2026-07-14T08:57:59.847280+00:00,
idanshen/Self-Distillation,https://github.com/idanshen/Self-Distillation,live,200,,,Self-Distillation Enables Continual Learning,manual_validation_queue; top_github_artifacts,590,653,653,77,4,false,false,false,,main,2026-01-28T22:42:43Z,2026-07-12T17:57:15Z,2026-04-07T20:14:25Z,97,,,2026-07-14T08:58:00.289516+00:00,
mukhal/thinkprm,https://github.com/mukhal/thinkprm,live,200,,,Process Reward Models That Think,manual_validation_queue,1815,0,89,9,2,false,false,false,,main,2025-04-22T06:05:30Z,2026-07-03T05:33:24Z,2025-11-29T01:27:14Z,227,[TMLR] Process Reward Models That Think,https://arxiv.org/abs/2504.16828,2026-07-14T08:58:00.712682+00:00,
tokenbender/mHC-manifold-constrained-hyper-connections,https://github.com/tokenbender/mHC-manifold-constrained-hyper-connections,live,200,,,mHC: Manifold-Constrained Hyper-Connections,manual_validation_queue,696,0,367,33,0,false,false,false,Apache-2.0,main,2026-01-01T14:29:48Z,2026-07-07T15:56:28Z,2026-02-17T12:25:12Z,146,implementations and experimentation on mHC by deepseek - https://arxiv.org/abs/2512.24880,,2026-07-14T08:58:01.131913+00:00,
jettbrains/-L-,https://github.com/jettbrains/-L-,live,200,stale_pushed_at,,Agent Learning via Early Experience,manual_validation_queue,532,0,149,46,15,false,false,false,GPL-3.0,master,2019-10-28T21:50:26Z,2026-07-14T06:04:35Z,2021-08-18T13:41:54Z,1790,"W3C Strategic Highlights  September 2019  This report was prepared for the September 2019 W3C Advisory Committee Meeting (W3C Member link). See the accompanying W3C Fact Sheet — September 2019. For the previous edition, see the April 2019 W3C Strategic Highlights. For future editions of this report, please consult the latest version.  A Chinese translation is available.  ☰ Contents  Introduction Future Web Standards Meeting Industry Needs Web Payments Digital Publishing Media and Entertainment Web & Telecommunications Real-Time Communications (WebRTC) Web & Networks Automotive Web of Things Strengthening the Core of the Web HTML CSS Fonts SVG Audio Performance Web Performance WebAssembly Testing Browser Testing and Tools WebPlatform Tests Web of Data Web for All Security, Privacy, Identity Internationalization (i18n) Web Accessibility Outreach to the world W3C Developer Relations W3C Training Translations W3C Liaisons Introduction  This report highlights recent work of enhancement of the existing landscape of the Web platform and innovation for the growth and strength of the Web.  33 working groups and a dozen interest groups enable W3C to pursue its mission through the creation of Web standards, guidelines, and supporting materials. We track the tremendous work done across the Consortium through homogeneous work-spaces in Github which enables better monitoring and management.  We are in the middle of a period where we are chartering numerous working groups which demonstrate the rapid degree of change for the Web platform:  After 4 years, we are nearly ready to publish a Payment Request API Proposed Recommendation and we need to soon charter follow-on work. In the last year we chartered the Web Payment Security Interest Group. In the last year we chartered the Web Media Working Group with 7 specifications for next generation Media support on the Web. We have Accessibility Guidelines under W3C Member review which includes Silver, a new approach. We have just launched the Decentralized Identifier Working Group which has tremendous potential because Decentralized Identifier (DID) is an identifier that is globally unique, resolveable with high availability, and cryptographically verifiable. We have Privacy IG (PING) under W3C Member review which strengthens our focus on the tradeoff between privacy and function. We have a new CSS charter under W3C Member review which maps the group's work for the next three years. In this period, W3C and the WHATWG have succesfully completed the negotiation of a Memorandum of Understanding rooted in the mutual belief that that having two distinct specifications claiming to be normative is generally harmful for the Web community. The MOU, signed last May, describes how the two organizations are to collaborate on the development of a single authoritative version of the HTML and DOM specifications. W3C subsequently rechartered the HTML Working Group to assist the W3C community in raising issues and proposing solutions for the HTML and DOM specifications, and for the production of W3C Recommendations from WHATWG Review Drafts.  As the Web evolves continuously, some groups are looking for ways for specifications to do so as well. So-called ""evergreen recommendations"" or ""living standards"" aim to track continuous development (and maintenance) of features, on a feature-by-feature basis, while getting review and patent commitments.  We see the maturation and further development of an incredible number of new technologies coming to the Web. Continued progress in many areas demonstrates the vitality of the W3C and the Web community, as the rest of the report illustrates.  Future Web Standards W3C has a variety of mechanisms for listening to what the community thinks could become good future Web standards. These include discussions with the Membership, discussions with other standards bodies, the activities of thousands of participants in over 300 community groups, and W3C Workshops. There are lots of good ideas. The W3C strategy team has been identifying promising topics and invites public participation.   Future, recent and under consideration Workshops include:  Inclusive XR (5-6 November 2019, Seattle, WA, USA) to explore existing and future approaches on making Virtual and Augmented Reality experiences more inclusive, including to people with disabilities; W3C Workshop on Data Models for Transportation (12-13 September 2019, Palo Alto, CA, USA) W3C Workshop on Web Games (27-28 June 2019, Redmond, WA, USA), view report Second W3C Workshop on the Web of Things (3-5 June 2019, Munich, Germany) W3C Workshop on Web Standardization for Graph Data; Creating Bridges: RDF, Property Graph and SQL (4-6 March 2019, Berlin, Germany), view report Web & Machine Learning. The Strategy Funnel documents the staff's exploration of potential new work at various phases: Exploration and Investigation, Incubation and Evaluation, and eventually to the chartering of a new standards group. The Funnel view is a GitHub Project where new area are issues represented by “cards” which move through the columns, usually from left to right. Most cards start in Exploration and move towards Chartering, or move out of the funnel.  Public input is welcome at any stage but particularly once Incubation has begun. This helps W3C identify work that is sufficiently incubated to warrant standardization, to review the ecosystem around the work and indicate interest in participating in its standardization, and then to draft a charter that reflects an appropriate scope. Ongoing feedback can speed up the overall standardization process.  Since the previous highlights document, W3C has chartered a number of groups, and started discussion on many more:  Newly Chartered or Rechartered  Web Application Security WG (03-Apr) Web Payment Security IG (17-Apr) Patent and Standards IG (24-Apr) Web Applications WG (14-May) Web & Networks IG (16-May) Media WG (23-May) Media and Entertainment IG (06-Jun) HTML WG (06-Jun) Decentralized Identifier WG (05-Sep) Extended  Privacy IG (PING) (30-Sep) Verifiable Claims WG (30-Sep) Service Workers WG (31-Dec) Dataset Exchange WG (31-Dec) Web of Things Working Group (31-Dec) Web Audio Working Group (31-Dec) Proposed charters / Advance Notice  Accessibility Guidelines WG Privacy IG (PING) RDF Literal Direction WG Timed Text WG CSS WG Web Authentication WG Closed  Internationalization Tag Set IG Meeting Industry Needs Web Payments   All Web Payments specifications  W3C's payments standards enable a streamlined checkout experience, enabling a consistent user experience across the Web with lower front end development costs for merchants. Users can store and reuse information and more quickly and accurately complete online transactions.  The Web Payments Working Group has republished Payment Request API as a Candidate Recommendation, aiming to publish a Proposed Recommendation in the Fall 2019, and is discussing use cases and features for Payment Request after publication of the 1.0 Recommendation. Browser vendors have been finalizing implementation of features added in the past year (view the implementation report).  As work continues on the Payment Handler API and its implementation (currently in Chrome and Edge Canary), one focus in 2019 is to increase adoption in other browsers. Recently, Mastercard demonstrated the use of Payment Request API to carry out EMVCo's Secure Remote Commerce (SRC) protocol whose payment method definition is being developed with active participation by Visa, Mastercard, American Express, and Discover. Payment method availability is a key factor in merchant considerations about adopting Payment Request API. The ability to get uniform adoption of a new payment method such as Secure Remote Commerce (SRC) also depends on the availability of the Payment Handler API in browsers, or of proprietary alternatives.  Web Monetization, which the Web Payments Working Group will discuss again at its face-to-face meeting in September, can be used to enable micropayments as an alternative revenue stream to advertising.  Since the beginning of 2019, Amazon, Brave Software, JCB, Certus Cybersecurity Solutions and Netflix have joined the Web Payments Working Group.  In April, W3C launched the Web Payment Security Group to enable W3C, EMVCo, and the FIDO Alliance to collaborate on a vision for Web payment security and interoperability. Participants will define areas of collaboration and identify gaps between existing technical specifications in order to increase compatibility among different technologies, such as:  How do SRC, FIDO, and Payment Request relate? The Payment Services Directive 2 (PSD2) regulations in Europe are scheduled to take effect in September 2019. What is the role of EMVCo, W3C, and FIDO technologies, and what is the current state of readiness for the deadline? How can we improve privacy on the Web at the same time as we meet industry requirements regarding user identity? Digital Publishing   All Digital Publishing specifications, Publication milestones  The Web is the universal publishing platform. Publishing is increasingly impacted by the Web, and the Web increasingly impacts Publishing.  Topic of particular interest to Publishing@W3C include typography and layout, accessibility, usability, portability, distribution, archiving, offline access, print on demand, and reliable cross referencing. And the diverse publishing community represented in the groups consist of the traditional ""trade"" publishers, ebook reading system manufacturers, but also publishers of audio book, scholarly journals or educational materials, library scientists or browser developers.  The Publishing Working Group currently concentrates on Audiobooks which lack a comprehensive standard, thus incurring extra costs and time to publish in this booming market. Active development is ongoing on the future standard:  Publication Manifest Audiobook profile for Web Publications Lightweight Packaging Format The BD Comics Manga Community Group, the Synchronized Multimedia for Publications Community Group, the Publishing Community Group and a future group on archival, are companions to the working group where specific work is developed and incubated.  The Publishing Community Group is a recently launched incubation channel for Publishing@W3C. The goal of the group is to propose, document, and prototype features broadly related to:  publications on the Web reading modes and systems and the user experience of publications The EPUB 3 Community Group has successfully completed the revision of EPUB 3.2.  The Publishing Business Group fosters ongoing participation by members of the publishing industry and the overall ecosystem in the development of Web infrastructure to better support the needs of the industry. The Business Group serves as an additional conduit to the Publishing Working Group and several Community Groups for feedback between the publishing ecosystem and W3C. The Publishing BG has played a vital role in fostering and advancing the adoption and continued development of EPUB 3. In particular the BG provided critical support to the update of EPUBCheck to validate EPUB content to the new EPUB 3.2 specification. This resulted in the development, in conjunction with the EPUB3 Community Group, of a new generation of EPUBCheck, i.e., EPUBCheck 4.2 production-ready release.  Media and Entertainment   All Media specifications  The Media and Entertainment vertical tracks media-related topics and features that create immersive experiences for end users. HTML5 brought standard audio and video elements to the Web. Standardization activities since then have aimed at turning the Web into a professional platform fully suitable for the delivery of media content and associated materials, enabling missing features to stream video content on the Web such as adaptive streaming and content protection. Together with Microsoft, Comcast, Netflix and Google, W3C received an Technology & Engineering Emmy Award in April 2019 for standardization of a full TV experience on the Web. Current goals are to:  Reinforce core media technologies: Creation of the Media Working Group, to develop media-related specifications incubated in the WICG (e.g. Media Capabilities, Picture-in-picture, Media Session) and maintain maintain/evolve Media Source Extensions (MSE) and Encrypted Media Extensions (EME). Improve support for Media Timed Events: data cues incubation. Enhance color support (HDR, wide gamut), in scope of the CSS WG and in the Color on the Web CG. Reduce fragmentation: Continue annual releases of a common and testable baseline media devices, in scope of the Web Media APIs CG and in collaboration with the CTA WAVE Project. Maintain the Road-map of Media Technologies for the Web which highlights Web technologies that can be used to build media applications and services, as well as known gaps to enable additional use cases. Create the future: Discuss perspectives for Media and Entertainment for the Web. Bring the power of GPUs to the Web (graphics, machine learning, heavy processing), under incubation in the GPU for the Web CG. Transition to a Working Group is under discussion. Determine next steps after the successful W3C Workshop on Web Games of June 2019. View the report. Timed Text  The Timed Text Working Group develops and maintains formats used for the representation of text synchronized with other timed media, like audio and video, and notably works on TTML, profiles of TTML, and WebVTT. Recent progress includes:  A robust WebVTT implementation report poises the specification for publication as a proposed recommendation. Discussions around re-chartering, notably to add a TTML Profile for Audio Description deliverable to the scope of the group, and clarify that rendering of captions within XR content is also in scope. Immersive Web  Hardware that enables Virtual Reality (VR) and Augmented Reality (AR) applications are now broadly available to consumers, offering an immersive computing platform with both new opportunities and challenges. The ability to interact directly with immersive hardware is critical to ensuring that the web is well equipped to operate as a first-class citizen in this environment.  The Immersive Web Working Group has been stabilizing the WebXR Device API while the companion Immersive Web Community Group incubates the next series of features identified as key for the future of the Immersive Web.  W3C plans a workshop focused on the needs and benefits at the intersection of VR & Accessibility (Inclusive XR), on 5-6 November 2019 in Seattle, WA, USA, to explore existing and future approaches on making Virtual and Augmented Reality experiences more inclusive.  Web & Telecommunications  The Web is the Open Platform for Mobile. Telecommunication service providers and network equipment providers have long been critical actors in the deployment of Web technologies. As the Web platform matures, it brings richer and richer capabilities to extend existing services to new users and devices, and propose new and innovative services.  Real-Time Communications (WebRTC)   All Real-Time Communications specifications  WebRTC has reshaped the whole communication landscape by making any connected device a potential communication end-point, bringing audio and video communications anywhere, on any network, vastly expanding the ability of operators to reach their customers. WebRTC serves as the corner-stone of many online communication and collaboration services.  The WebRTC Working Group aims to bringing WebRTC 1.0 (and companion specification Media Capture and Streams) to Recommendation by the end of 2019. Intense efforts are focused on testing (supported by a dedicated hackathon at IETF 104) and interoperability. The group is considering pushing features that have not gotten enough traction to separate modules or to a later minor revision of the spec.  Beyond WebRTC 1.0, the WebRTC Working Group will focus its efforts on WebRTC NV which the group has started documenting by identifying use cases.  Web & Networks  Recently launched, in the wake of the May 2018 Web5G workshop, the Web & Networks Interest Group is chaired by representatives from AT&T, China Mobile and Intel, with a goal to explore solutions for web applications to achieve better performance and resource allocation, both on the device and network. The group's first efforts are around use cases, privacy & security requirements and liaisons.  Automotive   All Automotive specifications  To create a rich application ecosystem for vehicles and other devices allowed to connect to the vehicle, the W3C Automotive Working Group is delivering a service specification to expose all common vehicle signals (engine temperature, fuel/charge level, range, tire pressure, speed, etc.)  The Vehicle Information Service Specification (VISS), which is a Candidate Recommendation, is seeing more implementations across the industry. It provides the access method to a common data model for all the vehicle signals –presently encapsulating a thousand or so different data elements– and will be growing to accommodate the advances in automotive such as autonomous and driver assist technologies and electrification.  The group is already working on a successor to VISS, leveraging the underlying data model and the VIWI submission from Volkswagen, for a more robust means of accessing vehicle signals information and the same paradigm for other automotive needs including location-based services, media, notifications and caching content.  The Automotive and Web Platform Business Group acts as an incubator for prospective standards work. One of its task forces is using W3C VISS in performing data sampling and off-boarding the information to the cloud. Access to the wealth of information that W3C's auto signals standard exposes is of interest to regulators, urban planners, insurance companies, auto manufacturers, fleet managers and owners, service providers and others. In addition to components needed for data sampling and edge computing, capturing user and owner consent, information collection methods and handling of data are in scope.  The upcoming W3C Workshop on Data Models for Transportation (September 2019) is expected to focus on the need of additional ontologies around transportation space.  Web of Things   All Web of Things specifications  W3C's Web of Things work is designed to bridge disparate technology stacks to allow devices to work together and achieve scale, thus enabling the potential of the Internet of Things by eliminating fragmentation and fostering interoperability.  Thing descriptions expressed in JSON-LD cover the behavior, interaction affordances, data schema, security configuration, and protocol bindings. The Web of Things complements existing IoT ecosystems to reduce the cost and risk for suppliers and consumers of applications that create value by combining multiple devices and information services. There are many sectors that will benefit, e.g. smart homes, smart cities, smart industry, smart agriculture, smart healthcare and many more.  The Web of Things Working Group is finishing the initial Web of Things standards, with support from the Web of Things Interest Group:  Web of Things Architecture Thing Descriptions Strengthening the Core of the Web HTML   The HTML Working Group was chartered early June to assist the W3C community in raising issues and proposing solutions for the HTML and DOM specifications, and to produce W3C Recommendations from WHATWG Review Drafts.  A few days before, W3C and the WHATWG signed a Memorandum of Understanding outlining the agreement to collaborate on the development of a single version of the HTML and DOM specifications.  Issues and proposed solutions for HTML and DOM done via the newly rechartered HTML Working Group in the WHATWG repositories  The HTML Working Group is targetting November 2019 to bring HTML and DOM to Candidate Recommendations.  CSS  All CSS specifications  CSS is a critical part of the Open Web Platform. The CSS Working Group gathers requirements from two large groups of CSS users: the publishing industry and application developers. Within W3C, those groups are exemplified by the Publishing groups and the Web Platform Working Group. The former requires things like better pagination support and advanced font handling, the latter needs intelligent (and fast!) scrolling and animations.  What we know as CSS is actually a collection of almost a hundred specifications, referred to as ‘modules’. The current state of CSS is defined by a snapshot, updated once a year. The group also publishes an index defining every term defined by CSS specifications.  Fonts   All Fonts specifications  The Web Fonts Working Group develops specifications that allow the interoperable deployment of downloadable fonts on the Web, with a focus on Progressive Font Enrichment as well as maintenance of WOFF Recommendations.  Recent and ongoing work includes:  Early API experiments by Adobe and Monotype have demonstrated the feasibility of a font enrichment API, where a server delivers a font with minimal glyph repertoire and the client can query the full repertoire and request additional subsets on-the-fly. In other experiments, the Brotli compression used in WOFF 2 was extended to support shared dictionaries and patch update. Metrics to quantify improvement are a current hot discussion topic. The group will meet at ATypi 2019 in Japan, to gather requirements from the international typography community. The group will first produce a report summarizing the strengths and weaknesses of each prototype solution by Q2 2020. SVG   All SVG specifications  SVG is an important and widely-used part of the Open Web Platform. The SVG Working Group focuses on aligning the SVG 2.0 specification with browser implementations, having split the specification into a currently-implemented 2.0 and a forward-looking 2.1. Current activity is on stabilization, increased integration with the Open Web Platform, and test coverage analysis.  The Working Group was rechartered in March 2019. A new work item concerns native (non-Web-browser) uses of SVG as a non-interactive, vector graphics format.  Audio  The Web Audio Working Group was extended to finish its work on the Web Audio API, expecting to publish it as a Recommendation by year end. The specification enables synthesizing audio in the browser. Audio operations are performed with audio nodes, which are linked together to form a modular audio routing graph. Multiple sources — with different types of channel layout — are supported. This modular design provides the flexibility to create complex audio functions with dynamic effects.  The first version of Web Audio API is now feature complete and is implemented in all modern browsers. Work has started on the next version, and new features are being incubated in the Audio Community Group.  Performance   Web Performance  All Web Performance specifications  There are currently 18 specifications in development in the Web Performance Working Group aiming to provide methods to observe and improve aspects of application performance of user agent features and APIs. The W3C team is looking at related work incubated in the W3C GPU for the Web (WebGPU) Community Group which is poised to transition to a W3C Working Group. A preliminary draft charter is available.  WebAssembly  All WebAssembly specifications  WebAssembly improves Web performance and power by being a virtual machine and execution environment enabling loaded pages to run native (compiled) code. It is deployed in Firefox, Edge, Safari and Chrome. The specification will soon reach Candidate Recommendation.  WebAssembly enables near-native performance, optimized load time, and perhaps most importantly, a compilation target for existing code bases. While it has a small number of native types, much of the performance increase relative to Javascript derives from its use of consistent typing. WebAssembly leverages decades of optimization for compiled languages and the byte code is optimized for compactness and streaming (the web page starts executing while the rest of the code downloads). Network and API access all occurs through accompanying Javascript libraries -- the security model is identical to that of Javascript.  Requirements gathering and language development occur in the Community Group while the Working Group manages test development, community review and progression of specifications on the Recommendation Track.  Testing  Browser testing plays a critical role in the growth of the Web by:  Improving the reliability of Web technology definitions; Improving the quality of implementations of these technologies by helping vendors to detect bugs in their products; Improving the data available to Web developers on known bugs and deficiencies of Web technologies by publishing results of these tests. Browser Testing and Tools  The Browser Testing and Tools Working Group is developing WebDriver version 2, having published last year the W3C Recommendation of WebDriver. WebDriver acts as a remote control interface that enables introspection and control of user agents, provides a platform- and language-neutral wire protocol as a way for out-of-process programs to remotely instruct the behavior of Web, and emulates the actions of a real person using the browser.  WebPlatform Tests   The WebPlatform Tests project now provides a mechanism which allows to fully automate tests that previously needed to be run manually: TestDriver.  TestDriver enables sending trusted key and mouse events, sending complex series of trusted pointer and key interactions for things like in-content drag-and-drop or pinch zoom, and even file upload.  Since 2014 W3C began work on this coordinated open-source effort to build a cross-browser test suite for the Web Platform, which WHATWG, and all major browsers adopted.  Web of Data   All Data specifications  There have been several great success stories around the standardization of data on the web over the past year.  Verifiable Claims seems to have significant uptake. It is also significant that the Distributed Identifier WG charter has received numerous favorable reviews, and was just recently launched. JSON-LD has been a major success with the large deployment on Web sites via schema.org.  JSON-LD 1.1 completed technical work, about to transition to CR More than 25% of websites today include schema.org data in JSON-LD The Web of Things description is in CR since May, making use of JSON-LD Verifiable Credentials data model is in CR since July, also making use of JSON-LD Continued strong interest in decentralized identifiers Engagement from the TAG with reframing core documents, such as Ethical Web Principles, to include data on the web within their scope Data is increasingly important for all organizations, especially with the rise of IoT and Big Data. W3C has a mature and extensive suite of standards relating to data that were developed over two decades of experience, with plans for further work on making it easier for developers to work with graph data and knowledge graphs.  Linked Data is about the use of URIs as names for things, the ability to dereference these URIs to get further information and to include links to other data. There are ever-increasing sources of open Linked Data on the Web, as well as data services that are restricted to the suppliers and consumers of those services.  The digital transformation of industry is seeking to exploit advanced digital technologies. This will facilitate businesses to integrate horizontally along the supply and value chains, and vertically from the factory floor to the office floor. W3C is seeking to make it easier to support enterprise-wide data management and governance, reflecting the strategic importance of data to modern businesses.  Traditional approaches to data have focused on tabular databases (SQL/RDBMS), Comma Separated Value (CSV) files, and data embedded in PDF documents and spreadsheets. We're now in midst of a major shift to graph data with nodes and labeled directed links between them. Graph data is:  Faster than using SQL and associated JOIN operations More favorable to integrating data from heterogeneous sources Better suited to situations where the data model is evolving In the wake of the recent W3C Workshop on Graph Data we are in the process of launching a Graph Standardization Business Group to provide a business perspective with use cases and requirements, to coordinate technical standards work and liaisons with external organizations.  Web for All Security, Privacy, Identity  All Security specifications, all Privacy specifications  Authentication on the Web   As the WebAuthn Level 1 W3C Recommendation published last March is seeing wide implementation and adoption of strong cryptographic authentication, work is proceeding on Level 2.  The open standard Web API gives native authentication technology built into native platforms, browsers, operating systems (including mobile) and hardware, offering protection against hacking, credential theft, phishing attacks, thus aiming to end the era of passwords as a security construct. You may read more in our March press release.  Privacy  An increasing number of W3C specifications are benefitting from Privacy and Security review; there are security and privacy aspects to every specification. Early review is essential. Working with the TAG, the Privacy Interest Group has updated the Self-Review Questionnaire: Security and Privacy.  Other recent work of the group includes public blogging further to the exploration of anti-patterns in standards and permission prompts.  Security  The Web Application Security Working Group adopted Feature Policy, aiming to allow developers to selectively enable, disable, or modify the behavior of some of these browser features and APIs within their application; and Fetch Metadata, aiming to provide servers with enough information to make a priori decisions about whether or not to service a request based on the way it was made, and the context in which it will be used.  The Web Payment Security Interest Group, launched last April, convenes members from W3C, EMVCo, and the FIDO Alliance to discuss cooperative work to enhance the security and interoperability of Web payments (read more about payments).  Internationalization (i18n)   All Internationalization specifications, educational articles related to Internationalization, spec developers checklist  Only a quarter or so current Web users use English online and that proportion will continue to decrease as the Web reaches more and more communities of limited English proficiency. If the Web is to live up to the ""World Wide"" portion of its name, and for the Web to truly work for stakeholders all around the world engaging with content in various languages, it must support the needs of worldwide users as they engage with content in the various languages. The growth of epublishing also brings requirements for new features and improved typography on the Web. It is important to ensure the needs of local communities are captured.  The W3C Internationalization Initiative was set up to increase in-house resources dedicated to accelerating progress in making the World Wide Web ""worldwide"" by gathering user requirements, supporting developers, and education & outreach.  For an overview of current projects see the i18n radar. W3C's Internationalization efforts progressed on a number of fronts recently:  Requirements: New African and European language groups will work on the gap analysis, errata and layout requirements. Gap analysis: Japanese, Devanagari, Bengali, Tamil, Lao, Khmer, Javanese, and Ethiopic updated in the gap-analysis documents. Layout requirements document: notable progress tracked in the Southeast Asian Task Force while work continues on Chinese layout requirements. Developer support: Spec reviews: the i18n WG continues active review of specifications of the WHATWG and other W3C Working Groups. Short review checklist: easy way to begin a self-review to help spec developers understand what aspects of their spec are likely to need attention for internationalization, and points them to more detailed checklists for the relevant topics. It also helps those reviewing specs for i18n issues. Strings on the Web: Language and Direction Metadata lays out issues and discusses potential solutions for passing information about language and direction with strings in JSON or other data formats. The document was rewritten for clarity, and expanded. The group is collaborating with the JSON-LD and Web Publishing groups to develop a plan for updating RDF, JSON-LD and related specifications to handle metadata for base direction of text (bidi). User-friendly test format: a new format was developed for Internationalization Test Suite tests, which displays helpful information about how the test works. This particularly useful because those tests are pointed to by educational materials and gap-analysis documents. Web Platform Tests: a large number of tests in the i18n test suite have been ported to the WPT repository, including: css-counter-styles, css-ruby, css-syntax, css-test, css-text-decor, css-writing-modes, and css-pseudo. Education & outreach: (for all educational materials, see the HTML & CSS Authoring Techniques) Web Accessibility   All Accessibility specifications, WAI resources  The Web Accessibility Initiative supports W3C's Web for All mission. Recent achievements include:  Education and training: Inaccessibility of CAPTCHA updated to bring our analysis and recommendations up to date with CAPTCHA practice today, concluding two years of extensive work and invaluable input from the public (read more on the W3C Blog Learn why your web content and applications should be accessible. The Education and Outreach Working Group has completed revision and updating of the Business Case for Digital Accessibility. Accessibility guidelines: The Accessibility Guidelines Working Group has continued to update WCAG Techniques and Understanding WCAG 2.1; and published a Candidate Recommendation of Accessibility Conformance Testing Rules Format 1.0 to improve inter-rater reliability when evaluating conformance of web content to WCAG An updated charter is being developed to host work on ""Silver"", the next generation accessibility guidelines (WCAG 2.2) There are accessibility aspects to most specifications. Check your work with the FAST checklist.  Outreach to the world W3C Developer Relations   To foster the excellent feedback loop between Web Standards development and Web developers, and to grow participation from that diverse community, recent W3C Developer Relations activities include:  @w3cdevs tracks the enormous amount of work happening across W3C W3C Track during the Web Conference 2019 in San Francisco Tech videos: W3C published the 2019 Web Games Workshop videos The 16 September 2019 Developer Meetup in Fukuoka, Japan, is open to all and will combine a set of technical demos prepared by W3C groups, and a series of talks on a selected set of W3C technologies and projects W3C is involved with Mozilla, Google, Samsung, Microsoft and Bocoup in the organization of ViewSource 2019 in Amsterdam (read more on the W3C Blog) W3C Training   In partnership with EdX, W3C's MOOC training program, W3Cx offers a complete ""Front-End Web Developer"" (FEWD) professional certificate program that consists of a suite of five courses on the foundational languages that power the Web: HTML5, CSS and JavaScript. We count nearly 900K students from all over the world.  Translations  Many Web users rely on translations of documents developed at W3C whose official language is English. W3C is extremely grateful to the continuous efforts of its community in ensuring our various deliverables in general, and in our specifications in particular, are made available in other languages, for free, ensuring their exposure to a much more diverse set of readers.  Last Spring we developed a more robust system, a new listing of translations of W3C specifications and updated the instructions on how to contribute to our translation efforts.  W3C Liaisons   Liaisons and coordination with numerous organizations and Standards Development Organizations (SDOs) is crucial for W3C to:  make sure standards are interoperable coordinate our respective agenda in Internet governance: W3C participates in ICANN, GIPO, IGF, the I* organizations (ICANN, IETF, ISOC, IAB). ensure at the government liaison level that our standards work is officially recognized when important to our membership so that products based on them (often done by our members) are part of procurement orders. W3C has ARO/PAS status with ISO. W3C participates in the EU MSP and Rolling Plan on Standardization ensure the global set of Web and Internet standards form a compatible stack of technologies, at the technical and policy level (patent regime, fragmentation, use in policy making) promote Standards adoption equally by the industry, the public sector, and the public at large Coralie Mercier, Editor, W3C Marketing & Communications $Id: Overview.html,v 1.60 2019/10/15 12:05:52 coralie Exp $ Copyright © 2019 W3C ® (MIT, ERCIM, Keio, Beihang) Usage policies apply.",,2026-07-14T08:58:01.595583+00:00,
sayantann11/all-classification-templetes-for-ML,https://github.com/sayantann11/all-classification-templetes-for-ML,live,200,stale_pushed_at,,Learning to Discover at Test Time,manual_validation_queue,529,0,297,59,0,false,false,false,,master,2020-05-05T10:28:52Z,2026-07-12T10:09:03Z,2024-05-15T11:46:23Z,789,"Classification - Machine Learning This is ‘Classification’ tutorial which is a part of the Machine Learning course offered by Simplilearn. We will learn Classification algorithms, types of classification algorithms, support vector machines(SVM), Naive Bayes, Decision Tree and Random Forest Classifier in this tutorial.  Objectives Let us look at some of the objectives covered under this section of Machine Learning tutorial.  Define Classification and list its algorithms Describe Logistic Regression and Sigmoid Probability Explain K-Nearest Neighbors and KNN classification Understand Support Vector Machines, Polynomial Kernel, and Kernel Trick Analyze Kernel Support Vector Machines with an example Implement the Naïve Bayes Classifier Demonstrate Decision Tree Classifier Describe Random Forest Classifier Classification: Meaning Classification is a type of supervised learning. It specifies the class to which data elements belong to and is best used when the output has finite and discrete values. It predicts a class for an input variable as well.  There are 2 types of Classification:   Binomial Multi-Class Classification: Use Cases Some of the key areas where classification cases are being used:  To find whether an email received is a spam or ham To identify customer segments To find if a bank loan is granted To identify if a kid will pass or fail in an examination Classification: Example Social media sentiment analysis has two potential outcomes, positive or negative, as displayed by the chart given below.  https://www.simplilearn.com/ice9/free_resources_article_thumb/classification-example-machine-learning.JPG  This chart shows the classification of the Iris flower dataset into its three sub-species indicated by codes 0, 1, and 2. https://www.simplilearn.com/ice9/free_resources_article_thumb/iris-flower-dataset-graph.JPG  The test set dots represent the assignment of new test data points to one class or the other based on the trained classifier model. Types of Classification Algorithms Let’s have a quick look into the types of Classification Algorithm below.  Linear Models Logistic Regression Support Vector Machines Nonlinear models K-nearest Neighbors (KNN) Kernel Support Vector Machines (SVM) Naïve Bayes Decision Tree Classification Random Forest Classification Logistic Regression: Meaning Let us understand the Logistic Regression model below.  This refers to a regression model that is used for classification. This method is widely used for binary classification problems. It can also be extended to multi-class classification problems. Here, the dependent variable is categorical: y ϵ {0, 1} A binary dependent variable can have only two values, like 0 or 1, win or lose, pass or fail, healthy or sick, etc In this case, you model the probability distribution of output y as 1 or 0. This is called the sigmoid probability (σ). If σ(θ Tx) > 0.5, set y = 1, else set y = 0 Unlike Linear Regression (and its Normal Equation solution), there is no closed form solution for finding optimal weights of Logistic Regression. Instead, you must solve this with maximum likelihood estimation (a probability model to detect the maximum likelihood of something happening). It can be used to calculate the probability of a given outcome in a binary model, like the probability of being classified as sick or passing an exam. https://www.simplilearn.com/ice9/free_resources_article_thumb/logistic-regression-example-graph.JPG  Sigmoid Probability The probability in the logistic regression is often represented by the Sigmoid function (also called the logistic function or the S-curve):  https://www.simplilearn.com/ice9/free_resources_article_thumb/sigmoid-function-machine-learning.JPG  In this equation, t represents data values * the number of hours studied and S(t) represents the probability of passing the exam. Assume sigmoid function: https://www.simplilearn.com/ice9/free_resources_article_thumb/sigmoid-probability-machine-learning.JPG  g(z) tends toward 1 as z -> infinity , and g(z) tends toward 0 as z -> infinity  K-nearest Neighbors (KNN) K-nearest Neighbors algorithm is used to assign a data point to clusters based on similarity measurement. It uses a supervised method for classification.  The steps to writing a k-means algorithm are as given below:  https://www.simplilearn.com/ice9/free_resources_article_thumb/knn-distribution-graph-machine-learning.JPG  Choose the number of k and a distance metric. (k = 5 is common) Find k-nearest neighbors of the sample that you want to classify Assign the class label by majority vote. KNN Classification A new input point is classified in the category such that it has the most number of neighbors from that category. For example:  https://www.simplilearn.com/ice9/free_resources_article_thumb/knn-classification-machine-learning.JPG  Classify a patient as high risk or low risk. Mark email as spam or ham. Keen on learning about Classification Algorithms in Machine Learning? Click here!  Support Vector Machine (SVM) Let us understand Support Vector Machine (SVM) in detail below.  SVMs are classification algorithms used to assign data to various classes. They involve detecting hyperplanes which segregate data into classes. SVMs are very versatile and are also capable of performing linear or nonlinear classification, regression, and outlier detection. Once ideal hyperplanes are discovered, new data points can be easily classified. https://www.simplilearn.com/ice9/free_resources_article_thumb/support-vector-machines-graph-machine-learning.JPG  The optimization objective is to find “maximum margin hyperplane” that is farthest from the closest points in the two classes (these points are called support vectors). In the given figure, the middle line represents the hyperplane. SVM Example Let’s look at this image below and have an idea about SVM in general.  Hyperplanes with larger margins have lower generalization error. The positive and negative hyperplanes are represented by: https://www.simplilearn.com/ice9/free_resources_article_thumb/positive-negative-hyperplanes-machine-learning.JPG  Classification of any new input sample xtest :  If w0 + wTxtest > 1, the sample xtest is said to be in the class toward the right of the positive hyperplane. If w0 + wTxtest < -1, the sample xtest is said to be in the class toward the left of the negative hyperplane. When you subtract the two equations, you get:  https://www.simplilearn.com/ice9/free_resources_article_thumb/equation-subtraction-machine-learning.JPG  Length of vector w is (L2 norm length):  https://www.simplilearn.com/ice9/free_resources_article_thumb/length-of-vector-machine-learning.JPG  You normalize with the length of w to arrive at:  https://www.simplilearn.com/ice9/free_resources_article_thumb/normalize-equation-machine-learning.JPG  SVM: Hard Margin Classification Given below are some points to understand Hard Margin Classification.  The left side of equation SVM-1 given above can be interpreted as the distance between the positive (+ve) and negative (-ve) hyperplanes; in other words, it is the margin that can be maximized. Hence the objective of the function is to maximize with the constraint that the samples are classified correctly, which is represented as : https://www.simplilearn.com/ice9/free_resources_article_thumb/hard-margin-classification-machine-learning.JPG  This means that you are minimizing ‖w‖. This also means that all positive samples are on one side of the positive hyperplane and all negative samples are on the other side of the negative hyperplane. This can be written concisely as : https://www.simplilearn.com/ice9/free_resources_article_thumb/hard-margin-classification-formula.JPG  Minimizing ‖w‖ is the same as minimizing. This figure is better as it is differentiable even at w = 0. The approach listed above is called “hard margin linear SVM classifier.” SVM: Soft Margin Classification   Given below are some points to understand Soft Margin Classification.  To allow for linear constraints to be relaxed for nonlinearly separable data, a slack variable is introduced. (i) measures how much ith instance is allowed to violate the margin. The slack variable is simply added to the linear constraints. https://www.simplilearn.com/ice9/free_resources_article_thumb/soft-margin-calculation-machine-learning.JPG  Subject to the above constraints, the new objective to be minimized becomes: https://www.simplilearn.com/ice9/free_resources_article_thumb/soft-margin-calculation-formula.JPG  You have two conflicting objectives now—minimizing slack variable to reduce margin violations and minimizing to increase the margin. The hyperparameter C allows us to define this trade-off. Large values of C correspond to larger error penalties (so smaller margins), whereas smaller values of C allow for higher misclassification errors and larger margins. https://www.simplilearn.com/ice9/free_resources_article_thumb/machine-learning-certification-video-preview.jpg  SVM: Regularization The concept of C is the reverse of regularization. Higher C means lower regularization, which increases bias and lowers the variance (causing overfitting).  https://www.simplilearn.com/ice9/free_resources_article_thumb/concept-of-c-graph-machine-learning.JPG  IRIS Data Set The Iris dataset contains measurements of 150 IRIS flowers from three different species:  Setosa Versicolor Viriginica Each row represents one sample. Flower measurements in centimeters are stored as columns. These are called features.  IRIS Data Set: SVM Let’s train an SVM model using sci-kit-learn for the Iris dataset:  https://www.simplilearn.com/ice9/free_resources_article_thumb/svm-model-graph-machine-learning.JPG  Nonlinear SVM Classification There are two ways to solve nonlinear SVMs:  by adding polynomial features by adding similarity features Polynomial features can be added to datasets; in some cases, this can create a linearly separable dataset.  https://www.simplilearn.com/ice9/free_resources_article_thumb/nonlinear-classification-svm-machine-learning.JPG  In the figure on the left, there is only 1 feature x1. This dataset is not linearly separable. If you add x2 = (x1)2 (figure on the right), the data becomes linearly separable. Polynomial Kernel In sci-kit-learn, one can use a Pipeline class for creating polynomial features. Classification results for the Moons dataset are shown in the figure.  https://www.simplilearn.com/ice9/free_resources_article_thumb/polynomial-kernel-machine-learning.JPG  Polynomial Kernel with Kernel Trick Let us look at the image below and understand Kernel Trick in detail.  https://www.simplilearn.com/ice9/free_resources_article_thumb/polynomial-kernel-with-kernel-trick.JPG  For large dimensional datasets, adding too many polynomial features can slow down the model. You can apply a kernel trick with the effect of polynomial features without actually adding them. The code is shown (SVC class) below trains an SVM classifier using a 3rd-degree polynomial kernel but with a kernel trick. https://www.simplilearn.com/ice9/free_resources_article_thumb/polynomial-kernel-equation-machine-learning.JPG  The hyperparameter coefθ controls the influence of high-degree polynomials.  Kernel SVM Let us understand in detail about Kernel SVM.  Kernel SVMs are used for classification of nonlinear data. In the chart, nonlinear data is projected into a higher dimensional space via a mapping function where it becomes linearly separable. https://www.simplilearn.com/ice9/free_resources_article_thumb/kernel-svm-machine-learning.JPG  In the higher dimension, a linear separating hyperplane can be derived and used for classification.  A reverse projection of the higher dimension back to original feature space takes it back to nonlinear shape.  As mentioned previously, SVMs can be kernelized to solve nonlinear classification problems. You can create a sample dataset for XOR gate (nonlinear problem) from NumPy. 100 samples will be assigned the class sample 1, and 100 samples will be assigned the class label -1. https://www.simplilearn.com/ice9/free_resources_article_thumb/kernel-svm-graph-machine-learning.JPG  As you can see, this data is not linearly separable.  https://www.simplilearn.com/ice9/free_resources_article_thumb/kernel-svm-non-separable.JPG  You now use the kernel trick to classify XOR dataset created earlier.  https://www.simplilearn.com/ice9/free_resources_article_thumb/kernel-svm-xor-machine-learning.JPG  Naïve Bayes Classifier What is Naive Bayes Classifier?  Have you ever wondered how your mail provider implements spam filtering or how online news channels perform news text classification or even how companies perform sentiment analysis of their audience on social media? All of this and more are done through a machine learning algorithm called Naive Bayes Classifier.  Naive Bayes Named after Thomas Bayes from the 1700s who first coined this in the Western literature. Naive Bayes classifier works on the principle of conditional probability as given by the Bayes theorem.  Advantages of Naive Bayes Classifier Listed below are six benefits of Naive Bayes Classifier.  Very simple and easy to implement Needs less training data Handles both continuous and discrete data Highly scalable with the number of predictors and data points As it is fast, it can be used in real-time predictions Not sensitive to irrelevant features Bayes Theorem We will understand Bayes Theorem in detail from the points mentioned below.  According to the Bayes model, the conditional probability P(Y|X) can be calculated as:  P(Y|X) = P(X|Y)P(Y) / P(X)  This means you have to estimate a very large number of P(X|Y) probabilities for a relatively small vector space X. For example, for a Boolean Y and 30 possible Boolean attributes in the X vector, you will have to estimate 3 billion probabilities P(X|Y). To make it practical, a Naïve Bayes classifier is used, which assumes conditional independence of P(X) to each other, with a given value of Y. This reduces the number of probability estimates to 2*30=60 in the above example. Naïve Bayes Classifier for SMS Spam Detection Consider a labeled SMS database having 5574 messages. It has messages as given below:  https://www.simplilearn.com/ice9/free_resources_article_thumb/naive-bayes-spam-machine-learning.JPG  Each message is marked as spam or ham in the data set. Let’s train a model with Naïve Bayes algorithm to detect spam from ham. The message lengths and their frequency (in the training dataset) are as shown below:  https://www.simplilearn.com/ice9/free_resources_article_thumb/naive-bayes-spam-spam-detection.JPG  Analyze the logic you use to train an algorithm to detect spam:  Split each message into individual words/tokens (bag of words). Lemmatize the data (each word takes its base form, like “walking” or “walked” is replaced with “walk”). Convert data to vectors using scikit-learn module CountVectorizer. Run TFIDF to remove common words like “is,” “are,” “and.” Now apply scikit-learn module for Naïve Bayes MultinomialNB to get the Spam Detector. This spam detector can then be used to classify a random new message as spam or ham. Next, the accuracy of the spam detector is checked using the Confusion Matrix. For the SMS spam example above, the confusion matrix is shown on the right. Accuracy Rate = Correct / Total = (4827 + 592)/5574 = 97.21% Error Rate = Wrong / Total = (155 + 0)/5574 = 2.78% https://www.simplilearn.com/ice9/free_resources_article_thumb/confusion-matrix-machine-learning.JPG  Although confusion Matrix is useful, some more precise metrics are provided by Precision and Recall.  https://www.simplilearn.com/ice9/free_resources_article_thumb/precision-recall-matrix-machine-learning.JPG  Precision refers to the accuracy of positive predictions.  https://www.simplilearn.com/ice9/free_resources_article_thumb/precision-formula-machine-learning.JPG  Recall refers to the ratio of positive instances that are correctly detected by the classifier (also known as True positive rate or TPR).  https://www.simplilearn.com/ice9/free_resources_article_thumb/recall-formula-machine-learning.JPG  Precision/Recall Trade-off To detect age-appropriate videos for kids, you need high precision (low recall) to ensure that only safe videos make the cut (even though a few safe videos may be left out).  The high recall is needed (low precision is acceptable) in-store surveillance to catch shoplifters; a few false alarms are acceptable, but all shoplifters must be caught.  Learn about Naive Bayes in detail. Click here!  Decision Tree Classifier Some aspects of the Decision Tree Classifier mentioned below are.  Decision Trees (DT) can be used both for classification and regression. The advantage of decision trees is that they require very little data preparation. They do not require feature scaling or centering at all. They are also the fundamental components of Random Forests, one of the most powerful ML algorithms. Unlike Random Forests and Neural Networks (which do black-box modeling), Decision Trees are white box models, which means that inner workings of these models are clearly understood. In the case of classification, the data is segregated based on a series of questions. Any new data point is assigned to the selected leaf node. https://www.simplilearn.com/ice9/free_resources_article_thumb/decision-tree-classifier-machine-learning.JPG  Start at the tree root and split the data on the feature using the decision algorithm, resulting in the largest information gain (IG). This splitting procedure is then repeated in an iterative process at each child node until the leaves are pure. This means that the samples at each node belonging to the same class. In practice, you can set a limit on the depth of the tree to prevent overfitting. The purity is compromised here as the final leaves may still have some impurity. The figure shows the classification of the Iris dataset. https://www.simplilearn.com/ice9/free_resources_article_thumb/decision-tree-classifier-graph.JPG  IRIS Decision Tree Let’s build a Decision Tree using scikit-learn for the Iris flower dataset and also visualize it using export_graphviz API.  https://www.simplilearn.com/ice9/free_resources_article_thumb/iris-decision-tree-machine-learning.JPG  The output of export_graphviz can be converted into png format:  https://www.simplilearn.com/ice9/free_resources_article_thumb/iris-decision-tree-output.JPG  Sample attribute stands for the number of training instances the node applies to. Value attribute stands for the number of training instances of each class the node applies to. Gini impurity measures the node’s impurity. A node is “pure” (gini=0) if all training instances it applies to belong to the same class. https://www.simplilearn.com/ice9/free_resources_article_thumb/impurity-formula-machine-learning.JPG  For example, for Versicolor (green color node), the Gini is 1-(0/54)2 -(49/54)2 -(5/54) 2 ≈ 0.168  https://www.simplilearn.com/ice9/free_resources_article_thumb/iris-decision-tree-sample.JPG  Decision Boundaries Let us learn to create decision boundaries below.  For the first node (depth 0), the solid line splits the data (Iris-Setosa on left). Gini is 0 for Setosa node, so no further split is possible. The second node (depth 1) splits the data into Versicolor and Virginica. If max_depth were set as 3, a third split would happen (vertical dotted line). https://www.simplilearn.com/ice9/free_resources_article_thumb/decision-tree-boundaries.JPG  For a sample with petal length 5 cm and petal width 1.5 cm, the tree traverses to depth 2 left node, so the probability predictions for this sample are 0% for Iris-Setosa (0/54), 90.7% for Iris-Versicolor (49/54), and 9.3% for Iris-Virginica (5/54) CART Training Algorithm Scikit-learn uses Classification and Regression Trees (CART) algorithm to train Decision Trees. CART algorithm:  Split the data into two subsets using a single feature k and threshold tk (example, petal length < “2.45 cm”). This is done recursively for each node. k and tk are chosen such that they produce the purest subsets (weighted by their size). The objective is to minimize the cost function as given below: https://www.simplilearn.com/ice9/free_resources_article_thumb/cart-training-algorithm-machine-learning.JPG  The algorithm stops executing if one of the following situations occurs: max_depth is reached No further splits are found for each node Other hyperparameters may be used to stop the tree: min_samples_split min_samples_leaf min_weight_fraction_leaf max_leaf_nodes Gini Impurity or Entropy Entropy is one more measure of impurity and can be used in place of Gini.  https://www.simplilearn.com/ice9/free_resources_article_thumb/gini-impurity-entrophy.JPG  It is a degree of uncertainty, and Information Gain is the reduction that occurs in entropy as one traverses down the tree. Entropy is zero for a DT node when the node contains instances of only one class. Entropy for depth 2 left node in the example given above is:  https://www.simplilearn.com/ice9/free_resources_article_thumb/entrophy-for-depth-2.JPG  Gini and Entropy both lead to similar trees.  DT: Regularization The following figure shows two decision trees on the moons dataset.  https://www.simplilearn.com/ice9/free_resources_article_thumb/dt-regularization-machine-learning.JPG  The decision tree on the right is restricted by min_samples_leaf = 4. The model on the left is overfitting, while the model on the right generalizes better. Random Forest Classifier Let us have an understanding of Random Forest Classifier below.  A random forest can be considered an ensemble of decision trees (Ensemble learning). Random Forest algorithm: Draw a random bootstrap sample of size n (randomly choose n samples from the training set). Grow a decision tree from the bootstrap sample. At each node, randomly select d features. Split the node using the feature that provides the best split according to the objective function, for instance by maximizing the information gain. Repeat the steps 1 to 2 k times. (k is the number of trees you want to create, using a subset of samples) Aggregate the prediction by each tree for a new data point to assign the class label by majority vote (pick the group selected by the most number of trees and assign new data point to that group). Random Forests are opaque, which means it is difficult to visualize their inner workings. https://www.simplilearn.com/ice9/free_resources_article_thumb/random-forest-classifier-graph.JPG  However, the advantages outweigh their limitations since you do not have to worry about hyperparameters except k, which stands for the number of decision trees to be created from a subset of samples. RF is quite robust to noise from the individual decision trees. Hence, you need not prune individual decision trees. The larger the number of decision trees, the more accurate the Random Forest prediction is. (This, however, comes with higher computation cost). Key Takeaways Let us quickly run through what we have learned so far in this Classification tutorial.  Classification algorithms are supervised learning methods to split data into classes. They can work on Linear Data as well as Nonlinear Data. Logistic Regression can classify data based on weighted parameters and sigmoid conversion to calculate the probability of classes. K-nearest Neighbors (KNN) algorithm uses similar features to classify data. Support Vector Machines (SVMs) classify data by detecting the maximum margin hyperplane between data classes. Naïve Bayes, a simplified Bayes Model, can help classify data using conditional probability models. Decision Trees are powerful classifiers and use tree splitting logic until pure or somewhat pure leaf node classes are attained. Random Forests apply Ensemble Learning to Decision Trees for more accurate classification predictions. Conclusion This completes ‘Classification’ tutorial. In the next tutorial, we will learn 'Unsupervised Learning with Clustering.'",,2026-07-14T08:58:02.032701+00:00,
abdelfattah-lab/xKV,https://github.com/abdelfattah-lab/xKV,live,200,,,xKV: Cross-Layer KV-Cache Compression via Aligned Singular Vector Extraction,manual_validation_queue,518,0,52,7,3,false,false,false,Apache-2.0,main,2025-03-20T01:04:14Z,2026-07-07T12:07:02Z,2026-07-07T12:06:58Z,6,xKV: Cross-Layer SVD for KV-Cache Compression,https://abdelfattah-lab.github.io/xKV/,2026-07-14T08:58:02.489265+00:00,
NVlabs/GDPO,https://github.com/NVlabs/GDPO,live,200,,,GDPO: Group reward-Decoupled Normalization Policy Optimization for Multi-reward RL Optimization,manual_validation_queue,507,0,489,33,5,false,false,false,Apache-2.0,main,2025-12-09T04:01:14Z,2026-07-14T07:38:51Z,2026-05-20T08:59:00Z,54,Official implementation of GDPO: Group reward-Decoupled Normalization Policy Optimization for Multi-reward RL Optimization,,2026-07-14T08:58:02.930439+00:00,
ESHyperscale/HyperscaleES,https://github.com/ESHyperscale/HyperscaleES,live,200,,,Evolution Strategies at the Hyperscale,manual_validation_queue,405,0,346,36,2,false,false,false,GPL-3.0,main,2025-11-20T19:10:29Z,2026-07-11T20:08:53Z,2026-02-27T12:37:19Z,136,Jax Codebase for Evolutionary Strategies at the Hyperscale,,2026-07-14T08:58:03.372045+00:00,
sunrainyg/RandOpt,https://github.com/sunrainyg/RandOpt,live,200,,,Neural Thickets: Diverse Task Experts Are Dense Around Pretrained Weights,manual_validation_queue,365,0,628,68,0,false,false,false,,main,2026-02-18T17:00:45Z,2026-07-14T01:18:28Z,2026-07-10T04:47:06Z,4,"Official Codebase for ""Neural Thickets: Diverse Task Experts Are Dense Around Pretrained Weights"" (ICML 2026 Spotlight)",,2026-07-14T08:58:03.795954+00:00,
siyan-zhao/OPSD,https://github.com/siyan-zhao/OPSD,live,200,,,Self-Distilled Reasoner: On-Policy Self-Distillation for Large Language Models,manual_validation_queue,351,0,469,45,15,false,false,false,,main,2026-03-18T17:38:49Z,2026-07-14T08:21:49Z,2026-05-10T05:46:29Z,65,,,2026-07-14T08:58:04.337231+00:00,
SimonCao1207/LLM-Capacity,https://github.com/SimonCao1207/LLM-Capacity,live,200,,,How much can language models memorize?,manual_validation_queue,271,0,3,1,0,false,false,false,,main,2025-06-30T04:23:35Z,2026-07-13T14:19:45Z,2025-07-07T06:08:03Z,372,"Replication of paper ""How much do language models memorize?""",,2026-07-14T08:58:04.797176+00:00,
frankhlchi/SequentialDataVal,https://github.com/frankhlchi/SequentialDataVal,http_error:404,404,not_live_or_api_error,,Unifying and Optimizing Data Values for Selection via Sequential Decision-Making,manual_validation_queue,271,0,,,,,,,,,,,,,,,2026-07-14T08:58:05.179886+00:00,"{""message"":""Not Found"",""documentation_url"":""https://docs.github.com/rest/repos/repos#get-a-repository"",""status"":""404""}"
tajwarfahim/maxrl,https://github.com/tajwarfahim/maxrl,live,200,,,Maximum Likelihood Reinforcement Learning,manual_validation_queue,259,0,196,30,0,false,false,false,Apache-2.0,main,2026-02-02T23:20:47Z,2026-07-13T09:56:14Z,2026-05-28T03:20:21Z,47,"Official Implementation of ""Maximum Likelihood Reinforcement Learning (MaxRL)""",,2026-07-14T08:58:05.612072+00:00,
