category,divergence_score,public_vote_rank,event_id,title,area,subarea,is_oral,award,public_total_votes,visits_last_7_days,github_url,github_stars,review_plan_rank,review_phase,claim_ids,taxonomy_review_status,evidence_confidence,primary_contribution_type,method_families,evaluation_settings,calibration_question,suggested_first_check,url,alphaxiv_url
program_ahead_of_public,1000,3923,67084,Position: AI/ML Deepfake Research is Misaligned with AI Generated Non-Consensual Intimate Imagery (AIG-NCII),"Safety, Governance, Privacy, and Society","Position papers, policy, and social impacts",true,Outstanding Position Paper Honorable Mention,0,0,,0,8,main_thesis_claims,C03,stable_seed,medium,Position / conceptual,Agents / tool use,vision/video; security/safety; theory/synthetic,What technical reason might explain oral/award selection despite low public attention?,Do not treat AlphaXiv attention as quality. Program signal is not the same as paper-level correctness.,https://icml.cc/virtual/2026/poster/67084,
program_ahead_of_public,1000,3924,67118,Position: The Alignment Community is Unintentionally Building a Censor’s Toolkit,"Safety, Governance, Privacy, and Society","Position papers, policy, and social impacts",true,Outstanding Position Paper Award,0,0,,0,9,main_thesis_claims,C03,stable_seed,medium,Position / conceptual,LLM post-training; Agents / tool use,robotics/embodied; security/safety,What technical reason might explain oral/award selection despite low public attention?,Do not treat AlphaXiv attention as quality. Program signal is not the same as paper-level correctness.,https://icml.cc/virtual/2026/poster/67118,
program_ahead_of_public,1000,3925,62831,VenusBench-Mobile: A Challenging and User-Centric Benchmark for Mobile GUI Agents with Capability Diagnostics,"Agents, Code, and Tool Use","Agent evaluation, tool use, and agentic workflows",true,,0,13,https://github.com/inclusionAI/UI-Venus,1013,98,public_program_divergence,,stable_seed,medium,Benchmark / evaluation,Agents / tool use,,What technical reason might explain oral/award selection despite low public attention?,Oral/award paper with low AlphaXiv public votes.,https://icml.cc/virtual/2026/poster/62831,https://www.alphaxiv.org/abs/2604.06182
program_ahead_of_public,1000,3926,67249,Position: The AI Imperative: Scaling High-Quality Peer Review in Machine Learning,"Safety, Governance, Privacy, and Society","Position papers, policy, and social impacts",true,,0,4,,0,115,public_program_divergence,,stable_seed,medium,Position / conceptual,Reasoning / test-time compute,language/llm,What technical reason might explain oral/award selection despite low public attention?,Oral/award paper with low AlphaXiv public votes.,https://icml.cc/virtual/2026/poster/67249,https://www.alphaxiv.org/abs/2506.08134
program_ahead_of_public,1000,3927,66728,Unsupervised Partner Design Enables Robust Ad-hoc Teamwork,"Agents, Code, and Tool Use","Multi-agent search, planning, and coordination",true,,0,3,,0,61,taxonomy_boundaries,,needs_review,low,Method / algorithm,RL / policy optimization; Agents / tool use,,What technical reason might explain oral/award selection despite low public attention?,Oral/award paper with low AlphaXiv public votes.,https://icml.cc/virtual/2026/poster/66728,https://www.alphaxiv.org/abs/2508.06336
program_ahead_of_public,1000,3928,62587,Minimax Optimal Strategy for Delayed Observations in Online Reinforcement Learning,"Theory, Optimization, and Algorithms","Online learning, bandits, and regret",true,,0,3,,0,,,,stable_seed,medium,Theory / proof,RL / policy optimization; Agents / tool use,robotics/embodied; theory/synthetic,What technical reason might explain oral/award selection despite low public attention?,Oral/award paper with low AlphaXiv public votes.,https://icml.cc/virtual/2026/poster/62587,https://www.alphaxiv.org/abs/2603.03480
program_ahead_of_public,1000,3929,64138,AI Engram: In Search of Memory Traces in Artificial Intelligence,"AI for Science, Health, and Neuro","Latent dynamics, neuroscience, and dynamical systems",true,,0,0,,0,99,taxonomy_boundaries,,needs_review,medium,System / infrastructure,Causal / data-centric; Graphs / geometry,robotics/embodied; language/llm; theory/synthetic,What technical reason might explain oral/award selection despite low public attention?,Oral/award paper with low AlphaXiv public votes.,https://icml.cc/virtual/2026/poster/64138,
program_ahead_of_public,1000,3930,61526,CoEvol-NO: State and Coordinate Co-Evolution with an Error-Driven Predictor-Corrector Paradigm for Neural Operator Transformer,"AI for Science, Health, and Neuro","Latent dynamics, neuroscience, and dynamical systems",true,,0,0,,0,100,taxonomy_boundaries,,needs_review,medium,Benchmark / evaluation,Transformer / attention,theory/synthetic,What technical reason might explain oral/award selection despite low public attention?,Oral/award paper with low AlphaXiv public votes.,https://icml.cc/virtual/2026/poster/61526,
program_ahead_of_public,1000,3931,61370,"ConFlux: Multivariate Time Series in Flux, One Unified Forecast in Confluence","AI for Science, Health, and Neuro",Time series and forecasting applications,true,,0,0,,0,,,,needs_review,medium,Dataset / data resource,LLM post-training; Transformer / attention,vision/video,What technical reason might explain oral/award selection despite low public attention?,Oral/award paper with low AlphaXiv public votes.,https://icml.cc/virtual/2026/poster/61370,
program_ahead_of_public,1000,3932,63684,FLIP2: Expanding Protein Fitness Landscape Benchmarks for Real-World Machine Learning Applications,"AI for Science, Health, and Neuro","Protein, molecule, and biological modeling",true,,0,0,,0,,,,needs_review,medium,Benchmark / evaluation,LLM post-training; Agents / tool use,language/llm; science/domain,What technical reason might explain oral/award selection despite low public attention?,Oral/award paper with low AlphaXiv public votes.,https://icml.cc/virtual/2026/poster/63684,
program_ahead_of_public,1000,3933,64932,Geometric Flow Grounding: A Unified Manifold Decoupling Framework for Dynamics Discovery and Verification,"AI for Science, Health, and Neuro","Latent dynamics, neuroscience, and dynamical systems",true,,0,0,,0,101,taxonomy_boundaries,,needs_review,medium,Method / algorithm,Reasoning / test-time compute; Diffusion / flow; Compression / efficiency; Graphs / geometry,vision/video; theory/synthetic,What technical reason might explain oral/award selection despite low public attention?,Oral/award paper with low AlphaXiv public votes.,https://icml.cc/virtual/2026/poster/64932,
program_ahead_of_public,1000,3934,62510,ReViT: Rotational-equivariant Vision Transformers for Neural PDE Solvers,"AI for Science, Health, and Neuro","Physical sciences, chemistry, and climate",true,,0,0,,0,162,public_program_divergence,,stable_seed,medium,Benchmark / evaluation,Transformer / attention; Graphs / geometry,vision/video; science/domain,What technical reason might explain oral/award selection despite low public attention?,Oral/award paper with low AlphaXiv public votes.,https://icml.cc/virtual/2026/poster/62510,
program_ahead_of_public,1000,3935,60645,Scalable Event Cloud Network for Event-based Classification,"AI for Science, Health, and Neuro",Time series and forecasting applications,true,,0,0,,0,,,,needs_review,medium,Dataset / data resource,Diffusion / flow; Transformer / attention,vision/video,What technical reason might explain oral/award selection despite low public attention?,Oral/award paper with low AlphaXiv public votes.,https://icml.cc/virtual/2026/poster/60645,
program_ahead_of_public,1000,3936,66760,Solving Time-Dependent Differential Equations with Physical Dynamical Systems,"AI for Science, Health, and Neuro","Physical sciences, chemistry, and climate",true,,0,0,,0,,,,stable_seed,medium,Theory / proof,,vision/video,What technical reason might explain oral/award selection despite low public attention?,Oral/award paper with low AlphaXiv public votes.,https://icml.cc/virtual/2026/poster/66760,
program_ahead_of_public,1000,3937,64402,Towards Sub-second Biological Foundation Model Infrastructure: A Quantized Consistency Diffusion Framework for Molecular Docking,"AI for Science, Health, and Neuro","Protein, molecule, and biological modeling",true,,0,0,,0,,,,needs_review,medium,System / infrastructure,Agents / tool use; Diffusion / flow; Compression / efficiency,science/domain,What technical reason might explain oral/award selection despite low public attention?,Oral/award paper with low AlphaXiv public votes.,https://icml.cc/virtual/2026/poster/64402,
program_ahead_of_public,1000,3938,63530,CausalGame: Benchmarking Causal Thinking of LLM Agents in Games,"Agents, Code, and Tool Use","Agent evaluation, tool use, and agentic workflows",true,,0,0,,0,109,public_program_divergence,,stable_seed,medium,Benchmark / evaluation,Agents / tool use; Transformer / attention; Causal / data-centric,language/llm; security/safety,What technical reason might explain oral/award selection despite low public attention?,Oral/award paper with low AlphaXiv public votes.,https://icml.cc/virtual/2026/poster/63530,
program_ahead_of_public,1000,3939,61834,Characterizing Agents in Production,"Agents, Code, and Tool Use","Agent evaluation, tool use, and agentic workflows",true,,0,0,,0,110,public_program_divergence,,stable_seed,medium,System / infrastructure,Agents / tool use,language/llm,What technical reason might explain oral/award selection despite low public attention?,Oral/award paper with low AlphaXiv public votes.,https://icml.cc/virtual/2026/poster/61834,
program_ahead_of_public,1000,3940,65483,Detecting the Semantic Fixed Point: A Geometric Framework for Efficient Inference,"Data-Centric, Causal, and Federated ML","Continual learning, forgetting, and task adaptation",true,,0,0,,0,102,taxonomy_boundaries,,needs_review,medium,Theory / proof,Reasoning / test-time compute; Transformer / attention; Graphs / geometry,,What technical reason might explain oral/award selection despite low public attention?,Oral/award paper with low AlphaXiv public votes.,https://icml.cc/virtual/2026/poster/65483,
program_ahead_of_public,1000,3941,63990,On the Difficulty of Learning a Meta-network for Training Data Selection,"Data-Centric, Causal, and Federated ML","Labels, datasets, and supervised data quality",true,,0,0,https://github.com/ZILIN003/MTS,0,104,taxonomy_boundaries,,needs_review,medium,Benchmark / evaluation,Causal / data-centric,vision/video; theory/synthetic,What technical reason might explain oral/award selection despite low public attention?,Oral/award paper with low AlphaXiv public votes.,https://icml.cc/virtual/2026/poster/63990,https://www.alphaxiv.org/abs/2606.00571
program_ahead_of_public,1000,3942,66099,On the Identifiability of Poisson Branching Structural Causal Model Under Latent Confounding,"Data-Centric, Causal, and Federated ML",Causal inference and causal discovery,true,,0,0,,0,164,public_program_divergence,,stable_seed,medium,Dataset / data resource,Causal / data-centric,security/safety; theory/synthetic,What technical reason might explain oral/award selection despite low public attention?,Oral/award paper with low AlphaXiv public votes.,https://icml.cc/virtual/2026/poster/66099,
program_ahead_of_public,1000,3943,63286,Lottery Prior: Randomized Neural Compression for Zero-Shot Inverse Problems,Generative Modeling,"Diffusion sampling, transport, and inverse problems",true,,0,0,,0,165,public_program_divergence,,stable_seed,medium,Theory / proof,Diffusion / flow; Compression / efficiency,vision/video,What technical reason might explain oral/award selection despite low public attention?,Oral/award paper with low AlphaXiv public votes.,https://icml.cc/virtual/2026/poster/63286,
program_ahead_of_public,1000,3944,64721,Riemannian Metric Matching for Scalable Geometric Modeling of Distributions,Generative Modeling,"Diffusion sampling, transport, and inverse problems",true,,0,0,,0,166,public_program_divergence,,stable_seed,medium,Dataset / data resource,Agents / tool use; Diffusion / flow; Bayesian / probabilistic; Graphs / geometry,,What technical reason might explain oral/award selection despite low public attention?,Oral/award paper with low AlphaXiv public votes.,https://icml.cc/virtual/2026/poster/64721,
program_ahead_of_public,1000,3945,63078,Foundations of Equivariant Deep Learning: Unifying Graph and Sheaf Neural Networks,"Graphs, Geometry, and Representation Learning",Equivariant graph and geometric networks,true,,0,0,,0,136,taxonomy_boundaries,,needs_review,medium,Theory / proof,Graphs / geometry,theory/synthetic,What technical reason might explain oral/award selection despite low public attention?,Oral/award paper with low AlphaXiv public votes.,https://icml.cc/virtual/2026/poster/63078,
program_ahead_of_public,1000,3946,60641,MV-FGAD: Towards Efficient and Effective Federated Graph Anomaly Detection via Multi-view Learning,"Graphs, Geometry, and Representation Learning",Graph neural networks and graph learning,true,,0,0,,0,151,breadth_and_sanity_checks,,stable_seed,low,Dataset / data resource,Graphs / geometry,,What technical reason might explain oral/award selection despite low public attention?,Oral/award paper with low AlphaXiv public votes.,https://icml.cc/virtual/2026/poster/60641,
program_ahead_of_public,1000,3947,65761,Necessary Conditions for Compositional Generalization of Embedding Models,"Graphs, Geometry, and Representation Learning",Geometric representation learning and manifolds,true,,0,0,,0,137,taxonomy_boundaries,,needs_review,medium,Position / conceptual,Graphs / geometry,theory/synthetic,What technical reason might explain oral/award selection despite low public attention?,Oral/award paper with low AlphaXiv public votes.,https://icml.cc/virtual/2026/poster/65761,
program_ahead_of_public,1000,3948,65858,PhenoBrain: Phenotype-Conditioned Long-Range Communication for Multi-Modal Brain Network Analysis,"Graphs, Geometry, and Representation Learning",Graph neural networks and graph learning,true,,0,0,,0,192,breadth_and_sanity_checks,,stable_seed,medium,Dataset / data resource,Reasoning / test-time compute; Transformer / attention; Graphs / geometry,vision/video,What technical reason might explain oral/award selection despite low public attention?,Oral/award paper with low AlphaXiv public votes.,https://icml.cc/virtual/2026/poster/65858,
program_ahead_of_public,1000,3949,65990,Towards Hierarchy–Uniformity Equilibrium: Recovering Semantic Depth in Hypergraph Contrastive Learning,"Graphs, Geometry, and Representation Learning",Graph neural networks and graph learning,true,,0,0,,0,152,breadth_and_sanity_checks,,stable_seed,low,Dataset / data resource,LLM post-training; Graphs / geometry,,What technical reason might explain oral/award selection despite low public attention?,Oral/award paper with low AlphaXiv public votes.,https://icml.cc/virtual/2026/poster/65990,
program_ahead_of_public,1000,3950,63441,Diffract: Spectral View of LLM Domain Adaptation,"LLM Reasoning, Post-Training, and RLVR","General LLM training, evaluation, and alignment",true,,0,0,,0,68,taxonomy_boundaries,,needs_review,medium,Benchmark / evaluation,Agents / tool use; Transformer / attention,math/code/verifiable; language/llm,What technical reason might explain oral/award selection despite low public attention?,Oral/award paper with low AlphaXiv public votes.,https://icml.cc/virtual/2026/poster/63441,
program_ahead_of_public,1000,3951,61840,Don't Force the Fit: Bounded Log-Likelihood Loss for Enhanced Reasoning in Large Language Models,"LLM Reasoning, Post-Training, and RLVR",RL for reasoning models and verifiable rewards,true,,0,0,,0,,,,stable_seed,medium,Benchmark / evaluation,LLM post-training; Reasoning / test-time compute,language/llm; theory/synthetic,What technical reason might explain oral/award selection despite low public attention?,Oral/award paper with low AlphaXiv public votes.,https://icml.cc/virtual/2026/poster/61840,
program_ahead_of_public,1000,3952,65064,FlatLand: Personalized Graph Federated Learning via Tailored Lorentz Space,"LLM Reasoning, Post-Training, and RLVR","General LLM training, evaluation, and alignment",true,,0,0,,0,69,taxonomy_boundaries,,needs_review,medium,Dataset / data resource,LLM post-training; Compression / efficiency; Graphs / geometry,language/llm,What technical reason might explain oral/award selection despite low public attention?,Oral/award paper with low AlphaXiv public votes.,https://icml.cc/virtual/2026/poster/65064,
program_ahead_of_public,1000,3953,60884,Information Flow Reveals When to Trust Language Models,"LLM Reasoning, Post-Training, and RLVR","General LLM training, evaluation, and alignment",true,,0,0,,0,70,taxonomy_boundaries,,needs_review,medium,Method / algorithm,Diffusion / flow,language/llm,What technical reason might explain oral/award selection despite low public attention?,Oral/award paper with low AlphaXiv public votes.,https://icml.cc/virtual/2026/poster/60884,
program_ahead_of_public,1000,3954,61615,On the Limits of LLM Adaptability: Impact of LLM Pre-Training on Annotation Task Performance,"LLM Reasoning, Post-Training, and RLVR","General LLM training, evaluation, and alignment",true,,0,0,,0,71,taxonomy_boundaries,,needs_review,medium,Dataset / data resource,LLM post-training,language/llm,What technical reason might explain oral/award selection despite low public attention?,Oral/award paper with low AlphaXiv public votes.,https://icml.cc/virtual/2026/poster/61615,
program_ahead_of_public,1000,3955,63556,TG-RAG: A Retrieval-Augmented Framework for Reasoning Guidance in Specialized Domains,"LLM Reasoning, Post-Training, and RLVR",Reasoning models and chain-of-thought behavior,true,,0,0,,0,,,,needs_review,medium,Method / algorithm,Reasoning / test-time compute; Graphs / geometry,language/llm,What technical reason might explain oral/award selection despite low public attention?,Oral/award paper with low AlphaXiv public votes.,https://icml.cc/virtual/2026/poster/63556,
program_ahead_of_public,1000,3956,66821,Understanding Reasoning Collapse in LLM Agent Reinforcement Learning,"LLM Reasoning, Post-Training, and RLVR",Reasoning models and chain-of-thought behavior,true,,0,0,,0,,,,needs_review,medium,Uncoded,RL / policy optimization; Reasoning / test-time compute; Agents / tool use,language/llm,What technical reason might explain oral/award selection despite low public attention?,Oral/award paper with low AlphaXiv public votes.,https://icml.cc/virtual/2026/poster/66821,
program_ahead_of_public,1000,3957,64161,DOUBT: Decoupled Object-level Understanding and Bridging via vMF-based Trustworthiness for Hallucination Detection in MLLMs,"Multimodal, Vision, and Perception",Vision-language reasoning and video understanding,true,,0,0,,0,112,public_program_divergence,,stable_seed,medium,Benchmark / evaluation,Reasoning / test-time compute,vision/video; language/llm,What technical reason might explain oral/award selection despite low public attention?,Oral/award paper with low AlphaXiv public votes.,https://icml.cc/virtual/2026/poster/64161,
program_ahead_of_public,1000,3958,60907,DroneDINO: Towards Heterogeneous Routed Mixture of Experts for Drone-based Unified Object Detection,"Multimodal, Vision, and Perception","Vision robustness, detection, and adversarial perception",true,,0,0,,0,72,taxonomy_boundaries,,needs_review,medium,Benchmark / evaluation,Compression / efficiency,vision/video,What technical reason might explain oral/award selection despite low public attention?,Oral/award paper with low AlphaXiv public votes.,https://icml.cc/virtual/2026/poster/60907,
program_ahead_of_public,1000,3959,65954,Multimodal Nested Learning for Decoupled and Coordinated Optimization,"Multimodal, Vision, and Perception",Multimodal representation and cross-modal alignment,true,,0,0,,0,59,public_program_divergence,C05,stable_seed,low,Dataset / data resource,,,What technical reason might explain oral/award selection despite low public attention?,Oral/award paper with low AlphaXiv public votes.,https://icml.cc/virtual/2026/poster/65954,
program_ahead_of_public,1000,3960,63474,PhotoAgent: Exploratory Visual Aesthetic Planning with Large Vision Models,"Multimodal, Vision, and Perception",Vision-language reasoning and video understanding,true,,0,0,,0,,,,stable_seed,medium,Benchmark / evaluation,RL / policy optimization,vision/video,What technical reason might explain oral/award selection despite low public attention?,Oral/award paper with low AlphaXiv public votes.,https://icml.cc/virtual/2026/poster/63474,
program_ahead_of_public,1000,3961,62535,Privacy-Aware Video Anomaly Detection: Guided Orthogonal Projection and a Comprehensive Evaluation Framework,"Multimodal, Vision, and Perception","Vision robustness, detection, and adversarial perception",true,,0,0,,0,73,taxonomy_boundaries,,needs_review,medium,Method / algorithm,LLM post-training,vision/video; security/safety,What technical reason might explain oral/award selection despite low public attention?,Oral/award paper with low AlphaXiv public votes.,https://icml.cc/virtual/2026/poster/62535,
program_ahead_of_public,1000,3962,65576,SpatioLM: Towards General Physical Spatial Intelligence in Vision-Language Models,"Multimodal, Vision, and Perception",Vision-language reasoning and video understanding,true,,0,0,,0,,,,stable_seed,medium,Theory / proof,LLM post-training; Reasoning / test-time compute,vision/video; robotics/embodied; language/llm,What technical reason might explain oral/award selection despite low public attention?,Oral/award paper with low AlphaXiv public votes.,https://icml.cc/virtual/2026/poster/65576,
program_ahead_of_public,1000,3963,65169,Video-Based Optimal Transport for Feedback-Efficient Offline Preference-Based Reinforcement Learning,Reinforcement Learning and Control,"Core RL, offline RL, and policy optimization",true,,0,0,,0,198,breadth_and_sanity_checks,,stable_seed,medium,Benchmark / evaluation,RL / policy optimization; LLM post-training; Agents / tool use,vision/video; robotics/embodied,What technical reason might explain oral/award selection despite low public attention?,Oral/award paper with low AlphaXiv public votes.,https://icml.cc/virtual/2026/poster/65169,
program_ahead_of_public,1000,3964,60784,GoodDiffusion: Proactive Copyright Protection for Diffusion Generative Models via Learnable Sample-specific Signatures,"Safety, Governance, Privacy, and Society","Privacy, differential privacy, and unlearning",true,,0,0,,0,,,,stable_seed,medium,Method / algorithm,Diffusion / flow,robotics/embodied; security/safety,What technical reason might explain oral/award selection despite low public attention?,Oral/award paper with low AlphaXiv public votes.,https://icml.cc/virtual/2026/poster/60784,
program_ahead_of_public,1000,3965,67203,Position: AI Should Facilitate Democratic Deliberation at Scale,"Safety, Governance, Privacy, and Society","Position papers, policy, and social impacts",true,,0,0,,0,114,public_program_divergence,,stable_seed,medium,Position / conceptual,LLM post-training,security/safety,What technical reason might explain oral/award selection despite low public attention?,Oral/award paper with low AlphaXiv public votes.,https://icml.cc/virtual/2026/poster/67203,
program_ahead_of_public,1000,3966,67142,"Position: Don't Just ""Fix it in Post'': A Science of AI Must Study Learning Dynamics","Safety, Governance, Privacy, and Society","Position papers, policy, and social impacts",true,,0,0,,0,84,public_program_divergence,,stable_seed,low,Position / conceptual,,language/llm; security/safety,What technical reason might explain oral/award selection despite low public attention?,Oral/award paper with low AlphaXiv public votes.,https://icml.cc/virtual/2026/poster/67142,
program_ahead_of_public,1000,3967,67149,Position: There are futures that benchmark-driven AI cannot see,"Safety, Governance, Privacy, and Society","Position papers, policy, and social impacts",true,,0,0,,0,,,,stable_seed,low,Position / conceptual,,,What technical reason might explain oral/award selection despite low public attention?,Oral/award paper with low AlphaXiv public votes.,https://icml.cc/virtual/2026/poster/67149,
program_ahead_of_public,1000,3968,64633,Robust Harmful Features Under Jailbreak Attacks: Mechanistic Evidence from Attention Head Specialization in Large Language Models,"Safety, Governance, Privacy, and Society","Adversarial safety, attacks, and security",true,,0,0,,0,116,public_program_divergence,,stable_seed,medium,Benchmark / evaluation,LLM post-training; Transformer / attention; Causal / data-centric,language/llm; security/safety,What technical reason might explain oral/award selection despite low public attention?,Oral/award paper with low AlphaXiv public votes.,https://icml.cc/virtual/2026/poster/64633,
program_ahead_of_public,1000,3969,65816,CAT-Q: Cost-efficient and Accurate Ternary Quantization for LLMs,Systems and Efficient Foundation Models,Quantization and low-precision training/inference,true,,0,0,,0,117,public_program_divergence,,stable_seed,medium,Position / conceptual,LLM post-training; Agents / tool use; Compression / efficiency,math/code/verifiable; language/llm,What technical reason might explain oral/award selection despite low public attention?,Oral/award paper with low AlphaXiv public votes.,https://icml.cc/virtual/2026/poster/65816,
program_ahead_of_public,1000,3970,61061,Faster Activation Functions at the Edge for Post-Training Speedups,Systems and Efficient Foundation Models,"Serving, GPU memory, MoE, and throughput",true,,0,0,,0,118,public_program_divergence,,stable_seed,medium,System / infrastructure,LLM post-training; Transformer / attention,,What technical reason might explain oral/award selection despite low public attention?,Oral/award paper with low AlphaXiv public votes.,https://icml.cc/virtual/2026/poster/61061,
program_ahead_of_public,1000,3971,65102,MuonSSM: Orthogonalizing State Space Models for Sequence Modeling,Systems and Efficient Foundation Models,"Large-scale training, optimizers, and model architecture",true,,0,0,,0,91,taxonomy_boundaries,,needs_review,medium,Benchmark / evaluation,Transformer / attention; Graphs / geometry,vision/video; language/llm; theory/synthetic,What technical reason might explain oral/award selection despite low public attention?,Oral/award paper with low AlphaXiv public votes.,https://icml.cc/virtual/2026/poster/65102,
program_ahead_of_public,1000,3972,63073,ReQAT: Achieving Full-Precision Reasoning Accuracy with 4-bit Floating-Point Quantization-Aware Training,Systems and Efficient Foundation Models,Quantization and low-precision training/inference,true,,0,0,,0,119,public_program_divergence,,stable_seed,medium,Benchmark / evaluation,LLM post-training; Reasoning / test-time compute; Diffusion / flow; Transformer / attention; Compression / efficiency,language/llm,What technical reason might explain oral/award selection despite low public attention?,Oral/award paper with low AlphaXiv public votes.,https://icml.cc/virtual/2026/poster/63073,
public_ahead_of_program,1815,1,68817,Process Reward Models That Think,"LLM Reasoning, Post-Training, and RLVR",RL for reasoning models and verifiable rewards,false,,1815,361,https://github.com/mukhal/thinkprm,89,32,main_thesis_claims,C01; C06,stable_seed,medium,Benchmark / evaluation,RL / policy optimization; LLM post-training; Reasoning / test-time compute,math/code/verifiable; language/llm,"Is public attention driven by technical novelty, artifact usability, benchmark/demo appeal, topic popularity, or social amplification?",Do not treat AlphaXiv attention as quality.,https://icml.cc/virtual/2026/poster/68817,https://www.alphaxiv.org/abs/2504.16828
public_ahead_of_program,718,2,64121,Reinforcement Learning via Self-Distillation,"LLM Reasoning, Post-Training, and RLVR","Reward modeling, preference feedback, and RL post-training",false,,718,334,https://github.com/lasgroup/SDPO,1008,12,main_thesis_claims,C01; C06; C08,needs_review,medium,Benchmark / evaluation,RL / policy optimization; LLM post-training; Reasoning / test-time compute; Agents / tool use; Diffusion / flow,math/code/verifiable; language/llm,"Is public attention driven by technical novelty, artifact usability, benchmark/demo appeal, topic popularity, or social amplification?",Do not treat AlphaXiv attention as quality. Taxonomy assignment may be unstable.,https://icml.cc/virtual/2026/poster/64121,https://www.alphaxiv.org/abs/2601.20802
public_ahead_of_program,696,3,61870,mHC: Manifold-Constrained Hyper-Connections,Systems and Efficient Foundation Models,"Large-scale training, optimizers, and model architecture",false,,696,173,https://github.com/tokenbender/mHC-manifold-constrained-hyper-connections,367,15,main_thesis_claims,C02; C06; C08,needs_review,medium,System / infrastructure,Graphs / geometry,language/llm,"Is public attention driven by technical novelty, artifact usability, benchmark/demo appeal, topic popularity, or social amplification?",Do not treat AlphaXiv attention as quality. Taxonomy assignment may be unstable.,https://icml.cc/virtual/2026/poster/61870,https://www.alphaxiv.org/abs/2512.24880
public_ahead_of_program,590,4,61434,Self-Distillation Enables Continual Learning,"Data-Centric, Causal, and Federated ML","Continual learning, forgetting, and task adaptation",false,,590,311,https://github.com/idanshen/Self-Distillation,653,63,taxonomy_boundaries,C08,needs_review,medium,Method / algorithm,RL / policy optimization; LLM post-training,,"Is public attention driven by technical novelty, artifact usability, benchmark/demo appeal, topic popularity, or social amplification?",High AlphaXiv attention without oral/award signal.,https://icml.cc/virtual/2026/poster/61434,https://www.alphaxiv.org/abs/2601.19897
public_ahead_of_program,532,5,64488,Agent Learning via Early Experience,"LLM Reasoning, Post-Training, and RLVR","Reward modeling, preference feedback, and RL post-training",false,,532,122,https://github.com/jettbrains/-L-,148,18,main_thesis_claims,C01; C06,needs_review,medium,Method / algorithm,RL / policy optimization; LLM post-training; Reasoning / test-time compute; Agents / tool use,math/code/verifiable; language/llm,"Is public attention driven by technical novelty, artifact usability, benchmark/demo appeal, topic popularity, or social amplification?",Do not treat AlphaXiv attention as quality. Taxonomy assignment may be unstable.,https://icml.cc/virtual/2026/poster/64488,https://www.alphaxiv.org/abs/2510.08558
public_ahead_of_program,529,6,65888,Learning to Discover at Test Time,"Agents, Code, and Tool Use","Multi-agent search, planning, and coordination",false,,529,174,https://github.com/sayantann11/all-classification-templetes-for-ML,297,17,main_thesis_claims,C02; C08,needs_review,medium,System / infrastructure,RL / policy optimization; Reasoning / test-time compute; Agents / tool use; Diffusion / flow,math/code/verifiable; language/llm,"Is public attention driven by technical novelty, artifact usability, benchmark/demo appeal, topic popularity, or social amplification?",Do not treat AlphaXiv attention as quality. Taxonomy assignment may be unstable.,https://icml.cc/virtual/2026/poster/65888,https://www.alphaxiv.org/abs/2601.16175
public_ahead_of_program,518,7,63436,xKV: Cross-Layer KV-Cache Compression via Aligned Singular Vector Extraction,Systems and Efficient Foundation Models,Long-context attention and KV-cache compression,false,,518,48,https://github.com/abdelfattah-lab/xKV,52,33,main_thesis_claims,C02; C06,stable_seed,medium,System / infrastructure,LLM post-training; Agents / tool use; Transformer / attention; Compression / efficiency,math/code/verifiable; language/llm,"Is public attention driven by technical novelty, artifact usability, benchmark/demo appeal, topic popularity, or social amplification?",Do not treat AlphaXiv attention as quality.,https://icml.cc/virtual/2026/poster/63436,https://www.alphaxiv.org/abs/2503.18893
public_ahead_of_program,507,8,63333,GDPO: Group reward-Decoupled Normalization Policy Optimization for Multi-reward RL Optimization,"LLM Reasoning, Post-Training, and RLVR","Reward modeling, preference feedback, and RL post-training",false,,507,79,https://github.com/NVlabs/GDPO,489,14,main_thesis_claims,C01; C06,needs_review,medium,Theory / proof,RL / policy optimization; LLM post-training; Reasoning / test-time compute; Agents / tool use,math/code/verifiable; language/llm,"Is public attention driven by technical novelty, artifact usability, benchmark/demo appeal, topic popularity, or social amplification?",Do not treat AlphaXiv attention as quality. Taxonomy assignment may be unstable.,https://icml.cc/virtual/2026/poster/63333,https://www.alphaxiv.org/abs/2601.05242
public_ahead_of_program,456,9,63850,"On the Interplay of Pre-Training, Mid-Training, and RL on Reasoning Language Models","LLM Reasoning, Post-Training, and RLVR",RL for reasoning models and verifiable rewards,false,,456,67,https://github.com/Interplay-LM-Reasoning/Interplay-LM-Reasoning,160,53,main_thesis_claims,C01,stable_seed,medium,Theory / proof,RL / policy optimization; LLM post-training; Reasoning / test-time compute; Causal / data-centric,robotics/embodied; language/llm; theory/synthetic,"Is public attention driven by technical novelty, artifact usability, benchmark/demo appeal, topic popularity, or social amplification?",High AlphaXiv attention without oral/award signal.,https://icml.cc/virtual/2026/poster/63850,https://www.alphaxiv.org/abs/2512.07783
public_ahead_of_program,420,10,65206,PaperBanana: Automating Academic Illustration for AI Scientists,"Agents, Code, and Tool Use","Agent evaluation, tool use, and agentic workflows",false,,420,123,https://github.com/dwzhu-pku/PaperBanana,6765,6,main_thesis_claims,C02; C07,stable_seed,medium,Benchmark / evaluation,Agents / tool use,vision/video; language/llm,"Is public attention driven by technical novelty, artifact usability, benchmark/demo appeal, topic popularity, or social amplification?",Do not treat AlphaXiv attention as quality.,https://icml.cc/virtual/2026/poster/65206,https://www.alphaxiv.org/abs/2601.23265
public_ahead_of_program,405,11,62943,Evolution Strategies at the Hyperscale,Systems and Efficient Foundation Models,"Large-scale training, optimizers, and model architecture",false,,405,116,https://github.com/ESHyperscale/HyperscaleES,346,16,main_thesis_claims,C02; C06,needs_review,medium,System / infrastructure,RL / policy optimization; LLM post-training; Reasoning / test-time compute,language/llm; theory/synthetic,"Is public attention driven by technical novelty, artifact usability, benchmark/demo appeal, topic popularity, or social amplification?",Do not treat AlphaXiv attention as quality. Taxonomy assignment may be unstable.,https://icml.cc/virtual/2026/poster/62943,https://www.alphaxiv.org/abs/2511.16652
public_ahead_of_program,402,12,61180,Latent Collaboration in Multi-Agent Systems,"LLM Reasoning, Post-Training, and RLVR",Reasoning models and chain-of-thought behavior,false,,402,149,https://github.com/Gen-Verse/LatentMAS,1048,21,main_thesis_claims,C01; C08,needs_review,medium,Benchmark / evaluation,Reasoning / test-time compute; Agents / tool use,math/code/verifiable; language/llm; theory/synthetic,"Is public attention driven by technical novelty, artifact usability, benchmark/demo appeal, topic popularity, or social amplification?",Do not treat AlphaXiv attention as quality. Taxonomy assignment may be unstable.,https://icml.cc/virtual/2026/poster/61180,https://www.alphaxiv.org/abs/2511.20639
public_ahead_of_program,365,13,65901,Neural Thickets: Diverse Task Experts Are Dense Around Pretrained Weights,Systems and Efficient Foundation Models,"Large-scale training, optimizers, and model architecture",false,,365,133,https://github.com/sunrainyg/RandOpt,627,4,main_thesis_claims,C02; C06,needs_review,low,Position / conceptual,RL / policy optimization; LLM post-training,,"Is public attention driven by technical novelty, artifact usability, benchmark/demo appeal, topic popularity, or social amplification?",Do not treat AlphaXiv attention as quality. Heuristic evidence tag is low confidence. Taxonomy assignment may be unstable.,https://icml.cc/virtual/2026/poster/65901,https://www.alphaxiv.org/abs/2603.12228
public_ahead_of_program,351,14,64784,Self-Distilled Reasoner: On-Policy Self-Distillation for Large Language Models,"LLM Reasoning, Post-Training, and RLVR",Reasoning models and chain-of-thought behavior,false,,351,415,https://github.com/siyan-zhao/OPSD,463,93,taxonomy_boundaries,,needs_review,medium,Benchmark / evaluation,RL / policy optimization; Reasoning / test-time compute,language/llm,"Is public attention driven by technical novelty, artifact usability, benchmark/demo appeal, topic popularity, or social amplification?",High AlphaXiv attention without oral/award signal.,https://icml.cc/virtual/2026/poster/64784,https://www.alphaxiv.org/abs/2601.18734
public_ahead_of_program,305,15,60548,"Reinforcement Learning with Verifiable Rewards: GRPO's Loss, Dynamics, and Success Amplification",Reinforcement Learning and Control,"Core RL, offline RL, and policy optimization",false,,305,48,,0,173,public_program_divergence,,stable_seed,medium,Dataset / data resource,RL / policy optimization; Reasoning / test-time compute,math/code/verifiable; language/llm; theory/synthetic,"Is public attention driven by technical novelty, artifact usability, benchmark/demo appeal, topic popularity, or social amplification?",High AlphaXiv attention without oral/award signal.,https://icml.cc/virtual/2026/poster/60548,https://www.alphaxiv.org/abs/2503.06639
public_ahead_of_program,281,16,68826,Not All Rollouts are Useful: Down-Sampling Rollouts in LLM Reinforcement Learning,"LLM Reasoning, Post-Training, and RLVR",RL for reasoning models and verifiable rewards,false,,281,39,,0,,,,stable_seed,medium,Benchmark / evaluation,RL / policy optimization; LLM post-training; Reasoning / test-time compute; Diffusion / flow,math/code/verifiable; language/llm,"Is public attention driven by technical novelty, artifact usability, benchmark/demo appeal, topic popularity, or social amplification?",High AlphaXiv attention without oral/award signal.,https://icml.cc/virtual/2026/poster/68826,https://www.alphaxiv.org/abs/2504.13818
public_ahead_of_program,278,17,61605,Compute as Teacher: Turning Inference Compute Into Reference-Free Supervision,"LLM Reasoning, Post-Training, and RLVR",RL for reasoning models and verifiable rewards,false,,278,38,https://github.com/cympyc1785/transformers-4.46.3-custom,1,,,,stable_seed,medium,Benchmark / evaluation,RL / policy optimization; LLM post-training; Reasoning / test-time compute,math/code/verifiable; language/llm,"Is public attention driven by technical novelty, artifact usability, benchmark/demo appeal, topic popularity, or social amplification?",High AlphaXiv attention without oral/award signal.,https://icml.cc/virtual/2026/poster/61605,https://www.alphaxiv.org/abs/2509.14234
public_ahead_of_program,273,18,65056,Learning Latent Action World Models In The Wild,"Robotics, Embodiment, and World Models",Vision-language-action models and robotic manipulation,false,,273,105,,0,125,breadth_and_sanity_checks,C04,stable_seed,medium,Dataset / data resource,RL / policy optimization; Agents / tool use; Compression / efficiency,vision/video; robotics/embodied,"Is public attention driven by technical novelty, artifact usability, benchmark/demo appeal, topic popularity, or social amplification?",High AlphaXiv attention without oral/award signal.,https://icml.cc/virtual/2026/poster/65056,https://www.alphaxiv.org/abs/2601.05230
public_ahead_of_program,271,20,67077,Position: Stop Anthropomorphizing Intermediate Tokens as Reasoning/Thinking Traces!,"LLM Reasoning, Post-Training, and RLVR",Reasoning models and chain-of-thought behavior,false,,271,36,https://github.com/Aryia-Behroziuan/References,63,,,,needs_review,medium,Position / conceptual,Reasoning / test-time compute,language/llm,"Is public attention driven by technical novelty, artifact usability, benchmark/demo appeal, topic popularity, or social amplification?",High AlphaXiv attention without oral/award signal.,https://icml.cc/virtual/2026/poster/67077,https://www.alphaxiv.org/abs/2504.09762
public_ahead_of_program,271,21,65157,Unifying and Optimizing Data Values for Selection via Sequential Decision-Making,"Theory, Optimization, and Algorithms","Online learning, bandits, and regret",false,,271,39,https://github.com/frankhlchi/SequentialDataVal,0,126,public_program_divergence,,stable_seed,medium,Benchmark / evaluation,LLM post-training; Causal / data-centric; Graphs / geometry,math/code/verifiable; language/llm; theory/synthetic,"Is public attention driven by technical novelty, artifact usability, benchmark/demo appeal, topic popularity, or social amplification?",High AlphaXiv attention without oral/award signal.,https://icml.cc/virtual/2026/poster/65157,https://www.alphaxiv.org/abs/2502.04554
public_ahead_of_program,267,22,63607,How to Correctly Report LLM-as-a-Judge Evaluations,"LLM Reasoning, Post-Training, and RLVR","General LLM training, evaluation, and alignment",false,,267,55,https://github.com/UW-Madison-Lee-Lab/LLM-judge-reporting,81,64,taxonomy_boundaries,C08,needs_review,low,Dataset / data resource,,language/llm; security/safety,"Is public attention driven by technical novelty, artifact usability, benchmark/demo appeal, topic popularity, or social amplification?",High AlphaXiv attention without oral/award signal.,https://icml.cc/virtual/2026/poster/63607,https://www.alphaxiv.org/abs/2511.21140
public_ahead_of_program,264,23,62954,Training AI Co-Scientists Using Rubric Rewards,"LLM Reasoning, Post-Training, and RLVR","Reward modeling, preference feedback, and RL post-training",false,,264,37,https://github.com/vanbelkummax/rubric-rewards-training,7,,,,needs_review,medium,Dataset / data resource,RL / policy optimization; Agents / tool use,language/llm; science/domain,"Is public attention driven by technical novelty, artifact usability, benchmark/demo appeal, topic popularity, or social amplification?",High AlphaXiv attention without oral/award signal.,https://icml.cc/virtual/2026/poster/62954,https://www.alphaxiv.org/abs/2512.23707
public_ahead_of_program,262,24,66786,Understanding LoRA as Knowledge Memory: An Empirical Analysis,"Data-Centric, Causal, and Federated ML","Continual learning, forgetting, and task adaptation",false,,262,45,,0,111,taxonomy_boundaries,,needs_review,medium,Theory / proof,Reasoning / test-time compute; Transformer / attention; Compression / efficiency,language/llm,"Is public attention driven by technical novelty, artifact usability, benchmark/demo appeal, topic popularity, or social amplification?",High AlphaXiv attention without oral/award signal.,https://icml.cc/virtual/2026/poster/66786,https://www.alphaxiv.org/abs/2603.01097
public_ahead_of_program,260,25,62794,ToolOrchestra: Elevating Intelligence via Efficient Model and Tool Orchestration,"Agents, Code, and Tool Use","Agent evaluation, tool use, and agentic workflows",false,,260,17,https://github.com/NVlabs/ToolOrchestra,745,31,main_thesis_claims,C02,stable_seed,medium,Theory / proof,RL / policy optimization; LLM post-training; Reasoning / test-time compute; Agents / tool use,language/llm,"Is public attention driven by technical novelty, artifact usability, benchmark/demo appeal, topic popularity, or social amplification?",Do not treat AlphaXiv attention as quality.,https://icml.cc/virtual/2026/poster/62794,https://www.alphaxiv.org/abs/2511.21689
public_ahead_of_program,258,27,65098,Teaching Models to Teach Themselves: Reasoning at the Edge of Learnability,"LLM Reasoning, Post-Training, and RLVR",RL for reasoning models and verifiable rewards,false,,258,44,,0,,,,stable_seed,medium,Benchmark / evaluation,RL / policy optimization; Reasoning / test-time compute; Compression / efficiency,math/code/verifiable; language/llm; theory/synthetic,"Is public attention driven by technical novelty, artifact usability, benchmark/demo appeal, topic popularity, or social amplification?",High AlphaXiv attention without oral/award signal.,https://icml.cc/virtual/2026/poster/65098,https://www.alphaxiv.org/abs/2601.18778
public_ahead_of_program,253,28,64450,Chain-of-Thought Reasoning In The Wild Is Not Always Faithful,"Safety, Governance, Privacy, and Society","Position papers, policy, and social impacts",false,,253,32,https://github.com/jettjaniak/chainscope,35,65,public_program_divergence,C06,stable_seed,medium,Dataset / data resource,Reasoning / test-time compute; Agents / tool use,math/code/verifiable; security/safety,"Is public attention driven by technical novelty, artifact usability, benchmark/demo appeal, topic popularity, or social amplification?",High AlphaXiv attention without oral/award signal.,https://icml.cc/virtual/2026/poster/64450,https://www.alphaxiv.org/abs/2503.08679
public_ahead_of_program,214,29,61640,SimpleMem: Efficient Lifelong Memory for LLM Agents,Systems and Efficient Foundation Models,Long-context attention and KV-cache compression,false,,214,75,https://github.com/aiming-lab/SimpleMem,3641,,,,stable_seed,medium,Benchmark / evaluation,Reasoning / test-time compute; Agents / tool use; Compression / efficiency,language/llm,"Is public attention driven by technical novelty, artifact usability, benchmark/demo appeal, topic popularity, or social amplification?",High AlphaXiv attention without oral/award signal.,https://icml.cc/virtual/2026/poster/61640,https://www.alphaxiv.org/abs/2601.02553
public_ahead_of_program,214,30,63515,One-step Latent-free Image Generation with Pixel Mean Flows,Generative Modeling,Image/video diffusion and flow generation,false,,214,35,https://github.com/Lyy-iiis/pMF,267,179,public_program_divergence,,stable_seed,medium,Theory / proof,Diffusion / flow; Graphs / geometry,vision/video,"Is public attention driven by technical novelty, artifact usability, benchmark/demo appeal, topic popularity, or social amplification?",High AlphaXiv attention without oral/award signal.,https://icml.cc/virtual/2026/poster/63515,https://www.alphaxiv.org/abs/2601.22158
public_ahead_of_program,212,31,66095,Evaluating Parameter Efficient Methods for RLVR,"LLM Reasoning, Post-Training, and RLVR",RL for reasoning models and verifiable rewards,false,,212,12,https://github.com/MikaStars39/PeRL,81,,,,stable_seed,medium,Benchmark / evaluation,RL / policy optimization; LLM post-training; Reasoning / test-time compute; Compression / efficiency,math/code/verifiable; language/llm,"Is public attention driven by technical novelty, artifact usability, benchmark/demo appeal, topic popularity, or social amplification?",High AlphaXiv attention without oral/award signal.,https://icml.cc/virtual/2026/poster/66095,https://www.alphaxiv.org/abs/2512.23165
public_ahead_of_program,204,32,62902,Discrete Diffusion VLA: Bringing Discrete Diffusion to Action Decoding in Vision-Language-Action Policies,"Robotics, Embodiment, and World Models",Vision-language-action models and robotic manipulation,false,,204,35,https://github.com/Liang-ZX/DiscreteDiffusionVLA,69,140,breadth_and_sanity_checks,C04,stable_seed,medium,Benchmark / evaluation,RL / policy optimization; Diffusion / flow; Transformer / attention,vision/video; robotics/embodied; language/llm,"Is public attention driven by technical novelty, artifact usability, benchmark/demo appeal, topic popularity, or social amplification?",High AlphaXiv attention without oral/award signal.,https://icml.cc/virtual/2026/poster/62902,https://www.alphaxiv.org/abs/2508.20072
public_ahead_of_program,202,33,64904,Temporal Straightening for Latent Planning,"Robotics, Embodiment, and World Models",Vision-language-action models and robotic manipulation,false,,202,56,https://github.com/agentic-learning-ai-lab/temporal-straightening,92,82,public_program_divergence,C04,stable_seed,very_low,Uncoded,,,"Is public attention driven by technical novelty, artifact usability, benchmark/demo appeal, topic popularity, or social amplification?",High AlphaXiv attention without oral/award signal.,https://icml.cc/virtual/2026/poster/64904,https://www.alphaxiv.org/abs/2603.12231
public_ahead_of_program,194,35,61379,MemEvolve: Meta-Evolution of Agent Memory Systems,"Agents, Code, and Tool Use","Multi-agent search, planning, and coordination",false,,194,37,https://github.com/bingreeky/MemEvolve,253,88,taxonomy_boundaries,,needs_review,medium,Benchmark / evaluation,Agents / tool use,language/llm,"Is public attention driven by technical novelty, artifact usability, benchmark/demo appeal, topic popularity, or social amplification?",High AlphaXiv attention without oral/award signal.,https://icml.cc/virtual/2026/poster/61379,https://www.alphaxiv.org/abs/2512.18746
public_ahead_of_program,189,36,65457,LangForce: Bayesian Decomposition of Vision Language Action Models via Latent Action Queries,"Robotics, Embodiment, and World Models",Vision-language-action models and robotic manipulation,false,,189,44,https://github.com/ZGC-EmbodyAI/LangForce,69,105,public_program_divergence,C04,stable_seed,medium,Benchmark / evaluation,RL / policy optimization; Bayesian / probabilistic,vision/video; robotics/embodied; language/llm; security/safety,"Is public attention driven by technical novelty, artifact usability, benchmark/demo appeal, topic popularity, or social amplification?",High AlphaXiv attention without oral/award signal.,https://icml.cc/virtual/2026/poster/65457,https://www.alphaxiv.org/abs/2601.15197
public_ahead_of_program,184,37,64306,Agent World Model: Infinity Synthetic Environments for Agentic Reinforcement Learning,"Agents, Code, and Tool Use","Agent evaluation, tool use, and agentic workflows",false,,184,58,https://github.com/Snowflake-Labs/agent-world-model,408,,,,stable_seed,medium,Benchmark / evaluation,RL / policy optimization; Agents / tool use,math/code/verifiable; language/llm; theory/synthetic,"Is public attention driven by technical novelty, artifact usability, benchmark/demo appeal, topic popularity, or social amplification?",High AlphaXiv attention without oral/award signal.,https://icml.cc/virtual/2026/poster/64306,https://www.alphaxiv.org/abs/2602.10090
public_ahead_of_program,180,38,64832,"RLAnything: Forge Environment, Policy, and Reward Model in Completely Dynamic RL System","LLM Reasoning, Post-Training, and RLVR","Reward modeling, preference feedback, and RL post-training",false,,180,29,https://github.com/Gen-Verse/Open-AgentRL,577,,,,needs_review,medium,Benchmark / evaluation,RL / policy optimization,language/llm; theory/synthetic,"Is public attention driven by technical novelty, artifact usability, benchmark/demo appeal, topic popularity, or social amplification?",High AlphaXiv attention without oral/award signal.,https://icml.cc/virtual/2026/poster/64832,https://www.alphaxiv.org/abs/2602.02488
public_ahead_of_program,176,39,61178,Fast KV Compaction via Attention Matching,Systems and Efficient Foundation Models,Long-context attention and KV-cache compression,false,,176,37,https://github.com/adamzweiger/compaction,253,,,,stable_seed,medium,Dataset / data resource,Transformer / attention,language/llm,"Is public attention driven by technical novelty, artifact usability, benchmark/demo appeal, topic popularity, or social amplification?",High AlphaXiv attention without oral/award signal.,https://icml.cc/virtual/2026/poster/61178,https://www.alphaxiv.org/abs/2602.16284
public_ahead_of_program,171,40,61950,Scaling Long-Horizon Agent via Context Folding,"Agents, Code, and Tool Use","Multi-agent search, planning, and coordination",false,,171,73,https://github.com/sunnweiwei/FoldAgent,172,122,taxonomy_boundaries,,needs_review,medium,Method / algorithm,RL / policy optimization; Agents / tool use,language/llm,"Is public attention driven by technical novelty, artifact usability, benchmark/demo appeal, topic popularity, or social amplification?",High AlphaXiv attention without oral/award signal.,https://icml.cc/virtual/2026/poster/61950,https://www.alphaxiv.org/abs/2510.11967
public_ahead_of_program,168,41,65037,ATLAS: Learning to Optimally Memorize the Context at Test Time,"Data-Centric, Causal, and Federated ML","Continual learning, forgetting, and task adaptation",false,,168,26,https://github.com/bhoener/atlas,0,135,taxonomy_boundaries,,needs_review,medium,Theory / proof,Reasoning / test-time compute; Transformer / attention,language/llm,"Is public attention driven by technical novelty, artifact usability, benchmark/demo appeal, topic popularity, or social amplification?",High AlphaXiv attention without oral/award signal.,https://icml.cc/virtual/2026/poster/65037,https://www.alphaxiv.org/abs/2505.23735
public_ahead_of_program,160,42,64760,Dimensional Collapse in Transformer Attention Outputs: A Challenge for Sparse Dictionary Learning,"Theory, Optimization, and Algorithms",Transformer theory and attention expressivity,false,,160,5,,0,60,taxonomy_boundaries,C08,needs_review,medium,Dataset / data resource,Agents / tool use; Transformer / attention; Compression / efficiency; Graphs / geometry,math/code/verifiable; language/llm,"Is public attention driven by technical novelty, artifact usability, benchmark/demo appeal, topic popularity, or social amplification?",High AlphaXiv attention without oral/award signal.,https://icml.cc/virtual/2026/poster/64760,https://www.alphaxiv.org/abs/2508.16929
public_ahead_of_program,159,43,65709,A Very Big Video Reasoning Suite,"Multimodal, Vision, and Perception",Vision-language reasoning and video understanding,false,,159,25,https://github.com/Video-Reason/VBVR-Wan2.2,25,78,public_program_divergence,C05; C06,stable_seed,medium,Benchmark / evaluation,Reasoning / test-time compute; Agents / tool use; Causal / data-centric,math/code/verifiable; vision/video; language/llm,"Is public attention driven by technical novelty, artifact usability, benchmark/demo appeal, topic popularity, or social amplification?",High AlphaXiv attention without oral/award signal.,https://icml.cc/virtual/2026/poster/65709,https://www.alphaxiv.org/abs/2602.20159
public_ahead_of_program,153,44,64301,DFlash: Block Diffusion for Flash Speculative Decoding,"LLM Reasoning, Post-Training, and RLVR",Diffusion language models and decoding,false,,153,272,https://github.com/z-lab/dflash,5451,35,artifact_and_reproducibility,C07,needs_review,medium,System / infrastructure,Reasoning / test-time compute; Diffusion / flow,language/llm,"Is public attention driven by technical novelty, artifact usability, benchmark/demo appeal, topic popularity, or social amplification?",Do not treat AlphaXiv attention as quality. Taxonomy assignment may be unstable.,https://icml.cc/virtual/2026/poster/64301,https://www.alphaxiv.org/abs/2602.06036
public_ahead_of_program,153,45,61082,Spurious Rewards: Rethinking Training Signals in RLVR,"LLM Reasoning, Post-Training, and RLVR",RL for reasoning models and verifiable rewards,false,,153,73,https://github.com/Anderson-ce/Rethink_RLVR,352,,,,stable_seed,medium,Method / algorithm,RL / policy optimization; LLM post-training; Reasoning / test-time compute; Agents / tool use,math/code/verifiable; language/llm; security/safety,"Is public attention driven by technical novelty, artifact usability, benchmark/demo appeal, topic popularity, or social amplification?",High AlphaXiv attention without oral/award signal.,https://icml.cc/virtual/2026/poster/61082,https://www.alphaxiv.org/abs/2506.10947
public_ahead_of_program,152,46,65646,Causal Forcing: Autoregressive Diffusion Distillation Done Right for High-Quality Real-Time Video Generation,Generative Modeling,Image/video diffusion and flow generation,false,,152,65,https://github.com/thu-ml/Causal-Forcing,850,176,public_program_divergence,,stable_seed,medium,Method / algorithm,Diffusion / flow; Transformer / attention; Causal / data-centric,vision/video,"Is public attention driven by technical novelty, artifact usability, benchmark/demo appeal, topic popularity, or social amplification?",High AlphaXiv attention without oral/award signal.,https://icml.cc/virtual/2026/poster/65646,https://www.alphaxiv.org/abs/2602.02214
public_ahead_of_program,150,47,63623,Causal-JEPA: Learning World Models through Object-Level Latent Interventions,"Multimodal, Vision, and Perception",Vision-language reasoning and video understanding,false,,150,99,https://github.com/galilai-group/cjepa,206,76,public_program_divergence,C05; C06,stable_seed,medium,Method / algorithm,Reasoning / test-time compute; Agents / tool use; Causal / data-centric,math/code/verifiable; vision/video; robotics/embodied; security/safety,"Is public attention driven by technical novelty, artifact usability, benchmark/demo appeal, topic popularity, or social amplification?",High AlphaXiv attention without oral/award signal.,https://icml.cc/virtual/2026/poster/63623,https://www.alphaxiv.org/abs/2602.11389
public_ahead_of_program,147,48,65729,ExSkill: Continual Learning from Experience and Skills in Multimodal Agents,"Multimodal, Vision, and Perception",Multimodal representation and cross-modal alignment,false,,147,62,https://github.com/XSkill-Agent/XSkill,234,74,public_program_divergence,C05; C06,stable_seed,medium,Benchmark / evaluation,Reasoning / test-time compute; Agents / tool use,robotics/embodied,"Is public attention driven by technical novelty, artifact usability, benchmark/demo appeal, topic popularity, or social amplification?",High AlphaXiv attention without oral/award signal.,https://icml.cc/virtual/2026/poster/65729,https://www.alphaxiv.org/abs/2603.12056
public_ahead_of_program,146,49,61106,DeepAnalyze: Agentic Large Language Models for Autonomous Data Science,"Agents, Code, and Tool Use","Agent evaluation, tool use, and agentic workflows",false,,146,25,https://github.com/ruc-datalab/DeepAnalyze,4355,49,artifact_and_reproducibility,C07,stable_seed,medium,Benchmark / evaluation,Agents / tool use,language/llm,"Is public attention driven by technical novelty, artifact usability, benchmark/demo appeal, topic popularity, or social amplification?",High AlphaXiv attention without oral/award signal.,https://icml.cc/virtual/2026/poster/61106,https://www.alphaxiv.org/abs/2510.16872
public_ahead_of_program,146,50,66747,Toward Training Superintelligent Software Agents through Self-Play SWE-RL,"Agents, Code, and Tool Use","Agent evaluation, tool use, and agentic workflows",false,,146,11,https://github.com/Uni-IDE/AvaAI.SoftwareEngineering,0,,,,stable_seed,medium,Benchmark / evaluation,RL / policy optimization; Reasoning / test-time compute; Agents / tool use,math/code/verifiable; language/llm,"Is public attention driven by technical novelty, artifact usability, benchmark/demo appeal, topic popularity, or social amplification?",High AlphaXiv attention without oral/award signal.,https://icml.cc/virtual/2026/poster/66747,https://www.alphaxiv.org/abs/2512.18552
public_ahead_of_program,144,51,62813,Vision-Language-Action Pretraining from Large-Scale Human Videos,"Robotics, Embodiment, and World Models",Vision-language-action models and robotic manipulation,false,,144,18,https://github.com/BeingBeyond/Being-H0,52,106,public_program_divergence,C04,stable_seed,medium,Position / conceptual,LLM post-training; Reasoning / test-time compute; Agents / tool use,vision/video; robotics/embodied; language/llm; theory/synthetic,"Is public attention driven by technical novelty, artifact usability, benchmark/demo appeal, topic popularity, or social amplification?",High AlphaXiv attention without oral/award signal.,https://icml.cc/virtual/2026/poster/62813,https://www.alphaxiv.org/abs/2507.15597
public_ahead_of_program,143,52,65125,Does Math Reasoning Improve General LLM Capabilities? Understanding Transferability of LLM Reasoning,"LLM Reasoning, Post-Training, and RLVR",RL for reasoning models and verifiable rewards,false,,143,17,https://github.com/ReasoningTransfer/Transferability-of-LLM-Reasoning,0,,,,stable_seed,medium,Benchmark / evaluation,RL / policy optimization; LLM post-training; Reasoning / test-time compute; Agents / tool use,math/code/verifiable; language/llm,"Is public attention driven by technical novelty, artifact usability, benchmark/demo appeal, topic popularity, or social amplification?",High AlphaXiv attention without oral/award signal.,https://icml.cc/virtual/2026/poster/65125,https://www.alphaxiv.org/abs/2507.00432
public_ahead_of_program,139,53,66741,TriAttention: Efficient Long Reasoning with Trigonometric KV Compression,Systems and Efficient Foundation Models,Long-context attention and KV-cache compression,false,,139,32,https://github.com/WeianMao/triattention,815,,,,stable_seed,medium,System / infrastructure,LLM post-training; Reasoning / test-time compute; Transformer / attention; Compression / efficiency,language/llm,"Is public attention driven by technical novelty, artifact usability, benchmark/demo appeal, topic popularity, or social amplification?",High AlphaXiv attention without oral/award signal.,https://icml.cc/virtual/2026/poster/66741,https://www.alphaxiv.org/abs/2604.04921
public_and_program_aligned,771,19,62989,How much can language models memorize?,"LLM Reasoning, Post-Training, and RLVR",Diffusion language models and decoding,true,Outstanding Paper Honorable Mention,271,374,https://github.com/SimonCao1207/LLM-Capacity,2,1,main_thesis_claims,C01; C08,needs_review,medium,Dataset / data resource,Transformer / attention,language/llm,What properties make this paper visible to both the program committee and public audience?,Do not treat AlphaXiv attention as quality. Program signal is not the same as paper-level correctness. Taxonomy assignment may be unstable.,https://icml.cc/virtual/2026/poster/62989,https://www.alphaxiv.org/abs/2505.24832
public_and_program_aligned,759,26,65332,Maximum Likelihood Reinforcement Learning,"LLM Reasoning, Post-Training, and RLVR","Reward modeling, preference feedback, and RL post-training",true,,259,100,https://github.com/tajwarfahim/maxrl,194,5,main_thesis_claims,C01; C08,needs_review,medium,Method / algorithm,RL / policy optimization; Diffusion / flow,language/llm,What properties make this paper visible to both the program committee and public audience?,Do not treat AlphaXiv attention as quality. Program signal is not the same as paper-level correctness. Taxonomy assignment may be unstable.,https://icml.cc/virtual/2026/poster/65332,https://www.alphaxiv.org/abs/2602.02710
public_and_program_aligned,701,34,65886,Reinforcement Learning with Evolving Rubrics for Deep Research,"LLM Reasoning, Post-Training, and RLVR","Reward modeling, preference feedback, and RL post-training",true,,201,154,https://github.com/rlresearch/dr-tulu,682,10,main_thesis_claims,C01; C08,needs_review,medium,Benchmark / evaluation,RL / policy optimization; Reasoning / test-time compute; Agents / tool use,math/code/verifiable; language/llm,What properties make this paper visible to both the program committee and public audience?,Do not treat AlphaXiv attention as quality. Program signal is not the same as paper-level correctness. Taxonomy assignment may be unstable.,https://icml.cc/virtual/2026/poster/65886,https://www.alphaxiv.org/abs/2511.19399
public_and_program_aligned,615,70,66212,Controlled LLM Training on Spectral Sphere,Systems and Efficient Foundation Models,"Large-scale training, optimizers, and model architecture",true,,115,42,https://github.com/Unakar/Spectral-Sphere-Optimizer,130,11,main_thesis_claims,C02; C08,needs_review,medium,Theory / proof,Compression / efficiency,robotics/embodied; language/llm; theory/synthetic,What properties make this paper visible to both the program committee and public audience?,Do not treat AlphaXiv attention as quality. Program signal is not the same as paper-level correctness. Taxonomy assignment may be unstable.,https://icml.cc/virtual/2026/poster/66212,https://www.alphaxiv.org/abs/2601.08393
public_and_program_aligned,598,81,63561,Pretrained Vision-Language-Action Models are Surprisingly Resistant to Forgetting in Continual Learning,"Data-Centric, Causal, and Federated ML","Continual learning, forgetting, and task adaptation",true,,98,48,,0,62,taxonomy_boundaries,C08,needs_review,medium,Application / domain study,RL / policy optimization,vision/video; robotics/embodied; language/llm,What properties make this paper visible to both the program committee and public audience?,Both program and public signals are high.,https://icml.cc/virtual/2026/poster/63561,https://www.alphaxiv.org/abs/2603.03818
public_and_program_aligned,592,91,61998,The Flexibility Trap: Rethinking the Value of Arbitrary Order in Diffusion Language Models,"LLM Reasoning, Post-Training, and RLVR",Reasoning models and chain-of-thought behavior,true,Outstanding Paper Award,92,588,https://github.com/LeapLabTHU/JustGRPO,212,3,main_thesis_claims,C01; C08,needs_review,medium,Method / algorithm,RL / policy optimization; Reasoning / test-time compute; Diffusion / flow,language/llm,What properties make this paper visible to both the program committee and public audience?,Do not treat AlphaXiv attention as quality. Program signal is not the same as paper-level correctness. Taxonomy assignment may be unstable.,https://icml.cc/virtual/2026/poster/61998,https://www.alphaxiv.org/abs/2601.15165
public_and_program_aligned,589,94,64377,$\tau^2$-Bench: Evaluating Conversational Agents in a Dual-Control Environment,"Agents, Code, and Tool Use","Agent evaluation, tool use, and agentic workflows",true,,89,91,https://github.com/sierra-research/tau2-bench,1569,24,main_thesis_claims,C02,stable_seed,medium,Benchmark / evaluation,Reasoning / test-time compute; Agents / tool use,math/code/verifiable; robotics/embodied; language/llm; theory/synthetic,What properties make this paper visible to both the program committee and public audience?,Do not treat AlphaXiv attention as quality. Program signal is not the same as paper-level correctness.,https://icml.cc/virtual/2026/poster/64377,https://www.alphaxiv.org/abs/2506.07982
public_and_program_aligned,589,95,63095,Agent0-VL: Exploring Self-Evolving Agent for Tool-Integrated Vision-Language Reasoning,"Agents, Code, and Tool Use","Agent evaluation, tool use, and agentic workflows",true,,89,40,https://github.com/aiming-lab/Agent0,1228,25,main_thesis_claims,C02,stable_seed,medium,Dataset / data resource,RL / policy optimization; Reasoning / test-time compute; Agents / tool use; Graphs / geometry,vision/video; language/llm,What properties make this paper visible to both the program committee and public audience?,Do not treat AlphaXiv attention as quality. Program signal is not the same as paper-level correctness.,https://icml.cc/virtual/2026/poster/63095,https://www.alphaxiv.org/abs/2511.19900
public_and_program_aligned,575,122,65446,Activation Oracles: Training and Evaluating LLMs as General-Purpose Activation Explainers,"LLM Reasoning, Post-Training, and RLVR","General LLM training, evaluation, and alignment",true,,75,49,,0,13,main_thesis_claims,C01,needs_review,medium,Position / conceptual,LLM post-training,language/llm,What properties make this paper visible to both the program committee and public audience?,Do not treat AlphaXiv attention as quality. Program signal is not the same as paper-level correctness. Taxonomy assignment may be unstable.,https://icml.cc/virtual/2026/poster/65446,https://www.alphaxiv.org/abs/2512.15674
public_and_program_aligned,567,141,60542,Motion Attribution for Video Generation,"Multimodal, Vision, and Perception","3D, video, motion, and spatial understanding",true,Outstanding Paper Honorable Mention,67,208,,0,58,priority_area_depth,C05,stable_seed,medium,Benchmark / evaluation,LLM post-training; Causal / data-centric,vision/video; language/llm,What properties make this paper visible to both the program committee and public audience?,Both program and public signals are high.,https://icml.cc/virtual/2026/poster/60542,https://www.alphaxiv.org/abs/2601.08828
public_and_program_aligned,566,144,65933,RoboMME: Benchmarking and Understanding Memory for Robotic Generalist Policies,"Robotics, Embodiment, and World Models",Vision-language-action models and robotic manipulation,true,,66,110,https://github.com/sled-group/navchat,31,108,breadth_and_sanity_checks,C04,stable_seed,medium,Position / conceptual,Agents / tool use,math/code/verifiable; vision/video; robotics/embodied; language/llm,What properties make this paper visible to both the program committee and public audience?,Both program and public signals are high.,https://icml.cc/virtual/2026/poster/65933,https://www.alphaxiv.org/abs/2603.04639
