semantic_cluster_id,area,subarea,taxonomy_confidence,review_status,review_notes,semantic_cluster_label,paper_count,oral_count,award_count,votes_per_paper,oral_enrichment,top_terms,top_topic_groups,top_themes,top_lexical_clusters,central_papers,high_signal_papers
0,"Multimodal, Vision, and Perception",Multimodal representation and cross-modal alignment,high,stable_seed,,multimodal / visual / modal / modality,237,1,0,7.3,0.17,multimodal; visual; modal; modality; text; mllms; image; modalities; language; cross modal; semantic; vision; alignment; cross; understanding; audio,Deep Learning (98); Applications (75); Unknown (24); General Machine Learning (24); Social Aspects (14),"Multimodal, vision-language, and video (231); Memorization, evaluation, and generalization (153); Safety, alignment, governance, and risk (121); LLM reasoning and test-time compute (99); Agents, tools, and computer use (85)",4 (107); 25 (51); 0 (13); 29 (13); 3 (11),"Seeing is Understanding: Unlocking Causal Attention into Modality-Mutual Attention for Multimodal LLMs | Towards Unified Multimodal Pretraining | SEPS: Semantic-Enhanced Patch Slimming Framework for Fine-Grained Cross-Modal Alignment | Towards Understanding Modality Interaction in Multimodal Language Models via Partial Information Decomposition | UniPercept: Towards Unified Perceptual-Level Image Understanding across Aesthetics, Quality, Structure, and Texture | Do Vision and Text Cues Exhibit Evidential Coupling? UFO: A Benchmark for Compositional Multimodal Reasoning in Unified Models | SLQ: Bridging Modalities via Shared Latent Queries for Retrieval with Frozen MLLMs | Uncovering Grounding IDs: How External Cues Shape Multi-Modal Binding","Multimodal Nested Learning for Decoupled and Coordinated Optimization | SAM Audio: Segment Anything in Audio | AudioChat: Unified Audio Storytelling, Editing, and Understanding with Transfusion Forcing | ExSkill: Continual Learning from Experience and Skills in Multimodal Agents | FG-CLIP 2: A Bilingual Fine-grained Vision-Language Alignment Model | Unifying Heterogeneous Multi-Modal Remote Sensing Detection Via Language-Pivoted Pretraining | DiffThinker: Towards Generative Multimodal Reasoning with Diffusion Models | WISE: World Knowledge-Informed Semantic Evaluation for Text-to-Image Generation"
1,"AI for Science, Health, and Neuro",Spiking neural networks and neural signals,medium,needs_review,manual confidence not high; small cluster,spiking / snns / spiking neural / spike,67,0,0,1.28,0.0,spiking; snns; spiking neural; spike; neural; neuroscience; applications neuroscience; neuroscience cognitive; eeg; cognitive science; cognitive; neural networks; networks; snn; energy; brain,Applications (50); Deep Learning (13); General Machine Learning (2); Optimization (1); Unknown (1),"AI for science, health, and biology (61); Systems, efficiency, and compression (36); Memorization, evaluation, and generalization (28); Multimodal, vision-language, and video (25); Safety, alignment, governance, and risk (17)",27 (52); 10 (3); 25 (3); 17 (2); 18 (2),Efficiently Training Time-to-First-Spike Spiking Neural Networks from Scratch | SpikeCLR: Self-Supervised Contrastive Learning for Visual Representations with Spiking Neural Networks | TEFormer: Structured Bidirectional Temporal Enhancement Modeling in Spiking Transformers | SpikingLM: Towards Fully Spiking Language Model | AdaS: Adaptive Gradient Descent for Spiking Transformers | Narrowing the ANN–SNN Gap for 1D Signal Classification with Multi-Scale Temporal Encoding and Sparsity-Regularized Transform Encoding | Temporal Weighted Encoding: Towards Maximal-Capacity Spike Coding for ANN–SNN Conversion | Positional Encoding for Spiking Transformers,Scaling Vision Transformers for Functional MRI with Flat Maps | EEG-FM-Bench: A Comprehensive Benchmark for the Systematic Evaluation and Diagnostic Analyses of EEG Foundation Models | Omni-fMRI: A Universal Atlas-Free fMRI Foundation Model | DuFal: Dual-Frequency-Aware Learning for High-Fidelity Extremely Sparse-view CBCT Reconstruction | KAST-BAR: Knowledge-Anchored Semantically-Dynamic Topology Brain Autoregressive Modeling for Universal Neural Interpretation | Event2Vec: Processing neuromorphic events directly by representations in vector space | Kuramoto Oscillatory Phase Encoding: Neuro-inspired Synchronization for Improved Learning Efficiency | Bullet Trains: Parallelizing Training of Temporally Precise Spiking Neural Networks
2,"LLM Reasoning, Post-Training, and RLVR","Reward modeling, preference feedback, and RL post-training",high,needs_review,split across lexical clusters,reward / reinforcement learning / reinforcement / rewards,164,3,0,27.48,0.72,reward; reinforcement learning; reinforcement; rewards; policy; rl; preference; feedback; training; language; optimization; human; large language; language models; reward models; large,Deep Learning (71); Reinforcement Learning (51); Unknown (14); Social Aspects (12); Applications (10),"RL for LLMs and verifiable rewards (158); Theory, optimization, and sampling (103); LLM reasoning and test-time compute (90); Memorization, evaluation, and generalization (79); Safety, alignment, governance, and risk (74)",6 (59); 24 (49); 7 (25); 11 (7); 1 (7),REAL: Regression-Aware Reinforcement Learning for LLM-as-a-Judge | Implicit Actor Critic Coupling via a Supervised Learning Framework for RLVR | Real-Time Aligned Reward Model beyond Semantics | Alternating Reinforcement Learning for Rubric-Based Reward Modeling in Non-Verifiable LLM Post-Training | GDPO: Group reward-Decoupled Normalization Policy Optimization for Multi-reward RL Optimization | Experience is the Best Teacher: Motivating Effective Exploration in Reinforcement Learning for LLMs | Harnessing Uncertainty: Entropy-Modulated Policy Gradients for Long-Horizon LLM Agents | From Absolute to Relative: Rethinking Reward Shaping in Group-Based Reinforcement Learning,"Reinforcement Learning with Evolving Rubrics for Deep Research | Maximum Likelihood Reinforcement Learning | Mitigating Reward Hacking in RLHF via Bayesian Non-negative Reward Modeling | Reinforcement Learning via Self-Distillation | GDPO: Group reward-Decoupled Normalization Policy Optimization for Multi-reward RL Optimization | Agent Learning via Early Experience | AuTAgent: A Reinforcement Learning Framework for Tool-Augmented Audio Reasoning | RLAnything: Forge Environment, Policy, and Reward Model in Completely Dynamic RL System"
3,Systems and Efficient Foundation Models,Long-context attention and KV-cache compression,high,stable_seed,,attention / kv / context / cache,113,0,0,20.77,0.0,attention; kv; context; cache; long context; memory; long; kv cache; token; retrieval; sparse attention; sparse; tokens; language; inference; compression,Deep Learning (87); Unknown (13); General Machine Learning (9); Applications (4),"Systems, efficiency, and compression (83); LLM reasoning and test-time compute (66); Memorization, evaluation, and generalization (53); Theory, optimization, and sampling (34); Agents, tools, and computer use (22)",21 (55); 14 (31); 1 (6); 17 (4); 12 (4),IndexMem: Learned KV-Cache Eviction with Latent Memory for Long-Context LLM Inference | LazyAttention: Efficient Retrieval-Augmented Generation with Deferred Positional Encoding | Fast KV Compaction via Attention Matching | RaBitQCache: Rotated Binary Quantization for KVCache in Long Context LLM Inference | Token Sparse Attention: Efficient Long-Context Inference with Interleaved Token Selection | Long-Context Modeling with Dynamic Hierarchical Sparse Attention for Memory-Constrained LLM Inference | Attention with Routed-Memory for Learnable Sparse Control | A Unified Sparse Attention via Multi-Granularity Compression,SimpleMem: Efficient Lifelong Memory for LLM Agents | TriAttention: Efficient Long Reasoning with Trigonometric KV Compression | Doc-to-LoRA: Learning to Instantly Internalize Contexts | xKV: Cross-Layer KV-Cache Compression via Aligned Singular Vector Extraction | Fast KV Compaction via Attention Matching | ACON: Optimizing Context Compression for Long-horizon LLM Agents | SHINE: A Scalable In-Context Hypernetwork for Mapping Context to LoRA in a Single Pass | UHR-BAT: Budget-Aware Token Compression Vision-Language model for Ultra-High-Resolution Remote Sensing
4,Reinforcement Learning and Control,"Core RL, offline RL, and policy optimization",high,stable_seed,,reinforcement learning / reinforcement / policy / rl,312,6,0,6.01,0.76,reinforcement learning; reinforcement; policy; rl; policies; offline; value; agent; control; action; based; learning rl; learning reinforcement; critic; reward; deep rl,Reinforcement Learning (222); Theory (34); Applications (18); Unknown (18); Deep Learning (7),"RL for LLMs and verifiable rewards (301); Theory, optimization, and sampling (188); Agents, tools, and computer use (176); Memorization, evaluation, and generalization (137); Systems, efficiency, and compression (134)",7 (232); 11 (21); 9 (13); 6 (11); 24 (8),Reparameterization Flow Policy Optimization | Generative Online Reinforcement Learning | Sample Efficient Full-Finetuning of Generative Control Policies | Prioritized Model Experience Replay | Q-Flow: Stable and Expressive Reinforcement Learning with Flow-based Policy | Uncertainty-Guided Exploration and Stable Planning for Sparse-Reward Manipulation from Limited Demonstrations | Langevin Rollout Optimization for Modelic Reinforcement Learning | Reparameterization Proximal Policy Optimization,Distributional Inverse Reinforcement Learning | On Computation and Reinforcement Learning | Learning Human-Robot Collaboration via Heterogeneous-Agent Lyapunov Policy Optimization | Chebyshev Policies and the Mountain Car Problem: Reinforcement Learning for Low-dimensional Control Tasks | Stabilizing the Q-Gradient Field for Policy Smoothness in Actor-Critic Methods | Video-Based Optimal Transport for Feedback-Efficient Offline Preference-Based Reinforcement Learning | DADP: Domain Adaptive Diffusion Policy | Chunk-Guided Q-Learning
5,"Data-Centric, Causal, and Federated ML",Causal inference and causal discovery,high,stable_seed,,causal / causality / learning causality / treatment,111,4,0,2.31,1.42,causal; causality; learning causality; treatment; causal discovery; machine learning; machine; general machine; general; discovery; data; effects; estimation; observational; causal inference; effect,General Machine Learning (83); Unknown (10); Social Aspects (9); Applications (7); Probabilistic Methods (1),"Causality and data-centric ML (105); Safety, alignment, governance, and risk (51); Theory, optimization, and sampling (44); Memorization, evaluation, and generalization (37); Interpretability and mechanistic analysis (24)",8 (88); 23 (8); 17 (7); 25 (2); 18 (2),Unveiling Prior-data Fitted Networks on Causal Effect Estimation: Pre-training or Finetuning? | Local Covariate Selection for Average Causal Effect Estimation without Pretreatment and Causal Sufficiency Assumptions | CausalProfiler: Generating Synthetic Benchmarks for Rigorous and Transparent Evaluation of Causal Machine Learning | PACER: Acyclic Causal Discovery from Large-scale Interventional Data | SCOUT: Cyclic Causal Discovery Under Soft Interventions with Unknown Targets | Use What You Know: Causal Foundation Models with Partial Graphs | Anti-causal domain generalization: Leveraging unlabeled data | Feasible Fusion: Constrained Joint Estimation under Structural Non-Overlap,A Recursive Decomposition Framework for Causal Structure Learning in the Presence of Latent Variables | Exact Functional ANOVA Decomposition for Categorical Inputs | DISCO: Mitigating Bias in Deep Learning with Conditional Distance Correlation | On the Identifiability of Poisson Branching Structural Causal Model Under Latent Confounding | CauScale: Neural Causal Discovery at Scale | Causal Direct Preference Optimization for Distributionally Robust Generative Recommendation | What Makes a Good Representation for Single-Cell Perturbation Prediction? | Beyond Additive Decompositions: Interpretability Through Separability
6,"Agents, Code, and Tool Use","Code LLMs, verification, and software tasks",medium,needs_review,manual confidence not high; split across lexical clusters,code / language / llms / verification,139,1,0,6.04,0.28,code; language; llms; verification; large language; evaluation; llm; language models; large; program; formal; generation; benchmark; reasoning; automated; proof,Deep Learning (47); Applications (30); General Machine Learning (21); Unknown (19); Social Aspects (12),"LLM reasoning and test-time compute (95); Memorization, evaluation, and generalization (90); Agents, tools, and computer use (70); Theory, optimization, and sampling (51); Safety, alignment, governance, and risk (49)",20 (45); 1 (30); 11 (22); 28 (9); 23 (6),"How Powerful are LLMs in Generating Program Specifications? | UniCode: Augmenting Evaluation for Code Reasoning | EXVERUS: Verus Proof Repair via Counterexample Reasoning | Compile to Compress: Boosting Formal Theorem Provers by Compiler Outputs | Can LLMs Reason Like Automated Theorem Provers for Rust Verification? VCoT-Bench: Evaluating via Verification Chain of Thought | PGS: Effective LLM Code Refinement via Property-Oriented and Structurally Minimal Feedback | SorryDB: Can AI Provers Complete Real-World Lean Theorems? | LLMs Lean on Priors, Not Programming Language Semantics","SoftJAX & SoftTorch: Empowering Automatic Differentiation Libraries with Informative Gradients | SERA: Soft-Verified Efficient Repository Agents | Training Language Model Agents to Find Vulnerabilities with CTF-Dojo | SWE-Perf: Can Language Models Optimize Code Performance on Real-World Repositories? | A Minimal Agent for Automated Theorem Proving | APE-Bench: Evaluating Automated Proof Engineering for Formal Math Libraries | Beyond Theorem Proving: Formulation, Framework and Benchmark for Formal Problem-Solving | Reasoning over Boundaries: Enhancing Specification Alignment via Test-time Deliberation"
7,"Theory, Optimization, and Algorithms",Statistical learning theory and regression,high,needs_review,split across lexical clusters,theory / regression / bounds / risk,180,4,1,2.07,0.88,theory; regression; data; bounds; risk; sample; distribution; learning theory; machine; machine learning; error; theory learning; optimal; methods; bound; distributions,Theory (73); General Machine Learning (49); Unknown (17); Deep Learning (17); Probabilistic Methods (14),"Theory, optimization, and sampling (155); Safety, alignment, governance, and risk (88); Memorization, evaluation, and generalization (77); LLM reasoning and test-time compute (38); Systems, efficiency, and compression (31)",17 (75); 9 (67); 22 (9); 25 (5); 13 (4),Generalization Bounds for Out-of-distribution Generalization | General Quantification of Covariate and Concept Shifts | Learning Partial Concept Classes and Universal Rates Under Massart Noise | Characterization of Gaussian Universality Breakdown in High-Dimensional Empirical Risk Minimization | Alignment-Sensitive Minimax Rates for Spectral Algorithms with Learned Kernels | When Sample Selection Bias Precipitates Model Collapse | Positive Distribution Shift as a Framework for Understanding Tractable Learning | Positive-Unlabeled Learning with Extreme Scarcity of Labeled Positives,To Grok Grokking: Provable Grokking in Ridge Regression | Mixtures Closest To A Given Measure: A Semidefinite Programming Approach | Optimal Decision-Making Based on Prediction Sets | Joint Learning in the Gaussian Single Index Model | Optimal Regularization for Performative Learning | Conditional Coverage Diagnostics for Conformal Prediction | Multi-Distribution Robust Conformal Prediction | Performative Learning Theory
8,Generative Modeling,"Diffusion sampling, transport, and inverse problems",high,stable_seed,,diffusion / sampling / diffusion models / generative,136,6,2,5.43,1.74,diffusion; sampling; diffusion models; generative; inverse; generative models; transport; distribution; distributions; based; flow; data; inverse problems; time; dynamics; methods,Deep Learning (48); Probabilistic Methods (26); Applications (23); Unknown (14); Theory (13),"Diffusion, flow, and generative modeling (123); Theory, optimization, and sampling (108); Multimodal, vision-language, and video (54); Memorization, evaluation, and generalization (44); Systems, efficiency, and compression (33)",3 (86); 9 (12); 17 (11); 16 (10); 22 (5),Efficient Diffusion Models under Nonconvex Equality and Inequality constraints via Landing | Flow Sampling : Learning to Sample from Unnormalized Densities via Denoising Conditional Processes | The Accumulation of Score Estimation Error in Diffusion Models | Proximal-Based Generative Modeling for Bayesian Inverse Problems | Efficient Diffusion Models via Time Step Optimization with Consistent Training and Inference Constraints | Normalized Energy Models for Linear Inverse Problems | Conditional Diffusion Sampling | G2D2: Gradient-Guided Discrete Diffusion for Inverse Problem Solving,High-accuracy sampling for diffusion models and log-concave distributions | A Random Matrix Perspective on the Consistency of Diffusion Models | High-accuracy and dimension-free sampling with diffusions | Rex: A Family of Reversible Exponential (Stochastic) Runge-Kutta Solvers | Lottery Prior: Randomized Neural Compression for Zero-Shot Inverse Problems | Riemannian Metric Matching for Scalable Geometric Modeling of Distributions | Conditional Diffusion Sampling | PerturbDiff: Functional Diffusion for Single-Cell Perturbation Modeling
9,"AI for Science, Health, and Neuro","Physical sciences, chemistry, and climate",high,stable_seed,,physics / chemistry / earth / applications chemistry,128,4,0,3.99,1.23,physics; chemistry; earth; applications chemistry; chemistry physics; physics earth; earth sciences; sciences; neural; pde; physical; dynamics; pdes; equations; applications; differential,Applications (93); Deep Learning (17); Unknown (6); General Machine Learning (5); Probabilistic Methods (4),"AI for science, health, and biology (113); Theory, optimization, and sampling (68); Memorization, evaluation, and generalization (67); Diffusion, flow, and generative modeling (47); Systems, efficiency, and compression (45)",16 (62); 15 (48); 3 (8); 18 (3); 10 (2),Physics-Informed Residual Flows | Mesh Based Simulations with Spatial and Temporal awareness | Bias-Spectrum Neural Processes for Parametric PDEs: Architecture Priors Meet PDE Constraints | Physics-informed diffusion models in spectral space | Elign: Equivariant Diffusion Model Alignment from Foundational Machine Learned Force Fields | Learning to Think in Physics: Breaking Shortcut Learning in Scientific Diffusion via Representation Alignment | Unbiased and Second-Order-Free Training for High-Dimensional PDEs | Structure-Preserving Learning Improves Geometry Generalization in Neural PDEs,Training-Free Bayesian Filtering with Generative Emulators | LASER: Learning Active Sensing for Continuum Field Reconstruction | ReViT: Rotational-equivariant Vision Transformers for Neural PDE Solvers | Solving Time-Dependent Differential Equations with Physical Dynamical Systems | From geometry to dynamics: Learning overdamped Langevin dynamics from sparse observations with geometric constraints | MN-Diff: Diffusion Parameterized MoE-NCDE for Continuous Time Series Generation with Irregular Observations | GeoPT: Scaling Physics Simulation via Lifted Geometric Pre-Training | Walrus: A Cross-domain Foundation Model for Continuum Dynamics
10,"Data-Centric, Causal, and Federated ML","Continual learning, forgetting, and task adaptation",medium,needs_review,manual confidence not high; split across lexical clusters,continual / forgetting / continual learning / task,138,4,0,16.38,1.14,continual; forgetting; continual learning; task; knowledge; tasks; attention; catastrophic forgetting; catastrophic; plasticity; memory; new; parameter; updates; transfer; performance,Deep Learning (68); General Machine Learning (37); Unknown (15); Theory (7); Applications (7),"Memorization, evaluation, and generalization (73); Systems, efficiency, and compression (64); Theory, optimization, and sampling (57); LLM reasoning and test-time compute (56); Multimodal, vision-language, and video (36)",12 (38); 14 (22); 25 (19); 22 (15); 1 (15),Spectral Imbalance Causes Forgetting in Low-Rank Continual Adaptation | CoPE: Continual Probe-guided Expansion for Large Vision-Language Models | Towards Understanding Continual Factual Knowledge Acquisition of Language Models: From Theory to Algorithm | MoFO: Momentum-Filtered Optimizer for Mitigating Forgetting in LLM Fine-Tuning | Understanding Generalization and Forgetting in In-Context Continual Learning | Model-Dowser: Data-Free Importance Probing to Mitigate Catastrophic Forgetting in Multimodal Large Language Models | Investigating Continual Pretraining in Large Language Models: Insights and Implications | Position: Modular Memory is the Key to Continual Learning Agents,Midtraining Bridges Pretraining and Posttraining Distributions | Expressivity-Efficiency Tradeoffs for Hybrid Sequence Models | Pretrained Vision-Language-Action Models are Surprisingly Resistant to Forgetting in Continual Learning | Detecting the Semantic Fixed Point: A Geometric Framework for Efficient Inference | Self-Distillation Enables Continual Learning | video-SALMONN S: Memory-Enhanced Streaming Audio-Visual LLM | Artificial Hippocampus Networks for Efficient Long-Context Modeling | KORE: Enhancing Knowledge Injection for Large Multimodal Models via Knowledge-Oriented Controls
11,"LLM Reasoning, Post-Training, and RLVR",Reasoning models and chain-of-thought behavior,high,needs_review,split across lexical clusters,reasoning / language / large language / language models,211,10,1,18.32,1.87,reasoning; language; large language; language models; large; llms; learning large; thought; deep; deep learning; cot; reasoning models; chain; latent; tasks; chain thought,Deep Learning (152); Applications (18); Unknown (17); Social Aspects (14); General Machine Learning (7),"LLM reasoning and test-time compute (206); Memorization, evaluation, and generalization (129); Agents, tools, and computer use (94); Systems, efficiency, and compression (71); RL for LLMs and verifiable rewards (60)",1 (76); 6 (30); 13 (19); 4 (17); 20 (14),Stop When Further Reasoning Won’t Help: Attention-State Adaptive Generation in Reasoning Models | DyCon: Dynamic Reasoning Control via Evolving Difficulty Modeling | Reasoning Compartmentalization: Bridging the Concretization Gap via Abstraction-based Routing | Which Reasoning Traces Are Worth Generating Further? Data Curation for Training Reasoning Models | A²RBench: An Automatic Paradigm for Formally Verifiable Abstract Reasoning Benchmark Generation | DTS: Enhancing Large Reasoning Models via Decoding Tree Sketching | LongCoT: Benchmarking Long-Horizon Chain-of-Thought Reasoning | MixReasoning: Switching Modes to Think,"The Flexibility Trap: Rethinking the Value of Arbitrary Order in Diffusion Language Models | Skip a Layer or Loop It? Learning Program-of-Layers in LLMs | Characterizing, Evaluating, and Optimizing Complex Reasoning | Learning to Theorize the World from Observation | Towards Long-Horizon Interpretability: Efficient and Faithful Multi-Token Attribution for Reasoning LLMs | The Signal is in the Steps: Local Scoring for Reasoning Data Selection | Modeling Hierarchical Thinking in Large Reasoning Models | Evaluating Robustness of Reasoning Models on Parameterized Logical Problems"
12,"Safety, Governance, Privacy, and Society","Adversarial safety, attacks, and security",high,stable_seed,,safety / attacks / attack / social aspects,245,5,1,5.16,0.81,safety; attacks; attack; social aspects; aspects; social; security; adversarial; harmful; llms; language; benign; jailbreak; llm; defense; aspects safety,Social Aspects (165); Deep Learning (44); Unknown (25); Applications (5); Theory (2),"Safety, alignment, governance, and risk (234); Agents, tools, and computer use (115); Memorization, evaluation, and generalization (115); LLM reasoning and test-time compute (82); Systems, efficiency, and compression (74)",2 (139); 11 (28); 23 (19); 1 (14); 20 (10),Internalizing Safety Understanding in Large Reasoning Models via Verification | Training with Honeypots: Reshaping How LLMs Fail | SafeHarbor: Defining Precise Decision Boundaries via Hierarchical Memory-Augmented Guardrail for LLM Agent Safety | A Coin Flip for Safety: LLM Judges Fail to Reliably Measure Adversarial Robustness | BYORn: Bootstrap Your Own Responses to Defend Large Vision-Language Models Against Backdoor Attacks | From Poisoned to Aware: Fostering Backdoor Self-Awareness in LLMs | Trojan-Speak: Bypassing Constitutional Classifiers with No Jailbreak Tax via Adversarial Finetuning | Security–Fidelity Tradeoffs: No Universal Defense Against Prompt Injection,The Obfuscation Atlas: Mapping Where Honesty Emerges in RLVR with Deception Probes | Jailbreak Foundry: From Papers to Runnable Attacks for Reproducible Benchmarking | When the Prompt Becomes Visual: Vision-Centric Jailbreak Attacks for Large Image Editing Models | Quantifying Frontier LLM Capabilities for Container Sandbox Escape | Robust Harmful Features Under Jailbreak Attacks: Mechanistic Evidence from Attention Head Specialization in Large Language Models | The Trojan Knowledge: Bypassing Commercial LLM Guardrails via Harmless Prompt Weaving and Adaptive Tree Search | ExCyTIn-Bench: Evaluating LLM agents on Cyber Threat Investigation | AutoControl Arena: Synthesizing Executable Test Environments for Frontier AI Risk Evaluation
13,"AI for Science, Health, and Neuro","Latent dynamics, neuroscience, and dynamical systems",medium,needs_review,manual confidence not high; split across lexical clusters,dynamics / networks / latent / dynamical,84,4,0,3.19,1.88,neural; dynamics; networks; latent; dynamical; time; structure; theory; neural networks; gradient; continuous; systems; linear; neuroscience; cognitive; flow,Deep Learning (27); Applications (25); Theory (9); General Machine Learning (9); Probabilistic Methods (5),"Theory, optimization, and sampling (52); Safety, alignment, governance, and risk (32); AI for science, health, and biology (32); Interpretability and mechanistic analysis (31); Memorization, evaluation, and generalization (20)",22 (19); 27 (17); 17 (16); 18 (6); 14 (5),"Identifying Connectivity Distributions from Neural Dynamics Using Flows | Maximum-Likelihood Learning of Latent Dynamics Without Reconstruction | Information dynamics and Memory in Neural Networks through Fisher Information Diffusion | The Geometric Mechanics of Contrastive Representation Learning: Alignment Potentials, Entropic Dispersion, and Cross-Modal Divergence | Dichotomy of Feature Learning and Unlearning: Fast-Slow Analysis on Neural Networks with Stochastic Gradient Descent | Biologically plausible heavy-tailed connectivity enhances generalizations on cognitive tasks in recurrent neural networks | A Factorized Low-Rank RNN Framework for Uncovering Independent Neural Latent Dynamics and Connectivity | Dynamics and representation structure of local approximations to gradient-based learning in linear recurrent neural networks","Orthogonal Concept Erasure for Diffusion Models | AI Engram: In Search of Memory Traces in Artificial Intelligence | Geometric Flow Grounding: A Unified Manifold Decoupling Framework for Dynamics Discovery and Verification | CoEvol-NO: State and Coordinate Co-Evolution with an Error-Driven Predictor-Corrector Paradigm for Neural Operator Transformer | Robust Filter Attention: Self-Attention as a Parallel State Estimator | Balancing Fidelity and Diversity in Diffusion Models via Symmetric Attention Decomposition: Hopfield Perspective | The Shape of Addition: Geometric Structures of Arithmetic in Large Language Models | The Geometric Mechanics of Contrastive Representation Learning: Alignment Potentials, Entropic Dispersion, and Cross-Modal Divergence"
14,"LLM Reasoning, Post-Training, and RLVR",Diffusion language models and decoding,high,needs_review,split across lexical clusters,decoding / diffusion / language / language models,145,5,1,14.32,1.36,decoding; diffusion; language; language models; token; tokens; generation; diffusion language; autoregressive; large language; dllms; parallel; large; masked; inference; deep learning,Deep Learning (111); Unknown (18); General Machine Learning (4); Applications (4); Probabilistic Methods (3),"LLM reasoning and test-time compute (102); Diffusion, flow, and generative modeling (99); Diffusion language models (82); Systems, efficiency, and compression (73); Theory, optimization, and sampling (71)",21 (37); 3 (25); 1 (22); 13 (18); 12 (16),Efficient Parallel Samplers for Recurrent-Depth Models | LUGS: Latent-aware Guidance for Efficient Unmasking in Diffusion Large Language Models | CoRe: Context-Robust Remasking for Diffusion Language Models | Locally Coherent Parallel Decoding in Diffusion Language Models | DC-Leap: Training-Free Acceleration of dLLMs via Draft-Guided Contiguous Leaping Decoding | Residual Context Diffusion Language Models | DFlash: Block Diffusion for Flash Speculative Decoding | Beyond Confidence: Adaptive and Coherent Decoding for Diffusion Language Models,How much can language models memorize? | WeDLM: Reconciling Diffusion Language Models with Standard Causal Attention for Fast Inference | Any-Order GPT as Masked Diffusion Model: Decoupling Formulation and Architecture | Learning Unmasking Policies for Diffusion Language Models | OPUS: Towards Efficient and Principled Data Selection in Large Language Model Pre-training in Every Iteration | DFlash: Block Diffusion for Flash Speculative Decoding | Sampling from Your Language Model One Byte at a Time | dLLM-Cache: Accelerating Diffusion Large Language Models with Adaptive Caching
15,"Graphs, Geometry, and Representation Learning",Graph neural networks and graph learning,high,stable_seed,,graph / graph neural / graphs / networks,166,4,0,1.33,0.95,graph; graph neural; graphs; networks; node; neural networks; learning graph; neural; nodes; structural; methods; datasets; structure; deep; deep learning; gnns,Deep Learning (107); General Machine Learning (21); Unknown (13); Optimization (12); Applications (4),"Memorization, evaluation, and generalization (75); Theory, optimization, and sampling (74); Safety, alignment, governance, and risk (53); Systems, efficiency, and compression (46); Agents, tools, and computer use (40)",5 (121); 25 (12); 17 (10); 9 (6); 22 (3),View Space: Learning Representation across Arbitrary Graphs | GraphFLEx: Unsupervised Structure Learning $\underline{\text{F}}$ramework for $\underline{\text{L}}$arge $\underline{\text{Ex}}$panding $\underline{\text{Graph}}$s | Plain Transformers are Surprisingly Powerful Link Predictors | SFCLTA: Spectral Fusion Contrastive Learning with Topology-Adaptive Graph Augmentation | FedRGL: Robust Federated Graph Learning under Label Noise | Revisiting Positive Samples in Graph Contrastive Learning: From the Perspective of Message Passing | CL-GCL: Comprehensive and Lightweight Graph Contrastive Learning | Improving Graph Transformers via Global Structural Priors,Which Algorithms Can Graph Neural Networks Learn? | MV-FGAD: Towards Efficient and Effective Federated Graph Anomaly Detection via Multi-view Learning | PhenoBrain: Phenotype-Conditioned Long-Range Communication for Multi-Modal Brain Network Analysis | Towards Hierarchy–Uniformity Equilibrium: Recovering Semantic Depth in Hypergraph Contrastive Learning | Adaptive Node Feature Selection for Graph Neural Networks | Normality Calibration in Semi-supervised Graph Anomaly Detection | Generative Representation Learning on Hyper-relational Knowledge Graphs via Masked Discrete Diffusion | Learning Graph Foundation Models on Riemannian Graph-of-Graphs
16,"Robotics, Embodiment, and World Models",Vision-language-action models and robotic manipulation,high,stable_seed,,action / robotics / vla / applications robotics,195,4,0,19.19,0.81,action; robotics; vla; applications robotics; manipulation; language action; robot; vision language; world; vision; robotic; embodied; real; task; vla models; actions,Applications (135); Unknown (23); Reinforcement Learning (17); Deep Learning (15); General Machine Learning (3),"Robotics and world models (165); Multimodal, vision-language, and video (149); Memorization, evaluation, and generalization (134); Agents, tools, and computer use (102); RL for LLMs and verifiable rewards (76)",19 (114); 11 (15); 7 (12); 10 (10); 0 (8),"FOCA: Future-Oriented Conditioning for Data-Efficient Vision-Language-Action Adaptation | XR-1: Towards Versatile Vision-Language-Action Models via Learning Unified Vision-Motion Representations | UniCoD: Enhancing Robot Policy via Unified Continuous and Discrete Representation Learning | Towards Practical World Model-based Reinforcement Learning for Vision-Language-Action Models | A Generalist Pair-wise Progress Critic Model for Vision-Language-Action Robots | Dyn-VPP: Video Prediction Policy Optimization for Improved Visual Dynamics | Think Less, Act Early: Reinforced Latent Reasoning with Early Exit in Vision-Language-Action Models | World Guidance: World Modeling in Condition Space for Action Generation",From Abstraction to Instantiation: Learning Behavioral Representation for Vision-Language-Action Model | RoboMME: Benchmarking and Understanding Memory for Robotic Generalist Policies | From Pixels to Tokens: A Systematic Study of Latent Action Supervision for Vision-Language-Action Models | XR-1: Towards Versatile Vision-Language-Action Models via Learning Unified Vision-Motion Representations | LaST$_{0}$: Latent Spatio-Temporal Chain-of-Thought for Robotic Vision-Language-Action Model | RoboTwin 2.0: A Scalable Data Generator and Benchmark with Strong Domain Randomization for Robust Bimanual Robotic Manipulation | Hydra-Nav: Object Navigation via Adaptive Dual-Process Reasoning | VLANeXt: Recipes for Building Strong VLA Models
17,"Data-Centric, Causal, and Federated ML","Labels, datasets, and supervised data quality",medium,needs_review,manual confidence not high; split across lexical clusters,label / labels / machine / machine learning,192,1,0,2.38,0.21,label; data; labels; machine; machine learning; general machine; class; general; methods; datasets; performance; training; samples; classification; supervised; based,General Machine Learning (78); Applications (33); Social Aspects (27); Deep Learning (22); Unknown (17),"Safety, alignment, governance, and risk (114); Memorization, evaluation, and generalization (107); Theory, optimization, and sampling (84); Agents, tools, and computer use (49); Interpretability and mechanistic analysis (49)",25 (64); 17 (61); 23 (16); 1 (11); 29 (6),Convex Dataset Valuation for Post-Training | Class-Conditional Distribution Balancing for Group Robust Classification | Just Y-Prediction: Enabling Historical Cumulative Inconsistency in Label Diffusion for Learning with Noisy Label | Coupled Training with Privileged Features and Unlabeled Data | Expert Routing with Synthetic Data for Domain Incremental Learning | Class-Prior Perturbation-Robust Regularization for Imbalanced Unreliable Partial Label Learning | Position: Creating High-Fidelity Synthetic Training Data Should Employ Multi-level Optimization | Neutral-Reference Prompting for Vision–Language Models,On the Difficulty of Learning a Meta-network for Training Data Selection | A Semantically Consistent Dataset for Data-Efficient Query-Based Universal Sound Separation | OSF: On Pre-training and Scaling of Sleep Foundation Models | Building Social World Model with Large Language Models | No Need to Train Your RDB Foundation Model | LumiNet: Perception-Driven Knowledge Distillation via Statistical Logit Calibration | Probably Approximately Correct Labels | CorrSteer: Generation-Time LLM Steering via Correlated Sparse Autoencoder Features
18,"Graphs, Geometry, and Representation Learning",Geometric representation learning and manifolds,high,needs_review,split across lexical clusters,geometric / representation / geometry / representations,160,1,0,5.36,0.25,geometric; representation; geometry; representations; representation learning; manifold; spatial; alignment; space; learning representation; clustering; latent; embedding; structure; global; structures,Deep Learning (58); General Machine Learning (40); Applications (37); Unknown (15); Social Aspects (7),"Multimodal, vision-language, and video (82); Safety, alignment, governance, and risk (79); Memorization, evaluation, and generalization (71); Theory, optimization, and sampling (57); LLM reasoning and test-time compute (41)",17 (61); 25 (31); 10 (16); 4 (10); 27 (7),From Extrinsic to Intrinsic: Geodesic-Guided Representation Learning for 3D Geometric Data | Convergent World Representations and Divergent Tasks | Uncovering the Latent Potential of Deep Intermediate Representations | Multi-Way Representation Alignment | Learning Sparse Visual Representations via Spatial-Semantic Factorization | GRASP: Awakening Latent Spatial Reasoning in LVLMs via Training-free Geometric Rectification | Global Geometry Is Not Enough for Vision Representations | Generalizable and Composable Multi-Model Embedding Translation,Necessary Conditions for Compositional Generalization of Embedding Models | Semantic Tube Prediction: Beating LLM Data Efficiency with JEPA | MUSE: Resolving Manifold Misalignment in Visual Tokenization via Topological Orthogonality | Thinking with Geometry: Active Geometry Integration for Spatial Reasoning | Any2Any: Unified Arbitrary Modality Translation for Remote Sensing | Platonic Transformers: A Solid Choice For Equivariance | Revisiting the Platonic Representation Hypothesis: An Aristotelian View | Orthogonal Model Merging
19,Systems and Efficient Foundation Models,Quantization and low-precision training/inference,high,stable_seed,,quantization / bit / precision / low,88,2,0,5.31,0.9,quantization; bit; precision; low; quantized; ptq; error; training; quantization error; low bit; llms; training quantization; post; accuracy; large language; large,Deep Learning (61); Unknown (10); Applications (8); General Machine Learning (6); Theory (2),"Systems, efficiency, and compression (81); LLM reasoning and test-time compute (38); Theory, optimization, and sampling (37); RL for LLMs and verifiable rewards (34); Interpretability and mechanistic analysis (28)",21 (63); 29 (6); 17 (5); 12 (4); 3 (3),SINQ: Sinkhorn-Normalized Quantization for Calibration-Free Low-Precision LLM Weights | NeUQI: Near-Optimal Uniform Quantization Parameter Initialization for Low-Bit LLMs | BPDQ: Bit-Plane Decomposition Quantization on a Variable Grid for Large Language Models | LO-BCQ: Locally Optimal Block Clustered Quantization for 4-bit (W4A4) LLM Inference | Rethinking 1-bit Optimization Leveraging Pre-trained Large Language Models | TWLA: Breaking the Barrier to W1.58A4 Post-Training Quantization for LLMs | Scaling Law for Quantization-Aware Training | NanoQuant: Efficient Sub-1-bit Quantization of Large Language Models,ReQAT: Achieving Full-Precision Reasoning Accuracy with 4-bit Floating-Point Quantization-Aware Training | CAT-Q: Cost-efficient and Accurate Ternary Quantization for LLMs | SINQ: Sinkhorn-Normalized Quantization for Calibration-Free Low-Precision LLM Weights | INT vs. FP: A Comprehensive Study of Fine-Grained Low-bit Quantization Formats | Quant VideoGen: Auto-Regressive Long Video Generation via 2-Bit KV-Cache Quantization | Vector Quantization using Gaussian Variational Autoencoder | RobuQ: Pushing DiTs to W1.58A2 via Robust Activation Quantization | LSGQuant: Layer-Sensitivity Guided Quantization for One-Step Diffusion Real-World Video Super-Resolution
20,"Theory, Optimization, and Algorithms",Transformer theory and attention expressivity,medium,needs_review,manual confidence not high,transformers / attention / transformer / softmax,98,5,0,12.92,2.01,transformers; attention; transformer; softmax; theory; deep; deep learning; context; layer; length; language; results; softmax attention; training; scaling; layers,Deep Learning (64); Theory (20); Unknown (8); Social Aspects (3); General Machine Learning (2),"Theory, optimization, and sampling (61); LLM reasoning and test-time compute (45); Interpretability and mechanistic analysis (38); Memorization, evaluation, and generalization (32); Safety, alignment, governance, and risk (29)",14 (64); 22 (10); 13 (6); 1 (6); 17 (5),Equivalence of Context and Parameter Updates in Modern Transformer Blocks | The Expressive Power of Low Precision Softmax Transformers with (Summarized) Chain-of-Thought | The Expressivity Limits of Transformers | Anatomy of Massive Activations and Attention Sinks | Quantifying LLM Attention-Head Stability: Implications for Circuit Universality | Universal Approximation with Softmax Attention | Representation Drift Compensation: A Zero-Cost Enhancement for LLM Decomposition | Softmax as Linear Attention in the Large-Prompt Regime: a Measure-based Perspective,Equivalence of Context and Parameter Updates in Modern Transformer Blocks | Focus and Dilution: The Multi-stage Learning Process of Attention | Rational Transductors | On Minimum Depth and Width of Floating-Point Neural Networks for Representing Floating-Point Functions | The Expressivity Limits of Transformers | Deep Networks Learn Deep Hierarchical Models | On Structured State-Space Duality | Krause Synchronization Transformers
21,"LLM Reasoning, Post-Training, and RLVR",LLM preference tuning and alignment training,medium,needs_review,manual confidence not high; split across lexical clusters,language / large language / language models / large,128,2,0,9.02,0.62,language; large language; language models; large; preference; llm; training; llms; policy; learning large; optimization; data; deep learning; deep; dpo; optimal,Deep Learning (92); General Machine Learning (8); Unknown (8); Reinforcement Learning (5); Social Aspects (4),"Theory, optimization, and sampling (99); LLM reasoning and test-time compute (94); Memorization, evaluation, and generalization (70); RL for LLMs and verifiable rewards (63); Systems, efficiency, and compression (54)",24 (27); 1 (26); 13 (20); 12 (18); 6 (18),Smaller Models are Natural Explorers for Policy-Level Diversity in GRPO | Rethinking the Trust Region in LLM Reinforcement Learning | Hybrid Policy Distillation for LLMs | The Optimal Token Baseline: Variance Reduction for Long-Horizon LLM-RL | Unbiased Dynamic Pruning for Efficient Group-Based Policy Optimization | Normalized Rewards for Preference Optimization | Do We Need Adam? Surprisingly Strong and Sparse Reinforcement Learning with SGD in LLMs | PowerFlow: Unlocking the Dual Nature of LLMs via Principled Distribution Matching,Do We Need Adam? Surprisingly Strong and Sparse Reinforcement Learning with SGD in LLMs | Reward-free Alignment for Conflicting Objectives | Autoregressive Direct Preference Optimization | Rethinking the Trust Region in LLM Reinforcement Learning | Advantage Weighted Matching: Aligning RL with Pretraining in Diffusion Models | BandPO: Bridging Trust Regions and Ratio Clipping via Probability-Aware Bounds for LLM Reinforcement Learning | Decouple Searching from Training: Scaling Data Mixing via Model Merging for Large Language Model Pre-training | Utility-Diversity Aware Online Batch Selection for LLM Supervised Fine-tuning
22,"Multimodal, Vision, and Perception",Vision-language reasoning and video understanding,high,stable_seed,,visual / vision / reasoning / video,272,7,0,8.96,1.02,visual; vision; reasoning; video; vision language; language; multimodal; image; computer vision; vlms; computer; language models; applications computer; grounding; perception; object,Applications (131); Deep Learning (88); Unknown (25); General Machine Learning (12); Social Aspects (10),"Multimodal, vision-language, and video (268); Memorization, evaluation, and generalization (181); LLM reasoning and test-time compute (163); Agents, tools, and computer use (121); RL for LLMs and verifiable rewards (95)",4 (126); 0 (61); 10 (22); 25 (22); 14 (4),Awakening Visual Reasoning: Mitigating Post-Training Failure in Vision-Text Compression | Focusing Where Vision Matters: Selective Training for Large Vision Language Models via Visual Information Gain | Chain-of-Glimpse: Search-Guided Progressive Object-Grounded Reasoning for Video Understanding | PGT: Procedurally Generated Tasks for improving fine-grained understanding in MLLMs | SPLIT-VLM: Salience-Guided Partitioning towards Local Coverage for Importance-Aware Token Dropping in Vision-Language Models | Decomposed On-Policy Distillation for Vision-Language Reasoning: Steering Gradients for Visual Grounding | VideoSeeker: Native Interleaved Clue Seeking for Long Video Multi-Hop Reasoning | iVGR: Internalizing Visually Grounded Reasoning for MLLMs with Reinforcement Learning,CLEAR: Context-Aware Learning with End-to-End Mask-Free Inference for Adaptive Subtitle Removal | Are VLMs Seeing or Just Saying? Uncovering the Illusion of Visual Re-examination | Bad Seeing or Bad Thinking? Rewarding Perception for Multimodal Reasoning | 3ViewSense: Spatial and Mental Perspective Reasoning from Orthographic Views in Vision-Language Models | PhotoAgent: Exploratory Visual Aesthetic Planning with Large Vision Models | DOUBT: Decoupled Object-level Understanding and Bridging via vMF-based Trustworthiness for Hallucination Detection in MLLMs | SpatioLM: Towards General Physical Spatial Intelligence in Vision-Language Models | From Correspondence to Actions: Human-Like Multi-Image Spatial Reasoning in Multi-modal Large Language Models
23,"Safety, Governance, Privacy, and Society","Privacy, differential privacy, and unlearning",high,stable_seed,,privacy / private / dp / aspects privacy,84,3,0,2.1,1.41,privacy; private; dp; aspects privacy; differential privacy; social aspects; aspects; social; differentially private; differentially; data; differential; utility; unlearning; sensitive; guarantees,Social Aspects (71); Unknown (5); Applications (2); Theory (2); Reinforcement Learning (2),"Safety, alignment, governance, and risk (84); Theory, optimization, and sampling (40); Systems, efficiency, and compression (27); Memorization, evaluation, and generalization (22); Multimodal, vision-language, and video (16)",26 (64); 3 (4); 28 (3); 11 (3); 23 (2),Efficient Public Verification of Private ML via Regularization | OptiFluence: Principled Design of Privacy Canaries | Eliminating Solution Bias in Differentially Private Optimization | Accuracy-First Rényi Differential Privacy and Post-Processing Immunity | Fast and Optimal Algorithms for Private Hypothesis Selection | Optimal Domain-Aware Privacy Mechanisms for Synthetic Data Generation | Efficient DP-SGD for LLMs with Randomized Clipping | Provably Protecting Fine-Tuned LLMs from Training Data Extraction,"Is Your LLM Overcharging You? Tokenization, Transparency, and Incentives | PRISM: Gauge-Invariant Tangent-Space Differentially Private LoRA | GoodDiffusion: Proactive Copyright Protection for Diffusion Generative Models via Learnable Sample-specific Signatures | Position: Embodied AI Requires a Privacy-Utility Tradeoff | MultiPriv: Benchmarking Individual-Level Privacy Reasoning in Vision-Language Models | Privasis: Synthesizing the Largest ""Public"" Private Dataset from Scratch | Unlearning’s Blind Spots: Over‑Unlearning and Prototypical Relearning Attack | Contextualized Privacy Defense for LLM Agents"
24,"LLM Reasoning, Post-Training, and RLVR","General LLM training, evaluation, and alignment",medium,needs_review,manual confidence not high; split across lexical clusters,language / language models / llms / large language,290,14,0,8.76,1.9,language; language models; llms; large language; large; llm; models llms; alignment; learning large; training; evaluation; data; fine; knowledge; deep learning; tuning,Deep Learning (143); Social Aspects (65); Applications (32); General Machine Learning (21); Unknown (21),"Safety, alignment, governance, and risk (169); Memorization, evaluation, and generalization (158); LLM reasoning and test-time compute (157); Interpretability and mechanistic analysis (106); Theory, optimization, and sampling (90)",1 (130); 12 (33); 23 (30); 29 (23); 20 (12),Bridging the Knowledge-Prediction Gap in LLMs on Multiple-Choice Questions | Activation Oracles: Training and Evaluating LLMs as General-Purpose Activation Explainers | Harnessing Non-Adversarial Robustness in Large Language Models | Learning Self-Interpretation from Interpretability Artifacts: Training Lightweight Adapters on Vector-Label Pairs | Learning syntax without semantics: Disentangled tiny language models | Navigating the Pareto Frontier of Alignment:Spectrum-Adaptive Fine-Tuning for LLMs | Facts in Stats: Impacts of Pretraining Diversity on Language Model Generalization | Steering Out-of-Distribution Generalization with Concept Ablation Fine-Tuning,Simultaneous Speech-to-Speech Translation Without Aligned Data | Mechanistic Data Attribution: Tracing the Training Origins of Interpretable LLM Units | Procedural Pretraining: Warming Up Language Models with Abstract Data | TokSuite: Measuring the Impact of Tokenizer Choice on Language Model Behavior | Benchmarking at the Edge of Comprehension | Prescriptive Scaling Reveals the Evolution of Language Model Capabilities | Activation Oracles: Training and Evaluating LLMs as General-Purpose Activation Explainers | Less is Enough: Synthesizing Diverse Data in Feature Space of LLMs
25,"Multimodal, Vision, and Perception","3D, video, motion, and spatial understanding",high,stable_seed,,3d / video / motion / applications computer,203,2,1,8.67,0.39,3d; video; motion; applications computer; computer vision; vision; computer; geometric; scene; applications; spatial; geometry; consistency; view; generation; object,Applications (140); Deep Learning (40); Unknown (20); General Machine Learning (2); Reinforcement Learning (1),"Multimodal, vision-language, and video (197); Agents, tools, and computer use (99); Diffusion, flow, and generative modeling (95); Memorization, evaluation, and generalization (87); Systems, efficiency, and compression (66)",10 (118); 0 (53); 3 (14); 25 (6); 19 (4),CamGeo: Sparse Camera-Conditioned Image-to-Video Generation with 3D Geometry Priors | SceneDirector: Bridging Explicit Geometry and Generative Priors for Unified Driving Scene Editing | Fast-SAM3D: 3Dfy Anything in Images but Faster | MVISTA-4D: View-Consistent 4D World Model with Test-Time Action Inference for Robotic Manipulation | Distilling Geometry Priors for 3D-Consistent Video Generation | GemDepth: Geometry-Embedded Features for 3D-Consistent Video Depth | 3DPoV: Improving 3D understanding via Patch Ordering on Videos | World-R1: Reinforcing 3D Constraints for Text-to-Video Generation,Motion Attribution for Video Generation | Holi-Spatial: Evolving Video Streams into Holistic 3D Spatial Intelligence | PanoWorld-X: Generating Explorable Panoramic Worlds via Sphere-Aware Video Diffusion | Boosting Monocular Metric Depth Estimation via Bokeh Rendering | Turbo4DGen: Ultra-Fast Acceleration for 4D Generation | Utonia: Toward One Encoder for All Point Clouds | WorldMirror: Universal 3D World Reconstruction with Any-Prior Prompting | World-R1: Reinforcing 3D Constraints for Text-to-Video Generation
26,Systems and Efficient Foundation Models,"Large-scale training, optimizers, and model architecture",medium,needs_review,manual confidence not high; split across lexical clusters,networks / training / deep / gradient,198,2,0,13.31,0.4,neural; networks; training; deep; gradient; optimization; deep learning; neural networks; network; architectures; layer; loss; optimizer; updates; low; muon,Deep Learning (109); Optimization (26); General Machine Learning (17); Unknown (16); Theory (14),"Theory, optimization, and sampling (132); Systems, efficiency, and compression (92); Memorization, evaluation, and generalization (67); Safety, alignment, governance, and risk (59); LLM reasoning and test-time compute (56)",22 (80); 12 (27); 17 (23); 21 (12); 20 (11),Memory-Efficient LLMs Training with Dynamic Sparsity: From Stability to Practical Scaling | From Muon to Gluon: Bridging Theory and Practice of LMO-based Optimizers for LLMs | Exploiting weight-space symmetries for approximating curvature | Memory-Efficient LLM Pretraining via Minimalist Optimizer Design | ExpertWeaver: Unlocking the Inherent MoE in Dense LLMs with GLU Activation Patterns | Deep Progressive Training: scaling up depth capacity of zero/one-layer models | Gradient Smoothing: Coupling Layer-wise Updates for Improved Optimization | Beyond Sunk Costs: Boosting LLM Pre-training Efficiency via Orthogonal Growth of Mixture-of-Experts,"Controlled LLM Training on Spectral Sphere | MuonSSM: Orthogonalizing State Space Models for Sequence Modeling | mHC: Manifold-Constrained Hyper-Connections | Neural Thickets: Diverse Task Experts Are Dense Around Pretrained Weights | Evolution Strategies at the Hyperscale | NorMuon: Making Muon more efficient and scalable | GradientStabilizer: Fix the Norm, Not the Gradient | Memory-Efficient LLM Pretraining via Minimalist Optimizer Design"
27,"AI for Science, Health, and Neuro","Protein, molecule, and biological modeling",high,needs_review,split across lexical clusters,protein / molecular / chemistry / applications,148,5,0,2.72,1.33,protein; molecular; chemistry; applications; physics; design; physics earth; earth sciences; applications chemistry; chemistry physics; earth; sciences; medicine; structure; applications health; health medicine,Applications (120); Deep Learning (13); Unknown (7); General Machine Learning (5); Optimization (1),"AI for science, health, and biology (140); Memorization, evaluation, and generalization (79); Diffusion, flow, and generative modeling (61); Theory, optimization, and sampling (52); Agents, tools, and computer use (50)",15 (61); 17 (35); 25 (20); 3 (12); 11 (4),CoarseBind: Fast and Accurate Binding Affinity Prediction through Coarse Structural Representations | Protein Language Model Embeddings Improve Generalization of Implicit Transfer Operators | Controllable Molecule Generation via Sparse Representation Editing: An Interpretability-Driven Perspective | SLAE: Strictly Local All-atom Environment for Protein Representation | SynLaD: Latent Diffusion for Generating Synthesizable Molecules Conditioned on 3D Pharmacophore Profiles | Inference-time optimization for experiment-grounded protein ensemble generation | FlexiFlow: decomposable flow matching for generation of flexible molecular ensemble | Learning Molecular Semantic Invariant Representation with Prototype Constraint,Protein Autoregressive Modeling via Multiscale Structure Generation | Protein Fold Classification at Scale: Benchmarking and Pretraining | dnaHNet: A Scalable and Hierarchical Foundation Model for Genomic Sequence Learning | Towards Sub-second Biological Foundation Model Infrastructure: A Quantized Consistency Diffusion Framework for Molecular Docking | FLIP2: Expanding Protein Fitness Landscape Benchmarks for Real-World Machine Learning Applications | Adaptive Protein Tokenization | MADE: Benchmark Environments for Closed-Loop Materials Discovery | FRIGID: Scaling Diffusion-Based Molecular Generation from Mass Spectra at Training and Inference Time
28,"Theory, Optimization, and Algorithms","Convex, stochastic, and nonconvex optimization",high,stable_seed,,convergence / optimization / stochastic / convex,127,3,0,3.25,0.93,convergence; optimization; stochastic; convex; gradient; descent; rate; non; convergence rate; sgd; order; algorithm; gradient descent; problems; smooth; theory,Optimization (76); Theory (29); Unknown (7); Deep Learning (5); Probabilistic Methods (4),"Theory, optimization, and sampling (125); LLM reasoning and test-time compute (33); Systems, efficiency, and compression (33); Memorization, evaluation, and generalization (28); Safety, alignment, governance, and risk (27)",22 (62); 9 (54); 26 (3); 20 (2); 12 (2),"Convergence Analysis of Decentralized Hessian-/Jacobian-Free Algorithm for Nonconvex Stochastic Bilevel Optimization | Mirror Descent Under Generalized Smoothness | Safeguarded Stochastic Polyak Step Sizes for Non-smooth Optimization: Robust Performance Without Small (Sub)Gradients | Can Adaptive Gradient Methods Converge under Heavy-Tailed Noise? A Case Study of AdaGrad | Lions and Muons: Optimization via Stochastic Frank-Wolfe | Last-Iterate Convergence of Regularized Gradient Methods for Stochastic Monotone Variational Inequalities | Taming Stochastic Gradient Descent: Almost Sure Convergence and Saddle-Point Avoidance under $(L_{0},L_{1})$-Smoothness | Stability Analysis of Sharpness-Aware Minimization",Non-Euclidean Gradient Descent Operates at the Edge of Stability | On the Convergence Rate of LoRA Gradient Descent | Asymmetric Perturbation in Solving Bilinear Saddle-Point Optimization | A Fully First-Order Layer for Differentiable Optimization | KromHC: Manifold-Constrained Hyper-Connections with Kronecker-Product Residual Matrices | Improved Stochastic Optimization of LogSumExp | OLion: Approaching the Hadamard Ideal by Intersecting Spectral and L inf Implicit Biases | Local Constrained Bayesian Optimization
29,Systems and Efficient Foundation Models,"Serving, GPU memory, MoE, and throughput",high,stable_seed,,llm / memory / gpu / throughput,116,5,0,6.16,1.7,llm; memory; gpu; throughput; serving; moe; latency; routing; large; inference; hardware; times; workloads; large language; language; language models,Deep Learning (57); General Machine Learning (21); Unknown (13); Optimization (13); Applications (8),"Systems, efficiency, and compression (89); LLM reasoning and test-time compute (62); Theory, optimization, and sampling (56); Memorization, evaluation, and generalization (43); RL for LLMs and verifiable rewards (37)",21 (60); 12 (10); 13 (9); 11 (8); 20 (7),"Understand and Accelerate Memory Processing Pipeline for Large Language Model Inference | ReMoE: Boosting Expert Reuse through Router Fine-Tuning in Memory-Constrained MoE LLM Inference | Revisiting Efficiency–Accuracy Scaling in Mixture-of-Experts Architectures | ZipMoE: Efficient On-Device MoE Serving via Lossless Compression and Cache-Affinity Scheduling | FlashOptim: Memory Efficient Optimizers for Large-Scale Training | cMoLLM at Scale: Horizontal Scaling Laws for Convolutionally-Gated Mixture-of-LLMs | Position: LLM Serving Needs Mathematical Optimization and Algorithmic Foundations, Not Just Heuristics | PinTok: Tokenizers Deserve Dedicated Pinned CPU-Compute and Memory",FlashSinkhorn: IO-Aware Entropic Optimal Transport on GPU | ECHO: Elastic Speculative Decoding with Sparse Gating for High-Concurrency Scenarios | POET-X: Memory-efficient LLM Training by Scaling Orthogonal Transformation | FlashSketch: Sketch-Kernel Co-Design for Fast Sparse Sketching on GPUs | Faster Activation Functions at the Edge for Post-Training Speedups | When RL Meets Adaptive Speculative Training: A Unified Training-Serving System | DITRON: Distributed Multi-level Tiling Compiler for Parallel Tensor Programs | SpecForge: A Flexible and Efficient Open-Source Training Framework for Speculative Decoding
30,"Agents, Code, and Tool Use","Multi-agent search, planning, and coordination",high,needs_review,split across lexical clusters,agent / multi / search / agents,150,4,0,16.96,1.05,agent; multi; search; agents; optimization; llm; multi agent; language; large language; large; based; task; planning; language models; reinforcement; evolutionary,Deep Learning (78); Optimization (18); Reinforcement Learning (18); General Machine Learning (12); Unknown (12),"Agents, tools, and computer use (109); Memorization, evaluation, and generalization (96); LLM reasoning and test-time compute (94); Theory, optimization, and sampling (82); RL for LLMs and verifiable rewards (67)",11 (57); 20 (21); 1 (14); 17 (14); 6 (9),CoPE: A Framework for Optimizing Coordination between Planning and Execution in LLM-based Agents | POLCA: Stochastic Generative Optimization with LLM | Language-based Trial and Error Falls Behind in the Era of Experience | ML-Agent: Reinforcing LLM Agents for Autonomous Machine Learning Engineering | MonoScale: Scaling Multi-Agent System with Monotonic Improvement | TRIP-Bench: A Benchmark for Long-Horizon Interactive Agents in Real-World Scenarios | Learning to Explore: Scaling Agentic Reasoning via Exploration-Aware Policy Optimization | Towards Cold-Start Drafting and Continual Refining: A Value-Driven Memory Approach with Application to NPU Kernel Synthesis,Guaranteed Optimal Compositional Explanations for Neurons | OMAC: A Holistic Optimization Framework for LLM-Based Multi-Agent Collaboration | Unsupervised Partner Design Enables Robust Ad-hoc Teamwork | From Feasible to Practical: Pareto-Optimal Synthesis Planning | Learning to Discover at Test Time | Meta Context Engineering via Agentic Skill Evolution | Graph-R1: Towards Agentic GraphRAG Framework via End-to-end Reinforcement Learning | Evolution Strategies at Scale: LLM Fine-Tuning Beyond Reinforcement Learning
31,"Data-Centric, Causal, and Federated ML",Federated learning and distributed clients,high,needs_review,split across lexical clusters,federated / federated learning / clients / client,85,1,0,1.02,0.46,federated; federated learning; clients; client; fl; data; heterogeneity; aggregation; privacy; communication; local; global; learning fl; heterogeneous; personalized; decentralized,General Machine Learning (29); Deep Learning (19); Social Aspects (16); Optimization (10); Applications (5),"Safety, alignment, governance, and risk (66); Theory, optimization, and sampling (53); Systems, efficiency, and compression (43); Memorization, evaluation, and generalization (38); Agents, tools, and computer use (18)",17 (28); 25 (21); 12 (11); 20 (5); 26 (3),Breaking the Capacity Bottleneck in Model-Heterogeneous Federated Learning via Gradual Model Restoration | FedReLa: Imbalanced Federated Learning via Re-Labeling | BESplit: Bias-Compensated Split Federated Learning with Evidential Aggregation | Personalized Additive Modeling for Multi-level Federated Learning | Beyond the Trade-off: Unifying Fairness and Performance in Federated Learning | Decoupled Low-Rank Adaptation for Robust Federated Fine-Tuning | FedPissa: Towards Federated Personalized Adaptation of Foundation Models via LoRA Subspace Mapping | FedGain: Toward Negative-Gain-Free Client Collaboration in Federated Learning,Incentivizing Truthfulness and Collaborative Fairness in Bayesian Learning | PluRel: Synthetic Data unlocks Scaling Laws for Relational Foundation Models | Is Data Shapley Not Better than Random in Data Selection? Ask NASH | FedHPro: Federated Hyper-Prototype Learning via Gradient Matching | Delayed Momentum Aggregation: Communication-efficient Byzantine-robust Federated Learning with Partial Participation | Can Recommender Systems Teach Themselves? A Recursive Self-Improving Framework with Fidelity Control | UB-SMoE: Universally Balanced Sparse Mixture-of-Experts for Resource-adaptive Federated Fine-tuning of Foundation Models | Social Hippocampus Memory Learning
32,"Theory, Optimization, and Algorithms",Bayesian and probabilistic methods,high,stable_seed,,bayesian / probabilistic / posterior / probabilistic methods,125,6,0,2.5,1.89,bayesian; probabilistic; posterior; probabilistic methods; methods; inference; uncertainty; data; methods bayesian; variational; bayesian models; sampling; distribution; models methods; likelihood; monte,Probabilistic Methods (76); Applications (10); General Machine Learning (9); Deep Learning (8); Optimization (8),"Theory, optimization, and sampling (112); Diffusion, flow, and generative modeling (52); Memorization, evaluation, and generalization (48); Safety, alignment, governance, and risk (38); Systems, efficiency, and compression (36)",17 (73); 9 (23); 3 (8); 22 (5); 14 (3),Predictive variational inference: Learn the predictively optimal posterior distribution | Monotonic Variational Gaussian Process for Efficient Data Collection | FIRE: Multi-fidelity Regression with Distribution-conditioned In-context Learning using Tabular Foundation Models | Distribution Transformers: Fast Approximate Bayesian Inference With On-The-Fly Prior Adaptation | Multi-Task Bayesian In-Context Learning | Diffusion posterior sampling for simulation-based inference in tall data settings | Transformers Can Learn Posterior Predictive Distributions In-Context | Robust Bayes-Assisted Conformal Prediction,DiScoFormer: Plug-In Density and Score Estimation with Transformers | Markov Chain Monte Carlo without Evaluating the Target: an Auxiliary Variable Approach | Disentangling Latent Risk Pathways via Bayesian Hypergraph Inference | SVRG and Beyond via Posterior Correction | Robust Contextual Optimization with Missing Covariates | Path-dependent Discrete Amortized Inference | ProEval: Proactive Failure Discovery and Efficient Performance Estimation for Generative AI Evaluation | Variational Learning of Disentangled Representations
33,"Theory, Optimization, and Algorithms","Online learning, bandits, and regret",high,stable_seed,,regret / online / bandits / algorithm,172,8,0,3.67,1.83,regret; online; bandits; algorithm; optimal; theory; online learning; bound; learning bandits; problem; bounds; sqrt; algorithms; study; setting; mathcal,Theory (97); General Machine Learning (27); Unknown (12); Social Aspects (11); Reinforcement Learning (9),"Theory, optimization, and sampling (163); Agents, tools, and computer use (48); Safety, alignment, governance, and risk (44); LLM reasoning and test-time compute (43); RL for LLMs and verifiable rewards (37)",9 (151); 7 (5); 17 (5); 24 (3); 23 (2),Improved Algorithms for Nash Welfare in Linear Bandits | Follow-the-Perturbed-Leader for Decoupled Bandits: Best-of-Both-Worlds and Practicality | Online Social Welfare Function-based Resource Allocation | Online Conformal Prediction via Universal Portfolio Algorithms | Understanding the Gaps in Satisficing Bandits | A Perturbation Approach to Unconstrained Linear Bandits | Stronger Benchmarks for Prediction as a Service with Constraints | Finite and Corruption-Robust Regret Bounds in Online Inverse Linear Optimization under M-Convex Action Sets,Minimax Optimal Strategy for Delayed Observations in Online Reinforcement Learning | Nash Equilibria in Games with Playerwise Concave Coupling Constraints: Existence and Computation | Towards Fair Sequential Decision-Making: A Causal Decomposition Approach | What Preferences Can—and Cannot—Predict in Multi-Agent Online Learning | Second-Order Smooth Planning with Optimal-Transport Bellman Smoothing | Equilibrium Pricing in Oligopolistic Data Markets | DPO Unchained: Your Training Algorithm is Secretly Disentangled in Human Choice Theory (and Its Loss' Convexity is Dispensable) | Revenue Efficiency of Correlated Equilibria in First Price Auctions
34,Generative Modeling,Image/video diffusion and flow generation,high,stable_seed,,diffusion / generative / image / generative models,243,2,0,10.62,0.32,diffusion; generative; image; generative models; generation; diffusion models; learning generative; models autoencoders; autoencoders; quality; flow; training; deep; latent; deep learning; matching,Deep Learning (155); Applications (48); Unknown (19); Social Aspects (9); General Machine Learning (8),"Diffusion, flow, and generative modeling (230); Multimodal, vision-language, and video (203); Theory, optimization, and sampling (117); Systems, efficiency, and compression (98); Safety, alignment, governance, and risk (94)",3 (173); 0 (23); 10 (8); 25 (7); 17 (6),Self-Supervised Flow Matching for Scalable Multi-Modal Synthesis | Both Semantics and Reconstruction Matter: Making Representation Encoders Ready for Text-to-Image Generation and Editing | Variational Flow Maps: Make Some Noise for One-Step Conditional Generation | Contrastive Flow Map Matching | ProtoVAR: Efficient Dataset Distillation via Prototype-Guided Visual Autoregressive Modeling | RT-Lynx: Putting the GEMM Sparsity In a Right Way for Diffusion Models | Multimodal Latent Language Modeling with Next-Token Diffusion | One-step Optimal Transport via Regularized Distribution Matching Distillation,Transforming Weather Data from Pixel to Latent Space | Error Propagation Mechanisms and Compensation Strategies for Quantized Diffusion Models | Self-Prompting Diffusion Transformer for Open-Vocabulary Scene Text Edit via In-Context Learning | Causal Forcing: Autoregressive Diffusion Distillation Done Right for High-Quality Real-Time Video Generation | Self-Supervised Flow Matching for Scalable Multi-Modal Synthesis | One-step Latent-free Image Generation with Pixel Mean Flows | DyPE: Dynamic Position Extrapolation for Ultra High Resolution Diffusion | Latent Forcing: Reordering the Diffusion Trajectory for Pixel-Space Image Generation
35,"LLM Reasoning, Post-Training, and RLVR",RL for reasoning models and verifiable rewards,high,stable_seed,,reasoning / rl / reinforcement / reinforcement learning,161,2,0,38.76,0.49,reasoning; rl; reinforcement; reinforcement learning; language models; language; large; large language; training; reward; rewards; rlvr; policy; verifiable; llms; learning large,Deep Learning (99); Unknown (20); Reinforcement Learning (19); Applications (10); Theory (6),"LLM reasoning and test-time compute (161); RL for LLMs and verifiable rewards (141); Memorization, evaluation, and generalization (114); Theory, optimization, and sampling (101); Systems, efficiency, and compression (82)",6 (106); 13 (17); 1 (16); 12 (6); 20 (4),"Resource-Efficient Reinforcement for Reasoning Large Language Models via Dynamic One-Shot Policy Refinement | Prioritize the Process, Not Just the Outcome: Rewarding Latent Thought Trajectories Improves Reasoning in Looped Language Models | Breaking the Exploration Bottleneck: Rubric-Scaffolded Reinforcement Learning for General LLM Reasoning | Decoupling Reasoning and Confidence: Resurrecting Calibration in Reinforcement Learning from Verifiable Rewards | Plan Then Action: High-Level Planning Guidance Reinforcement Learning for LLM Reasoning | h1: Bootstrapping LLMs to Reason over Longer Horizons via Reinforcement Learning | Depth-Breadth Synergy in RLVR: Unlocking LLM Reasoning Gains with Adaptive Exploration | On the Interplay of Pre-Training, Mid-Training, and RL on Reasoning Language Models","ThreadWeaver: Adaptive Threading for Efficient Parallel Reasoning in Language Models | Don't Force the Fit: Bounded Log-Likelihood Loss for Enhanced Reasoning in Large Language Models | Process Reward Models That Think | On the Interplay of Pre-Training, Mid-Training, and RL on Reasoning Language Models | Spurious Rewards: Rethinking Training Signals in RLVR | Scaling Generative Verifiers For Natural Language Mathematical Proof Verification And Selection | Towards Efficient Large Language Reasoning Models via Extreme-Ratio Chain-of-Thought Compression | RLVE: Scaling Up Reinforcement Learning for Language Models with Adaptive Verifiable Environments"
36,"Multimodal, Vision, and Perception","Vision robustness, detection, and adversarial perception",medium,needs_review,manual confidence not high; split across lexical clusters,detection / vision / image / robustness,177,3,0,2.95,0.67,detection; vision; image; robustness; computer vision; computer; applications computer; adversarial; feature; semantic; methods; applications; images; extensive; features; performance,Applications (84); Deep Learning (39); Social Aspects (27); General Machine Learning (14); Unknown (12),"Multimodal, vision-language, and video (154); Safety, alignment, governance, and risk (109); Memorization, evaluation, and generalization (104); Theory, optimization, and sampling (63); Systems, efficiency, and compression (53)",25 (75); 10 (25); 2 (22); 17 (10); 14 (7),Less Precise Can Be More Reliable: A Systematic Evaluation of Quantization’s Impact on VLMs Beyond Accuracy | Target-Agnostic Calibration under Distribution Shift with Frequency-Aware Gradient Rectification | Robust Vision-Language Models via Manifold-Adversarial Adapters | Self-Calibrated Consistency can Fight Back for Adversarial Robustness in Vision-Language Models | DNA: Uncovering Universal Latent Forgery Knowledge | Suppress and Diversify: Refining Robust Pathways for Corruption Robustness | The Extra Tokens Matter: Disentangled Representation Learning with Vision Transformers | On the Adversarial Robustness of Large Vision-Language Models under Visual Token Compression,Mind Your Margin and Boundary: Are Your Distilled Datasets Truly Robust? | DroneDINO: Towards Heterogeneous Routed Mixture of Experts for Drone-based Unified Object Detection | Privacy-Aware Video Anomaly Detection: Guided Orthogonal Projection and a Comprehensive Evaluation Framework | Alterbute: Editing Intrinsic Attributes of Objects in Images | Rectified LpJEPA: Joint-Embedding Predictive Architectures with Sparse and Maximum-Entropy Representations | Is Training Necessary for Anomaly Detection? | GenShield: Unified Detection and Artifact Correction for AI-Generated Images | OmniAID: Decoupling Semantic and Artifacts for Universal AI-Generated Image Detection in the Wild
37,"Safety, Governance, Privacy, and Society","Position papers, policy, and social impacts",high,stable_seed,,ai / position / social / position paper,173,10,2,5.13,2.28,ai; position; social; position paper; aspects; social aspects; human; argues; research; paper; paper argues; argue; systems; safety; evaluation; agents,Social Aspects (113); Applications (18); General Machine Learning (18); Unknown (13); Theory (6),"Safety, alignment, governance, and risk (143); Agents, tools, and computer use (85); Memorization, evaluation, and generalization (70); Interpretability and mechanistic analysis (61); RL for LLMs and verifiable rewards (47)",28 (109); 11 (20); 23 (16); 17 (9); 1 (7),Position: Preregister Experiments with AI Agents | Position: Reliable AI Needs to Externalize Implicit Knowledge: A Human–AI Collaboration Perspective | A Positive Case for Faithfulness: Explanations Help Predict Model Behavior | Position: The Age of AI Agents Demands A New Scientific Paradigm To Sustain Trustworthy Science | Calibrating Conservatism for Scalable Oversight | Position: The AI Imperative: Scaling High-Quality Peer Review in Machine Learning | Position: Trustworthy AI Suffers from Invariance Conflicts and Causality is The Solution | Position: Multi-Agent Explainability Needs Contracts Before Methods,"Position: The Alignment Community is Unintentionally Building a Censor’s Toolkit | Position: AI/ML Deepfake Research is Misaligned with AI Generated Non-Consensual Intimate Imagery (AIG-NCII) | Position: Anthropomorphic Misalignment Research Needs Stronger Evidence | Position: Stop Automating Peer Review Without Rigorous Evaluation | Large Language Models Develop Novel Social Biases Through Adaptive Exploration | Position: The AI Imperative: Scaling High-Quality Peer Review in Machine Learning | Position: Irresponsible AI: big tech’s influence on AI research and associated impacts | Position: Don't Just ""Fix it in Post'': A Science of AI Must Study Learning Dynamics"
38,"Theory, Optimization, and Algorithms","Quantum, matrix, and numerical optimization",medium,needs_review,manual confidence not high; small cluster,quantum / matrix / optimization / algorithm,35,1,0,3.09,1.13,quantum; matrix; optimization; algorithm; classical; algorithms; problem; quadratic; linear; quantum algorithm; problems; gradient; complexity; quantum computing; gpu; theory,Optimization (12); Theory (9); Unknown (4); Deep Learning (3); General Machine Learning (2),"Theory, optimization, and sampling (31); Systems, efficiency, and compression (17); Memorization, evaluation, and generalization (9); LLM reasoning and test-time compute (8); Agents, tools, and computer use (7)",9 (18); 22 (5); 28 (2); 21 (1); 25 (1),"Accelerating Regression Tasks with Quantum Algorithms | Matrix-Free GPU Semidefinite Programming for Quantum Ordered Search at the k=6 Frontier | An Exponential Separation Between Quantum and Quantum-Inspired Classical Algorithms for Linear Systems | Finding Stationary Points by Comparisons | QuantumBoost: A lazy, yet fast, quantum algorithm for learning with weak hypotheses | Exploiting Hankel-Toeplitz Structures for Fast Computation of Kernel Precision Matrices | Quantum Robust Inner Minimization for Reinforcement Learning with Quadratic Speed-Up in Query Complexity | Position: Quantum Deep Learning Still Needs a Quantum Leap",Optimal and Scalable MAPF via Multi-Marginal Optimal Transport and Schrödinger Bridges | An Embarrasingly Simple Way to Optimize Orthogonal Matrices at Scale | DASH: Faster Shampoo via Batched Block Preconditioning and Efficient Inverse-Root Solvers | A Penalty Approach For Differentiation Through Black-box Quadratic Programming Solvers | Exploiting Hankel-Toeplitz Structures for Fast Computation of Kernel Precision Matrices | An Exterior Method for Nonnegative Matrix Factorization | Ultrafast On-Chip Online Learning via Spline Locality in Kolmogorov–Arnold Networks | Discrete Adjoint Schrödinger Bridge Sampler
39,"AI for Science, Health, and Neuro",Time series and forecasting applications,medium,needs_review,manual confidence not high,time series / series / forecasting / time,160,3,0,3.11,0.74,time series; series; forecasting; time; series forecasting; temporal; applications time; applications; data; real; multivariate; real world; modeling; world; dynamics; datasets,Applications (96); Deep Learning (33); General Machine Learning (16); Unknown (7); Social Aspects (6),"Memorization, evaluation, and generalization (94); Safety, alignment, governance, and risk (64); Theory, optimization, and sampling (51); AI for science, health, and biology (46); Systems, efficiency, and compression (45)",18 (124); 17 (11); 15 (8); 23 (3); 13 (2),Towards a Unified Generative Model for Scarce Time Series with Domain Experts | Baguan-TS: dual in-context learning model for time series forecasting with covariates | From Text to Forecasts: Bridging Modality Gap with Temporal Evolution Semantic Space | Zeus: Towards Tuning-Free Foundation Model for Time Series Analysis | FlowState: Sampling-Rate‑Equivariant Time‑Series Forecasting | TsLLM: Augmenting LLMs for General Time Series Understanding and Prediction | Overcoming the Modality Gap in Context-Aided Forecasting | One Batch Is Enough: A Unified Dataset Condensation Framework for General Time Series Analysis,"From Text to Forecasts: Bridging Modality Gap with Temporal Evolution Semantic Space | Scalable Event Cloud Network for Event-based Classification | ConFlux: Multivariate Time Series in Flux, One Unified Forecast in Confluence | OpenTSLM: Time-Series Language Models for Reasoning over Multivariate Medical Text- and Time-Series Data | TSRBench: A Comprehensive Multi-task Multi-modal Time Series Reasoning Benchmark for Generalist Models | HEARTS: Benchmarking LLM Reasoning on Health Time Series | DAG: A Dual Correlation Network for Time Series Forecasting with Exogenous Variables | U-Cast: A Surprisingly Simple Frontier Probabilistic AI Weather Forecaster"
40,"Agents, Code, and Tool Use","Agent evaluation, tool use, and agentic workflows",high,stable_seed,,agents / agent / evaluation / agentic,207,10,0,16.88,1.91,agents; agent; evaluation; agentic; llm; language; reasoning; multi; benchmark; tool; multi agent; large; large language; task; tasks; execution,Deep Learning (73); Applications (48); General Machine Learning (31); Unknown (29); Reinforcement Learning (12),"Agents, tools, and computer use (196); Memorization, evaluation, and generalization (164); LLM reasoning and test-time compute (139); RL for LLMs and verifiable rewards (76); Systems, efficiency, and compression (57)",11 (151); 20 (16); 1 (10); 28 (9); 13 (3),"FT-Dojo: Towards Autonomous LLM Fine-Tuning with Language Agents | ScaleEnv: Scaling Environment Synthesis from Scratch for Generalist Interactive Tool-Use Agent Training | VeRO: An Evaluation Harness for Agents to Optimize Agents | Beyond the Final Answer: Evaluating the Reasoning Trajectories of Tool-Augmented Agents | Strategic Navigation or Stochastic Search? How Agents and Humans Reason Over Document Collections | ComplexMCP: Evaluation of LLM Agents in Dynamic, Interdependent, and Large-Scale Tool Sandbox | AMA-Bench: Evaluating Long-Horizon Memory for Agentic Applications | Can Agents Generalize to the Open World? Unveiling the Fragility of Static Training in Tool Use",$\tau^2$-Bench: Evaluating Conversational Agents in a Dual-Control Environment | Monitoring Monitorability | Agent0-VL: Exploring Self-Evolving Agent for Tool-Integrated Vision-Language Reasoning | VenusBench-Mobile: A Challenging and User-Centric Benchmark for Mobile GUI Agents with Capability Diagnostics | CVE-Factory: Scaling Expert-Level Agentic Tasks for Code Security Vulnerability | daVinci-Dev: Agent-native Mid-training for Software Engineering | Strategic Navigation or Stochastic Search? How Agents and Humans Reason Over Document Collections | A Systematic Study of Behavioral Cloning for Scientific Data Annotation
41,"Graphs, Geometry, and Representation Learning",Equivariant graph and geometric networks,high,needs_review,small cluster,graph / networks / neural networks / graph neural,65,1,0,4.51,0.61,graph; networks; neural; neural networks; graph neural; gnns; graphs; learning graph; node; network; equivariant; deep; gnn; deep learning; message; message passing,Deep Learning (45); Unknown (6); General Machine Learning (5); Applications (5); Theory (2),"Theory, optimization, and sampling (29); Memorization, evaluation, and generalization (26); Systems, efficiency, and compression (17); Interpretability and mechanistic analysis (14); LLM reasoning and test-time compute (14)",5 (37); 22 (11); 17 (5); 27 (2); 15 (2),Unitary Convolutions for Message-passing and Positional Encodings on Directed Graphs | From Distribution to Geometry: Stable Graph Generalization via Invariant Barycenters | InvGNN: Learning Invertible Node Representations on Graphs | NNiT: Width-Agnostic Neural Network Generation with Structurally Aligned Weight Spaces | Graph Neural Networks Are Not Continuous Across Graph Resolutions | Rotary Position Encodings for Graphs | When Do Graph Foundation Models Transfer? A Data-Centric Theory | Sheaf Neural Networks on SPD Manifolds: Second-Order Geometric Representation Learning,Foundations of Equivariant Deep Learning: Unifying Graph and Sheaf Neural Networks | Who Said Neural Networks Aren't Linear? | On Efficient Scaling of GNNs via IO-Aware Layers Implementations | E2Former-V2: On-the-Fly Equivariant Attention with Linear Activation Memory | Equivariant Neural Networks for General Linear Symmetries on Lie Algebras | Smoothness Errors in Dynamics Models and How to Avoid Them | Beyond Structural Symmetries: Linear Mode Connectivity via Neuron Identifiability | Neural Feature Geometry Evolves as Discrete Ricci Flow
