adjudication_rank,priority_score,semantic_cluster_id,current_area,current_subarea,taxonomy_confidence,review_status,review_notes,paper_count,oral_count,award_count,votes_per_paper,queued_papers,semantic_cluster_label,top_terms,top_topic_groups,top_themes,top_lexical_clusters,central_papers,high_signal_papers,queued_papers_to_read,decision_prompt,allowed_decisions,manual_decision_destination
1,88.76,24,"LLM Reasoning, Post-Training, and RLVR","General LLM training, evaluation, and alignment",medium,needs_review,manual confidence not high; split across lexical clusters,290,14,0,8.76,5,language / language models / llms / large language,language; language models; llms; large language; large; llm; models llms; alignment; learning large; training; evaluation; data; fine; knowledge; deep learning; tuning,Deep Learning (143); Social Aspects (65); Applications (32); General Machine Learning (21); Unknown (21),"Safety, alignment, governance, and risk (169); Memorization, evaluation, and generalization (158); LLM reasoning and test-time compute (157); Interpretability and mechanistic analysis (106); Theory, optimization, and sampling (90)",1 (130); 12 (33); 23 (30); 29 (23); 20 (12),Bridging the Knowledge-Prediction Gap in LLMs on Multiple-Choice Questions | Activation Oracles: Training and Evaluating LLMs as General-Purpose Activation Explainers | Harnessing Non-Adversarial Robustness in Large Language Models | Learning Self-Interpretation from Interpretability Artifacts: Training Lightweight Adapters on Vector-Label Pairs | Learning syntax without semantics: Disentangled tiny language models | Navigating the Pareto Frontier of Alignment:Spectrum-Adaptive Fine-Tuning for LLMs | Facts in Stats: Impacts of Pretraining Diversity on Language Model Generalization | Steering Out-of-Distribution Generalization with Concept Ablation Fine-Tuning,Activation Oracles: Training and Evaluating LLMs as General-Purpose Activation Explainers | Prescriptive Scaling Reveals the Evolution of Language Model Capabilities | Less is Enough: Synthesizing Diverse Data in Feature Space of LLMs | Mechanistic Data Attribution: Tracing the Training Origins of Interpretable LLM Units | Simultaneous Speech-to-Speech Translation Without Aligned Data | Procedural Pretraining: Warming Up Language Models with Abstract Data | TokSuite: Measuring the Impact of Tokenizer Choice on Language Model Behavior | VALUEFLOW: Toward Pluralistic and Steerable Value-based Alignment in Large Language Models,Activation Oracles: Training and Evaluating LLMs as General-Purpose Activation Explainers | Diffract: Spectral View of LLM Domain Adaptation | FlatLand: Personalized Graph Federated Learning via Tailored Lorentz Space | Information Flow Reveals When to Trust Language Models | On the Limits of LLM Adaptability: Impact of LLM Pre-Training on Annotation Task Performance,Decide whether this semantic cluster should be split into multiple report subareas or kept as one mixed neighborhood.,keep; relabel_area; relabel_subarea; split_cluster; merge_cluster; unclear,"data/manual/area_review_overrides.csv manual_fault_line_relevance/manual_notes, then update TAXONOMY mapping if relabeling is accepted"
2,82.38,10,"Data-Centric, Causal, and Federated ML","Continual learning, forgetting, and task adaptation",medium,needs_review,manual confidence not high; split across lexical clusters,138,4,0,16.38,9,continual / forgetting / continual learning / task,continual; forgetting; continual learning; task; knowledge; tasks; attention; catastrophic forgetting; catastrophic; plasticity; memory; new; parameter; updates; transfer; performance,Deep Learning (68); General Machine Learning (37); Unknown (15); Theory (7); Applications (7),"Memorization, evaluation, and generalization (73); Systems, efficiency, and compression (64); Theory, optimization, and sampling (57); LLM reasoning and test-time compute (56); Multimodal, vision-language, and video (36)",12 (38); 14 (22); 25 (19); 22 (15); 1 (15),Spectral Imbalance Causes Forgetting in Low-Rank Continual Adaptation | CoPE: Continual Probe-guided Expansion for Large Vision-Language Models | Towards Understanding Continual Factual Knowledge Acquisition of Language Models: From Theory to Algorithm | MoFO: Momentum-Filtered Optimizer for Mitigating Forgetting in LLM Fine-Tuning | Understanding Generalization and Forgetting in In-Context Continual Learning | Model-Dowser: Data-Free Importance Probing to Mitigate Catastrophic Forgetting in Multimodal Large Language Models | Investigating Continual Pretraining in Large Language Models: Insights and Implications | Position: Modular Memory is the Key to Continual Learning Agents,Pretrained Vision-Language-Action Models are Surprisingly Resistant to Forgetting in Continual Learning | Midtraining Bridges Pretraining and Posttraining Distributions | Expressivity-Efficiency Tradeoffs for Hybrid Sequence Models | Detecting the Semantic Fixed Point: A Geometric Framework for Efficient Inference | Self-Distillation Enables Continual Learning | Understanding LoRA as Knowledge Memory: An Empirical Analysis | ATLAS: Learning to Optimally Memorize the Context at Test Time | Retaining by Doing: The Role of On-Policy Data in Mitigating Forgetting,Pretrained Vision-Language-Action Models are Surprisingly Resistant to Forgetting in Continual Learning | Midtraining Bridges Pretraining and Posttraining Distributions | Expressivity-Efficiency Tradeoffs for Hybrid Sequence Models | Self-Distillation Enables Continual Learning | Understanding LoRA as Knowledge Memory: An Empirical Analysis | ATLAS: Learning to Optimally Memorize the Context at Test Time | Retaining by Doing: The Role of On-Policy Data in Mitigating Forgetting | Detecting the Semantic Fixed Point: A Geometric Framework for Efficient Inference,Decide whether this semantic cluster should be split into multiple report subareas or kept as one mixed neighborhood.,keep; relabel_area; relabel_subarea; split_cluster; merge_cluster; unclear,"data/manual/area_review_overrides.csv manual_fault_line_relevance/manual_notes, then update TAXONOMY mapping if relabeling is accepted"
3,74.32,11,"LLM Reasoning, Post-Training, and RLVR",Reasoning models and chain-of-thought behavior,high,needs_review,split across lexical clusters,211,10,1,18.32,3,reasoning / language / large language / language models,reasoning; language; large language; language models; large; llms; learning large; thought; deep; deep learning; cot; reasoning models; chain; latent; tasks; chain thought,Deep Learning (152); Applications (18); Unknown (17); Social Aspects (14); General Machine Learning (7),"LLM reasoning and test-time compute (206); Memorization, evaluation, and generalization (129); Agents, tools, and computer use (94); Systems, efficiency, and compression (71); RL for LLMs and verifiable rewards (60)",1 (76); 6 (30); 13 (19); 4 (17); 20 (14),Stop When Further Reasoning Won’t Help: Attention-State Adaptive Generation in Reasoning Models | DyCon: Dynamic Reasoning Control via Evolving Difficulty Modeling | Reasoning Compartmentalization: Bridging the Concretization Gap via Abstraction-based Routing | Which Reasoning Traces Are Worth Generating Further? Data Curation for Training Reasoning Models | A²RBench: An Automatic Paradigm for Formally Verifiable Abstract Reasoning Benchmark Generation | DTS: Enhancing Large Reasoning Models via Decoding Tree Sketching | LongCoT: Benchmarking Long-Horizon Chain-of-Thought Reasoning | MixReasoning: Switching Modes to Think,"The Flexibility Trap: Rethinking the Value of Arbitrary Order in Diffusion Language Models | Learning to Theorize the World from Observation | Characterizing, Evaluating, and Optimizing Complex Reasoning | Towards Long-Horizon Interpretability: Efficient and Faithful Multi-Token Attribution for Reasoning LLMs | Skip a Layer or Loop It? Learning Program-of-Layers in LLMs | The Signal is in the Steps: Local Scoring for Reasoning Data Selection | Modeling Hierarchical Thinking in Large Reasoning Models | Evaluating Robustness of Reasoning Models on Parameterized Logical Problems",The Flexibility Trap: Rethinking the Value of Arbitrary Order in Diffusion Language Models | Latent Collaboration in Multi-Agent Systems | Self-Distilled Reasoner: On-Policy Self-Distillation for Large Language Models,Decide whether this semantic cluster should be split into multiple report subareas or kept as one mixed neighborhood.,keep; relabel_area; relabel_subarea; split_cluster; merge_cluster; unclear,"data/manual/area_review_overrides.csv manual_fault_line_relevance/manual_notes, then update TAXONOMY mapping if relabeling is accepted"
4,69.31,26,Systems and Efficient Foundation Models,"Large-scale training, optimizers, and model architecture",medium,needs_review,manual confidence not high; split across lexical clusters,198,2,0,13.31,8,networks / training / deep / gradient,neural; networks; training; deep; gradient; optimization; deep learning; neural networks; network; architectures; layer; loss; optimizer; updates; low; muon,Deep Learning (109); Optimization (26); General Machine Learning (17); Unknown (16); Theory (14),"Theory, optimization, and sampling (132); Systems, efficiency, and compression (92); Memorization, evaluation, and generalization (67); Safety, alignment, governance, and risk (59); LLM reasoning and test-time compute (56)",22 (80); 12 (27); 17 (23); 21 (12); 20 (11),Memory-Efficient LLMs Training with Dynamic Sparsity: From Stability to Practical Scaling | From Muon to Gluon: Bridging Theory and Practice of LMO-based Optimizers for LLMs | Exploiting weight-space symmetries for approximating curvature | Memory-Efficient LLM Pretraining via Minimalist Optimizer Design | ExpertWeaver: Unlocking the Inherent MoE in Dense LLMs with GLU Activation Patterns | Deep Progressive Training: scaling up depth capacity of zero/one-layer models | Gradient Smoothing: Coupling Layer-wise Updates for Improved Optimization | Beyond Sunk Costs: Boosting LLM Pre-training Efficiency via Orthogonal Growth of Mixture-of-Experts,"Controlled LLM Training on Spectral Sphere | MuonSSM: Orthogonalizing State Space Models for Sequence Modeling | mHC: Manifold-Constrained Hyper-Connections | Evolution Strategies at the Hyperscale | Neural Thickets: Diverse Task Experts Are Dense Around Pretrained Weights | NorMuon: Making Muon more efficient and scalable | GradientStabilizer: Fix the Norm, Not the Gradient | Why Do We Need Warm-up? A Theoretical Perspective","Controlled LLM Training on Spectral Sphere | MuonSSM: Orthogonalizing State Space Models for Sequence Modeling | mHC: Manifold-Constrained Hyper-Connections | Evolution Strategies at the Hyperscale | Neural Thickets: Diverse Task Experts Are Dense Around Pretrained Weights | NorMuon: Making Muon more efficient and scalable | GradientStabilizer: Fix the Norm, Not the Gradient | Why Do We Need Warm-up? A Theoretical Perspective",Decide whether this semantic cluster should be split into multiple report subareas or kept as one mixed neighborhood.,keep; relabel_area; relabel_subarea; split_cluster; merge_cluster; unclear,"data/manual/area_review_overrides.csv manual_fault_line_relevance/manual_notes, then update TAXONOMY mapping if relabeling is accepted"
5,65.92,20,"Theory, Optimization, and Algorithms",Transformer theory and attention expressivity,medium,needs_review,manual confidence not high,98,5,0,12.92,7,transformers / attention / transformer / softmax,transformers; attention; transformer; softmax; theory; deep; deep learning; context; layer; length; language; results; softmax attention; training; scaling; layers,Deep Learning (64); Theory (20); Unknown (8); Social Aspects (3); General Machine Learning (2),"Theory, optimization, and sampling (61); LLM reasoning and test-time compute (45); Interpretability and mechanistic analysis (38); Memorization, evaluation, and generalization (32); Safety, alignment, governance, and risk (29)",14 (64); 22 (10); 13 (6); 1 (6); 17 (5),Equivalence of Context and Parameter Updates in Modern Transformer Blocks | The Expressive Power of Low Precision Softmax Transformers with (Summarized) Chain-of-Thought | The Expressivity Limits of Transformers | Anatomy of Massive Activations and Attention Sinks | Quantifying LLM Attention-Head Stability: Implications for Circuit Universality | Universal Approximation with Softmax Attention | Representation Drift Compensation: A Zero-Cost Enhancement for LLM Decomposition | Softmax as Linear Attention in the Large-Prompt Regime: a Measure-based Perspective,Equivalence of Context and Parameter Updates in Modern Transformer Blocks | Rational Transductors | Focus and Dilution: The Multi-stage Learning Process of Attention | On Minimum Depth and Width of Floating-Point Neural Networks for Representing Floating-Point Functions | The Expressivity Limits of Transformers | Dimensional Collapse in Transformer Attention Outputs: A Challenge for Sparse Dictionary Learning | Weight-sparse transformers have interpretable circuits | You Need Better Attention Priors,Equivalence of Context and Parameter Updates in Modern Transformer Blocks | Rational Transductors | Dimensional Collapse in Transformer Attention Outputs: A Challenge for Sparse Dictionary Learning | Weight-sparse transformers have interpretable circuits | You Need Better Attention Priors | Do Transformers Need Three Projections? Systematic Study of QKV Variants | Patterning: The Dual of Interpretability,Decide whether current area/subarea is central enough or should be relabeled.,keep; relabel_area; relabel_subarea; split_cluster; merge_cluster; unclear,"data/manual/area_review_overrides.csv manual_fault_line_relevance/manual_notes, then update TAXONOMY mapping if relabeling is accepted"
6,64.48,2,"LLM Reasoning, Post-Training, and RLVR","Reward modeling, preference feedback, and RL post-training",high,needs_review,split across lexical clusters,164,3,0,27.48,5,reward / reinforcement learning / reinforcement / rewards,reward; reinforcement learning; reinforcement; rewards; policy; rl; preference; feedback; training; language; optimization; human; large language; language models; reward models; large,Deep Learning (71); Reinforcement Learning (51); Unknown (14); Social Aspects (12); Applications (10),"RL for LLMs and verifiable rewards (158); Theory, optimization, and sampling (103); LLM reasoning and test-time compute (90); Memorization, evaluation, and generalization (79); Safety, alignment, governance, and risk (74)",6 (59); 24 (49); 7 (25); 11 (7); 1 (7),REAL: Regression-Aware Reinforcement Learning for LLM-as-a-Judge | Implicit Actor Critic Coupling via a Supervised Learning Framework for RLVR | Real-Time Aligned Reward Model beyond Semantics | Alternating Reinforcement Learning for Rubric-Based Reward Modeling in Non-Verifiable LLM Post-Training | GDPO: Group reward-Decoupled Normalization Policy Optimization for Multi-reward RL Optimization | Experience is the Best Teacher: Motivating Effective Exploration in Reinforcement Learning for LLMs | Harnessing Uncertainty: Entropy-Modulated Policy Gradients for Long-Horizon LLM Agents | From Absolute to Relative: Rethinking Reward Shaping in Group-Based Reinforcement Learning,"Maximum Likelihood Reinforcement Learning | Reinforcement Learning with Evolving Rubrics for Deep Research | Mitigating Reward Hacking in RLHF via Bayesian Non-negative Reward Modeling | Reinforcement Learning via Self-Distillation | Agent Learning via Early Experience | GDPO: Group reward-Decoupled Normalization Policy Optimization for Multi-reward RL Optimization | Training AI Co-Scientists Using Rubric Rewards | RLAnything: Forge Environment, Policy, and Reward Model in Completely Dynamic RL System",Maximum Likelihood Reinforcement Learning | Reinforcement Learning with Evolving Rubrics for Deep Research | Reinforcement Learning via Self-Distillation | Agent Learning via Early Experience | GDPO: Group reward-Decoupled Normalization Policy Optimization for Multi-reward RL Optimization,Decide whether this semantic cluster should be split into multiple report subareas or kept as one mixed neighborhood.,keep; relabel_area; relabel_subarea; split_cluster; merge_cluster; unclear,"data/manual/area_review_overrides.csv manual_fault_line_relevance/manual_notes, then update TAXONOMY mapping if relabeling is accepted"
7,56.96,30,"Agents, Code, and Tool Use","Multi-agent search, planning, and coordination",high,needs_review,split across lexical clusters,150,4,0,16.96,5,agent / multi / search / agents,agent; multi; search; agents; optimization; llm; multi agent; language; large language; large; based; task; planning; language models; reinforcement; evolutionary,Deep Learning (78); Optimization (18); Reinforcement Learning (18); General Machine Learning (12); Unknown (12),"Agents, tools, and computer use (109); Memorization, evaluation, and generalization (96); LLM reasoning and test-time compute (94); Theory, optimization, and sampling (82); RL for LLMs and verifiable rewards (67)",11 (57); 20 (21); 1 (14); 17 (14); 6 (9),CoPE: A Framework for Optimizing Coordination between Planning and Execution in LLM-based Agents | POLCA: Stochastic Generative Optimization with LLM | Language-based Trial and Error Falls Behind in the Era of Experience | ML-Agent: Reinforcing LLM Agents for Autonomous Machine Learning Engineering | MonoScale: Scaling Multi-Agent System with Monotonic Improvement | TRIP-Bench: A Benchmark for Long-Horizon Interactive Agents in Real-World Scenarios | Learning to Explore: Scaling Agentic Reasoning via Exploration-Aware Policy Optimization | Towards Cold-Start Drafting and Continual Refining: A Value-Driven Memory Approach with Application to NPU Kernel Synthesis,OMAC: A Holistic Optimization Framework for LLM-Based Multi-Agent Collaboration | Guaranteed Optimal Compositional Explanations for Neurons | From Feasible to Practical: Pareto-Optimal Synthesis Planning | Unsupervised Partner Design Enables Robust Ad-hoc Teamwork | Learning to Discover at Test Time | MemEvolve: Meta-Evolution of Agent Memory Systems | Scaling Long-Horizon Agent via Context Folding | Meta Context Engineering via Agentic Skill Evolution,Learning to Discover at Test Time | MemEvolve: Meta-Evolution of Agent Memory Systems | Unsupervised Partner Design Enables Robust Ad-hoc Teamwork | Scaling Long-Horizon Agent via Context Folding | Meta Context Engineering via Agentic Skill Evolution,Decide whether this semantic cluster should be split into multiple report subareas or kept as one mixed neighborhood.,keep; relabel_area; relabel_subarea; split_cluster; merge_cluster; unclear,"data/manual/area_review_overrides.csv manual_fault_line_relevance/manual_notes, then update TAXONOMY mapping if relabeling is accepted"
8,53.19,13,"AI for Science, Health, and Neuro","Latent dynamics, neuroscience, and dynamical systems",medium,needs_review,manual confidence not high; split across lexical clusters,84,4,0,3.19,5,dynamics / networks / latent / dynamical,neural; dynamics; networks; latent; dynamical; time; structure; theory; neural networks; gradient; continuous; systems; linear; neuroscience; cognitive; flow,Deep Learning (27); Applications (25); Theory (9); General Machine Learning (9); Probabilistic Methods (5),"Theory, optimization, and sampling (52); Safety, alignment, governance, and risk (32); AI for science, health, and biology (32); Interpretability and mechanistic analysis (31); Memorization, evaluation, and generalization (20)",22 (19); 27 (17); 17 (16); 18 (6); 14 (5),"Identifying Connectivity Distributions from Neural Dynamics Using Flows | Maximum-Likelihood Learning of Latent Dynamics Without Reconstruction | Information dynamics and Memory in Neural Networks through Fisher Information Diffusion | The Geometric Mechanics of Contrastive Representation Learning: Alignment Potentials, Entropic Dispersion, and Cross-Modal Divergence | Dichotomy of Feature Learning and Unlearning: Fast-Slow Analysis on Neural Networks with Stochastic Gradient Descent | Biologically plausible heavy-tailed connectivity enhances generalizations on cognitive tasks in recurrent neural networks | A Factorized Low-Rank RNN Framework for Uncovering Independent Neural Latent Dynamics and Connectivity | Dynamics and representation structure of local approximations to gradient-based learning in linear recurrent neural networks","Orthogonal Concept Erasure for Diffusion Models | AI Engram: In Search of Memory Traces in Artificial Intelligence | CoEvol-NO: State and Coordinate Co-Evolution with an Error-Driven Predictor-Corrector Paradigm for Neural Operator Transformer | Geometric Flow Grounding: A Unified Manifold Decoupling Framework for Dynamics Discovery and Verification | Universal Learning of Nonlinear Dynamics | Robust Filter Attention: Self-Attention as a Parallel State Estimator | The Geometric Mechanics of Contrastive Representation Learning: Alignment Potentials, Entropic Dispersion, and Cross-Modal Divergence | A Solvable High-Dimensional Model Where Nonlinear Autoencoders Learn Structure Invisible to PCA While Test Loss Misaligns With Generalization",Orthogonal Concept Erasure for Diffusion Models | AI Engram: In Search of Memory Traces in Artificial Intelligence | CoEvol-NO: State and Coordinate Co-Evolution with an Error-Driven Predictor-Corrector Paradigm for Neural Operator Transformer | Geometric Flow Grounding: A Unified Manifold Decoupling Framework for Dynamics Discovery and Verification | Universal Learning of Nonlinear Dynamics,Decide whether this semantic cluster should be split into multiple report subareas or kept as one mixed neighborhood.,keep; relabel_area; relabel_subarea; split_cluster; merge_cluster; unclear,"data/manual/area_review_overrides.csv manual_fault_line_relevance/manual_notes, then update TAXONOMY mapping if relabeling is accepted"
9,51.32,14,"LLM Reasoning, Post-Training, and RLVR",Diffusion language models and decoding,high,needs_review,split across lexical clusters,145,5,1,14.32,2,decoding / diffusion / language / language models,decoding; diffusion; language; language models; token; tokens; generation; diffusion language; autoregressive; large language; dllms; parallel; large; masked; inference; deep learning,Deep Learning (111); Unknown (18); General Machine Learning (4); Applications (4); Probabilistic Methods (3),"LLM reasoning and test-time compute (102); Diffusion, flow, and generative modeling (99); Diffusion language models (82); Systems, efficiency, and compression (73); Theory, optimization, and sampling (71)",21 (37); 3 (25); 1 (22); 13 (18); 12 (16),Efficient Parallel Samplers for Recurrent-Depth Models | LUGS: Latent-aware Guidance for Efficient Unmasking in Diffusion Large Language Models | CoRe: Context-Robust Remasking for Diffusion Language Models | Locally Coherent Parallel Decoding in Diffusion Language Models | DC-Leap: Training-Free Acceleration of dLLMs via Draft-Guided Contiguous Leaping Decoding | Residual Context Diffusion Language Models | DFlash: Block Diffusion for Flash Speculative Decoding | Beyond Confidence: Adaptive and Coherent Decoding for Diffusion Language Models,How much can language models memorize? | WeDLM: Reconciling Diffusion Language Models with Standard Causal Attention for Fast Inference | OPUS: Towards Efficient and Principled Data Selection in Large Language Model Pre-training in Every Iteration | Learning Unmasking Policies for Diffusion Language Models | Any-Order GPT as Masked Diffusion Model: Decoupling Formulation and Architecture | DFlash: Block Diffusion for Flash Speculative Decoding | Predicting the Order of Upcoming Tokens Improves Language Modeling | Coevolutionary Continuous Discrete Diffusion: Make Your Diffusion Language Model a Latent Reasoner,How much can language models memorize? | WeDLM: Reconciling Diffusion Language Models with Standard Causal Attention for Fast Inference,Decide whether this semantic cluster should be split into multiple report subareas or kept as one mixed neighborhood.,keep; relabel_area; relabel_subarea; split_cluster; merge_cluster; unclear,"data/manual/area_review_overrides.csv manual_fault_line_relevance/manual_notes, then update TAXONOMY mapping if relabeling is accepted"
10,48.36,18,"Graphs, Geometry, and Representation Learning",Geometric representation learning and manifolds,high,needs_review,split across lexical clusters,160,1,0,5.36,8,geometric / representation / geometry / representations,geometric; representation; geometry; representations; representation learning; manifold; spatial; alignment; space; learning representation; clustering; latent; embedding; structure; global; structures,Deep Learning (58); General Machine Learning (40); Applications (37); Unknown (15); Social Aspects (7),"Multimodal, vision-language, and video (82); Safety, alignment, governance, and risk (79); Memorization, evaluation, and generalization (71); Theory, optimization, and sampling (57); LLM reasoning and test-time compute (41)",17 (61); 25 (31); 10 (16); 4 (10); 27 (7),From Extrinsic to Intrinsic: Geodesic-Guided Representation Learning for 3D Geometric Data | Convergent World Representations and Divergent Tasks | Uncovering the Latent Potential of Deep Intermediate Representations | Multi-Way Representation Alignment | Learning Sparse Visual Representations via Spatial-Semantic Factorization | GRASP: Awakening Latent Spatial Reasoning in LVLMs via Training-free Geometric Rectification | Global Geometry Is Not Enough for Vision Representations | Generalizable and Composable Multi-Model Embedding Translation,Necessary Conditions for Compositional Generalization of Embedding Models | Deep sequence models tend to memorize geometrically; it is unclear why. | Thinking with Geometry: Active Geometry Integration for Spatial Reasoning | From Kepler to Newton: Inductive Biases Guide Learned World Models in Transformers | Revisiting the Platonic Representation Hypothesis: An Aristotelian View | A Deep Learning Model of Mental Rotation Informed by Interactive VR Experiments | Semantic Tube Prediction: Beating LLM Data Efficiency with JEPA | From Directions to Regions: Decomposing Activations in Language Models via Local Geometry,Necessary Conditions for Compositional Generalization of Embedding Models | Deep sequence models tend to memorize geometrically; it is unclear why. | Thinking with Geometry: Active Geometry Integration for Spatial Reasoning | From Kepler to Newton: Inductive Biases Guide Learned World Models in Transformers | Revisiting the Platonic Representation Hypothesis: An Aristotelian View | A Deep Learning Model of Mental Rotation Informed by Interactive VR Experiments | Semantic Tube Prediction: Beating LLM Data Efficiency with JEPA | From Directions to Regions: Decomposing Activations in Language Models via Local Geometry,Decide whether this semantic cluster should be split into multiple report subareas or kept as one mixed neighborhood.,keep; relabel_area; relabel_subarea; split_cluster; merge_cluster; unclear,"data/manual/area_review_overrides.csv manual_fault_line_relevance/manual_notes, then update TAXONOMY mapping if relabeling is accepted"
11,45.95,36,"Multimodal, Vision, and Perception","Vision robustness, detection, and adversarial perception",medium,needs_review,manual confidence not high; split across lexical clusters,177,3,0,2.95,4,detection / vision / image / robustness,detection; vision; image; robustness; computer vision; computer; applications computer; adversarial; feature; semantic; methods; applications; images; extensive; features; performance,Applications (84); Deep Learning (39); Social Aspects (27); General Machine Learning (14); Unknown (12),"Multimodal, vision-language, and video (154); Safety, alignment, governance, and risk (109); Memorization, evaluation, and generalization (104); Theory, optimization, and sampling (63); Systems, efficiency, and compression (53)",25 (75); 10 (25); 2 (22); 17 (10); 14 (7),Less Precise Can Be More Reliable: A Systematic Evaluation of Quantization’s Impact on VLMs Beyond Accuracy | Target-Agnostic Calibration under Distribution Shift with Frequency-Aware Gradient Rectification | Robust Vision-Language Models via Manifold-Adversarial Adapters | Self-Calibrated Consistency can Fight Back for Adversarial Robustness in Vision-Language Models | DNA: Uncovering Universal Latent Forgery Knowledge | Suppress and Diversify: Refining Robust Pathways for Corruption Robustness | The Extra Tokens Matter: Disentangled Representation Learning with Vision Transformers | On the Adversarial Robustness of Large Vision-Language Models under Visual Token Compression,Mind Your Margin and Boundary: Are Your Distilled Datasets Truly Robust? | DroneDINO: Towards Heterogeneous Routed Mixture of Experts for Drone-based Unified Object Detection | Privacy-Aware Video Anomaly Detection: Guided Orthogonal Projection and a Comprehensive Evaluation Framework | Rectified LpJEPA: Joint-Embedding Predictive Architectures with Sparse and Maximum-Entropy Representations | On the Adversarial Robustness of Large Vision-Language Models under Visual Token Compression | Beyond Accuracy: What Matters in Designing Well-Behaved Image Classification Models? | Is Training Necessary for Anomaly Detection? | Alterbute: Editing Intrinsic Attributes of Objects in Images,DroneDINO: Towards Heterogeneous Routed Mixture of Experts for Drone-based Unified Object Detection | Privacy-Aware Video Anomaly Detection: Guided Orthogonal Projection and a Comprehensive Evaluation Framework | Rectified LpJEPA: Joint-Embedding Predictive Architectures with Sparse and Maximum-Entropy Representations | On the Adversarial Robustness of Large Vision-Language Models under Visual Token Compression,Decide whether this semantic cluster should be split into multiple report subareas or kept as one mixed neighborhood.,keep; relabel_area; relabel_subarea; split_cluster; merge_cluster; unclear,"data/manual/area_review_overrides.csv manual_fault_line_relevance/manual_notes, then update TAXONOMY mapping if relabeling is accepted"
12,38.11,39,"AI for Science, Health, and Neuro",Time series and forecasting applications,medium,needs_review,manual confidence not high,160,3,0,3.11,4,time series / series / forecasting / time,time series; series; forecasting; time; series forecasting; temporal; applications time; applications; data; real; multivariate; real world; modeling; world; dynamics; datasets,Applications (96); Deep Learning (33); General Machine Learning (16); Unknown (7); Social Aspects (6),"Memorization, evaluation, and generalization (94); Safety, alignment, governance, and risk (64); Theory, optimization, and sampling (51); AI for science, health, and biology (46); Systems, efficiency, and compression (45)",18 (124); 17 (11); 15 (8); 23 (3); 13 (2),Towards a Unified Generative Model for Scarce Time Series with Domain Experts | Baguan-TS: dual in-context learning model for time series forecasting with covariates | From Text to Forecasts: Bridging Modality Gap with Temporal Evolution Semantic Space | Zeus: Towards Tuning-Free Foundation Model for Time Series Analysis | FlowState: Sampling-Rate‑Equivariant Time‑Series Forecasting | TsLLM: Augmenting LLMs for General Time Series Understanding and Prediction | Overcoming the Modality Gap in Context-Aided Forecasting | One Batch Is Enough: A Unified Dataset Condensation Framework for General Time Series Analysis,"From Text to Forecasts: Bridging Modality Gap with Temporal Evolution Semantic Space | ConFlux: Multivariate Time Series in Flux, One Unified Forecast in Confluence | Scalable Event Cloud Network for Event-based Classification | TSRBench: A Comprehensive Multi-task Multi-modal Time Series Reasoning Benchmark for Generalist Models | Understanding Self-Supervised Learning via Latent Distribution Matching | OpenTSLM: Time-Series Language Models for Reasoning over Multivariate Medical Text- and Time-Series Data | Position: Why a Dynamical Systems Perspective is Needed to Advance Time Series Modeling | StarEmbed: Benchmarking Time Series Foundation Models on Astronomical Observations of Variable Stars",From Text to Forecasts: Bridging Modality Gap with Temporal Evolution Semantic Space | TSRBench: A Comprehensive Multi-task Multi-modal Time Series Reasoning Benchmark for Generalist Models | Understanding Self-Supervised Learning via Latent Distribution Matching | OpenTSLM: Time-Series Language Models for Reasoning over Multivariate Medical Text- and Time-Series Data,Decide whether current area/subarea is central enough or should be relabeled.,keep; relabel_area; relabel_subarea; split_cluster; merge_cluster; unclear,"data/manual/area_review_overrides.csv manual_fault_line_relevance/manual_notes, then update TAXONOMY mapping if relabeling is accepted"
13,37.72,27,"AI for Science, Health, and Neuro","Protein, molecule, and biological modeling",high,needs_review,split across lexical clusters,148,5,0,2.72,3,protein / molecular / chemistry / applications,protein; molecular; chemistry; applications; physics; design; physics earth; earth sciences; applications chemistry; chemistry physics; earth; sciences; medicine; structure; applications health; health medicine,Applications (120); Deep Learning (13); Unknown (7); General Machine Learning (5); Optimization (1),"AI for science, health, and biology (140); Memorization, evaluation, and generalization (79); Diffusion, flow, and generative modeling (61); Theory, optimization, and sampling (52); Agents, tools, and computer use (50)",15 (61); 17 (35); 25 (20); 3 (12); 11 (4),CoarseBind: Fast and Accurate Binding Affinity Prediction through Coarse Structural Representations | Protein Language Model Embeddings Improve Generalization of Implicit Transfer Operators | Controllable Molecule Generation via Sparse Representation Editing: An Interpretability-Driven Perspective | SLAE: Strictly Local All-atom Environment for Protein Representation | SynLaD: Latent Diffusion for Generating Synthesizable Molecules Conditioned on 3D Pharmacophore Profiles | Inference-time optimization for experiment-grounded protein ensemble generation | FlexiFlow: decomposable flow matching for generation of flexible molecular ensemble | Learning Molecular Semantic Invariant Representation with Prototype Constraint,Protein Autoregressive Modeling via Multiscale Structure Generation | dnaHNet: A Scalable and Hierarchical Foundation Model for Genomic Sequence Learning | Protein Fold Classification at Scale: Benchmarking and Pretraining | FLIP2: Expanding Protein Fitness Landscape Benchmarks for Real-World Machine Learning Applications | Towards Sub-second Biological Foundation Model Infrastructure: A Quantized Consistency Diffusion Framework for Molecular Docking | Adaptive Protein Tokenization | Contrastive Geometric Learning Unlocks Unified Structure- and Ligand-Based Drug Design | PDFBench: A Benchmark for De Novo Protein Design from Function,Protein Autoregressive Modeling via Multiscale Structure Generation | dnaHNet: A Scalable and Hierarchical Foundation Model for Genomic Sequence Learning | Protein Fold Classification at Scale: Benchmarking and Pretraining,Decide whether this semantic cluster should be split into multiple report subareas or kept as one mixed neighborhood.,keep; relabel_area; relabel_subarea; split_cluster; merge_cluster; unclear,"data/manual/area_review_overrides.csv manual_fault_line_relevance/manual_notes, then update TAXONOMY mapping if relabeling is accepted"
14,36.07,7,"Theory, Optimization, and Algorithms",Statistical learning theory and regression,high,needs_review,split across lexical clusters,180,4,1,2.07,2,theory / regression / bounds / risk,theory; regression; data; bounds; risk; sample; distribution; learning theory; machine; machine learning; error; theory learning; optimal; methods; bound; distributions,Theory (73); General Machine Learning (49); Unknown (17); Deep Learning (17); Probabilistic Methods (14),"Theory, optimization, and sampling (155); Safety, alignment, governance, and risk (88); Memorization, evaluation, and generalization (77); LLM reasoning and test-time compute (38); Systems, efficiency, and compression (31)",17 (75); 9 (67); 22 (9); 25 (5); 13 (4),Generalization Bounds for Out-of-distribution Generalization | General Quantification of Covariate and Concept Shifts | Learning Partial Concept Classes and Universal Rates Under Massart Noise | Characterization of Gaussian Universality Breakdown in High-Dimensional Empirical Risk Minimization | Alignment-Sensitive Minimax Rates for Spectral Algorithms with Learned Kernels | When Sample Selection Bias Precipitates Model Collapse | Positive Distribution Shift as a Framework for Understanding Tractable Learning | Positive-Unlabeled Learning with Extreme Scarcity of Labeled Positives,"To Grok Grokking: Provable Grokking in Ridge Regression | Optimal Decision-Making Based on Prediction Sets | Joint Learning in the Gaussian Single Index Model | Mixtures Closest To A Given Measure: A Semidefinite Programming Approach | Multi-Distribution Robust Conformal Prediction | Fast kernel methods: Sobolev, physics-informed, and additive models | Generalization of Gibbs and Langevin Monte Carlo Algorithms in the Interpolation Regime | Logit Distance Bounds Representational Similarity",To Grok Grokking: Provable Grokking in Ridge Regression | Optimal Decision-Making Based on Prediction Sets,Decide whether this semantic cluster should be split into multiple report subareas or kept as one mixed neighborhood.,keep; relabel_area; relabel_subarea; split_cluster; merge_cluster; unclear,"data/manual/area_review_overrides.csv manual_fault_line_relevance/manual_notes, then update TAXONOMY mapping if relabeling is accepted"
15,33.02,21,"LLM Reasoning, Post-Training, and RLVR",LLM preference tuning and alignment training,medium,needs_review,manual confidence not high; split across lexical clusters,128,2,0,9.02,0,language / large language / language models / large,language; large language; language models; large; preference; llm; training; llms; policy; learning large; optimization; data; deep learning; deep; dpo; optimal,Deep Learning (92); General Machine Learning (8); Unknown (8); Reinforcement Learning (5); Social Aspects (4),"Theory, optimization, and sampling (99); LLM reasoning and test-time compute (94); Memorization, evaluation, and generalization (70); RL for LLMs and verifiable rewards (63); Systems, efficiency, and compression (54)",24 (27); 1 (26); 13 (20); 12 (18); 6 (18),Smaller Models are Natural Explorers for Policy-Level Diversity in GRPO | Rethinking the Trust Region in LLM Reinforcement Learning | Hybrid Policy Distillation for LLMs | The Optimal Token Baseline: Variance Reduction for Long-Horizon LLM-RL | Unbiased Dynamic Pruning for Efficient Group-Based Policy Optimization | Normalized Rewards for Preference Optimization | Do We Need Adam? Surprisingly Strong and Sparse Reinforcement Learning with SGD in LLMs | PowerFlow: Unlocking the Dual Nature of LLMs via Principled Distribution Matching,Do We Need Adam? Surprisingly Strong and Sparse Reinforcement Learning with SGD in LLMs | Reward-free Alignment for Conflicting Objectives | Rethinking the Trust Region in LLM Reinforcement Learning | Entropy-Aware On-Policy Distillation of Language Models | Autoregressive Language Models are Secretly Energy-Based Models: Insights into the Lookahead Capabilities of Next-Token Prediction | Hybrid Policy Distillation for LLMs | Token-Level LLM Collaboration via FusionRoute | Predictable Compression Failures: Order Sensitivity and Information Budgeting for Evidence-Grounded Binary Adjudication,,Decide whether this semantic cluster should be split into multiple report subareas or kept as one mixed neighborhood.,keep; relabel_area; relabel_subarea; split_cluster; merge_cluster; unclear,"data/manual/area_review_overrides.csv manual_fault_line_relevance/manual_notes, then update TAXONOMY mapping if relabeling is accepted"
16,31.38,17,"Data-Centric, Causal, and Federated ML","Labels, datasets, and supervised data quality",medium,needs_review,manual confidence not high; split across lexical clusters,192,1,0,2.38,2,label / labels / machine / machine learning,label; data; labels; machine; machine learning; general machine; class; general; methods; datasets; performance; training; samples; classification; supervised; based,General Machine Learning (78); Applications (33); Social Aspects (27); Deep Learning (22); Unknown (17),"Safety, alignment, governance, and risk (114); Memorization, evaluation, and generalization (107); Theory, optimization, and sampling (84); Agents, tools, and computer use (49); Interpretability and mechanistic analysis (49)",25 (64); 17 (61); 23 (16); 1 (11); 29 (6),Convex Dataset Valuation for Post-Training | Class-Conditional Distribution Balancing for Group Robust Classification | Just Y-Prediction: Enabling Historical Cumulative Inconsistency in Label Diffusion for Learning with Noisy Label | Coupled Training with Privileged Features and Unlabeled Data | Expert Routing with Synthetic Data for Domain Incremental Learning | Class-Prior Perturbation-Robust Regularization for Imbalanced Unreliable Partial Label Learning | Position: Creating High-Fidelity Synthetic Training Data Should Employ Multi-level Optimization | Neutral-Reference Prompting for Vision–Language Models,On the Difficulty of Learning a Meta-network for Training Data Selection | Extracting alignment data in open models | CorrSteer: Generation-Time LLM Steering via Correlated Sparse Autoencoder Features | Antidistillation Fingerprinting | Probably Approximately Correct Labels | Building Social World Model with Large Language Models | GENEB: Why Genomic Models Are Hard to Compare | MixtureVitae: Open Web-Scale Pretraining Dataset With High Quality Instruction and Reasoning Data Built from Permissive-First Text Sources,On the Difficulty of Learning a Meta-network for Training Data Selection | Extracting alignment data in open models,Decide whether this semantic cluster should be split into multiple report subareas or kept as one mixed neighborhood.,keep; relabel_area; relabel_subarea; split_cluster; merge_cluster; unclear,"data/manual/area_review_overrides.csv manual_fault_line_relevance/manual_notes, then update TAXONOMY mapping if relabeling is accepted"
17,27.51,41,"Graphs, Geometry, and Representation Learning",Equivariant graph and geometric networks,high,needs_review,small cluster,65,1,0,4.51,4,graph / networks / neural networks / graph neural,graph; networks; neural; neural networks; graph neural; gnns; graphs; learning graph; node; network; equivariant; deep; gnn; deep learning; message; message passing,Deep Learning (45); Unknown (6); General Machine Learning (5); Applications (5); Theory (2),"Theory, optimization, and sampling (29); Memorization, evaluation, and generalization (26); Systems, efficiency, and compression (17); Interpretability and mechanistic analysis (14); LLM reasoning and test-time compute (14)",5 (37); 22 (11); 17 (5); 27 (2); 15 (2),Unitary Convolutions for Message-passing and Positional Encodings on Directed Graphs | From Distribution to Geometry: Stable Graph Generalization via Invariant Barycenters | InvGNN: Learning Invertible Node Representations on Graphs | NNiT: Width-Agnostic Neural Network Generation with Structurally Aligned Weight Spaces | Graph Neural Networks Are Not Continuous Across Graph Resolutions | Rotary Position Encodings for Graphs | When Do Graph Foundation Models Transfer? A Data-Centric Theory | Sheaf Neural Networks on SPD Manifolds: Second-Order Geometric Representation Learning,"Foundations of Equivariant Deep Learning: Unifying Graph and Sheaf Neural Networks | Who Said Neural Networks Aren't Linear? | Dynamics Reveals Structure: Challenging the Linear Propagation Assumption | Learning Multi-Agent Coordination via Sheaf-ADMM | Discovering Symmetry Groups with Flow Matching | Rotary Position Encodings for Graphs | Smoothness Errors in Dynamics Models and How to Avoid Them | Transformers Provably Learn Algorithmic Solutions for Graph Connectivity, But Only with the Right Data",Foundations of Equivariant Deep Learning: Unifying Graph and Sheaf Neural Networks | Who Said Neural Networks Aren't Linear? | Dynamics Reveals Structure: Challenging the Linear Propagation Assumption | Learning Multi-Agent Coordination via Sheaf-ADMM,Small cluster: decide whether to merge into a broader subarea or keep as distinct.,keep; relabel_area; relabel_subarea; split_cluster; merge_cluster; unclear,"data/manual/area_review_overrides.csv manual_fault_line_relevance/manual_notes, then update TAXONOMY mapping if relabeling is accepted"
18,27.04,6,"Agents, Code, and Tool Use","Code LLMs, verification, and software tasks",medium,needs_review,manual confidence not high; split across lexical clusters,139,1,0,6.04,0,code / language / llms / verification,code; language; llms; verification; large language; evaluation; llm; language models; large; program; formal; generation; benchmark; reasoning; automated; proof,Deep Learning (47); Applications (30); General Machine Learning (21); Unknown (19); Social Aspects (12),"LLM reasoning and test-time compute (95); Memorization, evaluation, and generalization (90); Agents, tools, and computer use (70); Theory, optimization, and sampling (51); Safety, alignment, governance, and risk (49)",20 (45); 1 (30); 11 (22); 28 (9); 23 (6),"How Powerful are LLMs in Generating Program Specifications? | UniCode: Augmenting Evaluation for Code Reasoning | EXVERUS: Verus Proof Repair via Counterexample Reasoning | Compile to Compress: Boosting Formal Theorem Provers by Compiler Outputs | Can LLMs Reason Like Automated Theorem Provers for Rust Verification? VCoT-Bench: Evaluating via Verification Chain of Thought | PGS: Effective LLM Code Refinement via Property-Oriented and Structurally Minimal Feedback | SorryDB: Can AI Provers Complete Real-World Lean Theorems? | LLMs Lean on Priors, Not Programming Language Semantics","SoftJAX & SoftTorch: Empowering Automatic Differentiation Libraries with Informative Gradients | APE-Bench: Evaluating Automated Proof Engineering for Formal Math Libraries | Vibe Checker: Aligning Code Evaluation with Human Preference | SWE-Perf: Can Language Models Optimize Code Performance on Real-World Repositories? | Reasoning over Boundaries: Enhancing Specification Alignment via Test-time Deliberation | Training Language Model Agents to Find Vulnerabilities with CTF-Dojo | Propose, Solve, Verify: Self-Play Through Formal Verification | SERA: Soft-Verified Efficient Repository Agents",,Decide whether this semantic cluster should be split into multiple report subareas or kept as one mixed neighborhood.,keep; relabel_area; relabel_subarea; split_cluster; merge_cluster; unclear,"data/manual/area_review_overrides.csv manual_fault_line_relevance/manual_notes, then update TAXONOMY mapping if relabeling is accepted"
19,20.09,38,"Theory, Optimization, and Algorithms","Quantum, matrix, and numerical optimization",medium,needs_review,manual confidence not high; small cluster,35,1,0,3.09,0,quantum / matrix / optimization / algorithm,quantum; matrix; optimization; algorithm; classical; algorithms; problem; quadratic; linear; quantum algorithm; problems; gradient; complexity; quantum computing; gpu; theory,Optimization (12); Theory (9); Unknown (4); Deep Learning (3); General Machine Learning (2),"Theory, optimization, and sampling (31); Systems, efficiency, and compression (17); Memorization, evaluation, and generalization (9); LLM reasoning and test-time compute (8); Agents, tools, and computer use (7)",9 (18); 22 (5); 28 (2); 21 (1); 25 (1),"Accelerating Regression Tasks with Quantum Algorithms | Matrix-Free GPU Semidefinite Programming for Quantum Ordered Search at the k=6 Frontier | An Exponential Separation Between Quantum and Quantum-Inspired Classical Algorithms for Linear Systems | Finding Stationary Points by Comparisons | QuantumBoost: A lazy, yet fast, quantum algorithm for learning with weak hypotheses | Exploiting Hankel-Toeplitz Structures for Fast Computation of Kernel Precision Matrices | Quantum Robust Inner Minimization for Reinforcement Learning with Quadratic Speed-Up in Query Complexity | Position: Quantum Deep Learning Still Needs a Quantum Leap","Optimal and Scalable MAPF via Multi-Marginal Optimal Transport and Schrödinger Bridges | Ultrafast On-Chip Online Learning via Spline Locality in Kolmogorov–Arnold Networks | Discrete Adjoint Schrödinger Bridge Sampler | Position: Quantum Deep Learning Still Needs a Quantum Leap | Gromov-Wasserstein at Scale, Beyond Squared Norms | Batched First-Order Methods for Parallel LP Solving in MIP | DASH: Faster Shampoo via Batched Block Preconditioning and Efficient Inverse-Root Solvers | A Penalty Approach For Differentiation Through Black-box Quadratic Programming Solvers",,Decide whether current area/subarea is central enough or should be relabeled.,keep; relabel_area; relabel_subarea; split_cluster; merge_cluster; unclear,"data/manual/area_review_overrides.csv manual_fault_line_relevance/manual_notes, then update TAXONOMY mapping if relabeling is accepted"
20,19.28,1,"AI for Science, Health, and Neuro",Spiking neural networks and neural signals,medium,needs_review,manual confidence not high; small cluster,67,0,0,1.28,1,spiking / snns / spiking neural / spike,spiking; snns; spiking neural; spike; neural; neuroscience; applications neuroscience; neuroscience cognitive; eeg; cognitive science; cognitive; neural networks; networks; snn; energy; brain,Applications (50); Deep Learning (13); General Machine Learning (2); Optimization (1); Unknown (1),"AI for science, health, and biology (61); Systems, efficiency, and compression (36); Memorization, evaluation, and generalization (28); Multimodal, vision-language, and video (25); Safety, alignment, governance, and risk (17)",27 (52); 10 (3); 25 (3); 17 (2); 18 (2),Efficiently Training Time-to-First-Spike Spiking Neural Networks from Scratch | SpikeCLR: Self-Supervised Contrastive Learning for Visual Representations with Spiking Neural Networks | TEFormer: Structured Bidirectional Temporal Enhancement Modeling in Spiking Transformers | SpikingLM: Towards Fully Spiking Language Model | AdaS: Adaptive Gradient Descent for Spiking Transformers | Narrowing the ANN–SNN Gap for 1D Signal Classification with Multi-Scale Temporal Encoding and Sparsity-Regularized Transform Encoding | Temporal Weighted Encoding: Towards Maximal-Capacity Spike Coding for ANN–SNN Conversion | Positional Encoding for Spiking Transformers,Scaling Vision Transformers for Functional MRI with Flat Maps | Event2Vec: Processing neuromorphic events directly by representations in vector space | EEG-FM-Bench: A Comprehensive Benchmark for the Systematic Evaluation and Diagnostic Analyses of EEG Foundation Models | Omni-fMRI: A Universal Atlas-Free fMRI Foundation Model | DuFal: Dual-Frequency-Aware Learning for High-Fidelity Extremely Sparse-view CBCT Reconstruction | Self-Supervised Foundation Model for Calcium-imaging Population Dynamics | Kuramoto Oscillatory Phase Encoding: Neuro-inspired Synchronization for Improved Learning Efficiency | NAACA: Training-Free NeuroAuditory Attentive Cognitive Architecture with Oscillatory Working Memory for Salience-Driven Attention Gating,Scaling Vision Transformers for Functional MRI with Flat Maps,Decide whether current area/subarea is central enough or should be relabeled.,keep; relabel_area; relabel_subarea; split_cluster; merge_cluster; unclear,"data/manual/area_review_overrides.csv manual_fault_line_relevance/manual_notes, then update TAXONOMY mapping if relabeling is accepted"
21,16.02,31,"Data-Centric, Causal, and Federated ML",Federated learning and distributed clients,high,needs_review,split across lexical clusters,85,1,0,1.02,1,federated / federated learning / clients / client,federated; federated learning; clients; client; fl; data; heterogeneity; aggregation; privacy; communication; local; global; learning fl; heterogeneous; personalized; decentralized,General Machine Learning (29); Deep Learning (19); Social Aspects (16); Optimization (10); Applications (5),"Safety, alignment, governance, and risk (66); Theory, optimization, and sampling (53); Systems, efficiency, and compression (43); Memorization, evaluation, and generalization (38); Agents, tools, and computer use (18)",17 (28); 25 (21); 12 (11); 20 (5); 26 (3),Breaking the Capacity Bottleneck in Model-Heterogeneous Federated Learning via Gradual Model Restoration | FedReLa: Imbalanced Federated Learning via Re-Labeling | BESplit: Bias-Compensated Split Federated Learning with Evidential Aggregation | Personalized Additive Modeling for Multi-level Federated Learning | Beyond the Trade-off: Unifying Fairness and Performance in Federated Learning | Decoupled Low-Rank Adaptation for Robust Federated Fine-Tuning | FedPissa: Towards Federated Personalized Adaptation of Foundation Models via LoRA Subspace Mapping | FedGain: Toward Negative-Gain-Free Client Collaboration in Federated Learning,Incentivizing Truthfulness and Collaborative Fairness in Bayesian Learning | Delayed Momentum Aggregation: Communication-efficient Byzantine-robust Federated Learning with Partial Participation | PluRel: Synthetic Data unlocks Scaling Laws for Relational Foundation Models | Can Recommender Systems Teach Themselves? A Recursive Self-Improving Framework with Fidelity Control | UB-SMoE: Universally Balanced Sparse Mixture-of-Experts for Resource-adaptive Federated Fine-tuning of Foundation Models | Social Hippocampus Memory Learning | Optimal Pricing for Data-Augmented AutoML Marketplaces | FedHPro: Federated Hyper-Prototype Learning via Gradient Matching,Incentivizing Truthfulness and Collaborative Fairness in Bayesian Learning,Decide whether this semantic cluster should be split into multiple report subareas or kept as one mixed neighborhood.,keep; relabel_area; relabel_subarea; split_cluster; merge_cluster; unclear,"data/manual/area_review_overrides.csv manual_fault_line_relevance/manual_notes, then update TAXONOMY mapping if relabeling is accepted"
