semantic_cluster_id,area,subarea,review_status,group,paper_count,paper_share,oral_count,oral_rate,oral_share,oral_enrichment,award_count,award_rate,award_share,award_enrichment,total_public_votes,votes_per_paper,public_vote_share,public_attention_enrichment,program_vs_public_delta,high_signal_papers,public_not_program_papers,program_low_public_papers
37,"Safety, Governance, Privacy, and Society","Position papers, policy, and social impacts",stable_seed,37: ai / position / social / position paper,173,0.0261,10,0.0578,0.0595,2.28,2,0.0116,0.2222,8.51,887,5.13,0.0147,0.56,1.72,"Position: AI/ML Deepfake Research is Misaligned with AI Generated Non-Consensual Intimate Imagery (AIG-NCII) | Position: The Alignment Community is Unintentionally Building a Censor’s Toolkit | Position: Anthropomorphic Misalignment Research Needs Stronger Evidence | Position: Stop Automating Peer Review Without Rigorous Evaluation | Large Language Models Develop Novel Social Biases Through Adaptive Exploration | Position: Irresponsible AI: big tech’s influence on AI research and associated impacts | Position: AI Should Facilitate Democratic Deliberation at Scale | Position: Don't Just ""Fix it in Post'': A Science of AI Must Study Learning Dynamics","Chain-of-Thought Reasoning In The Wild Is Not Always Faithful | Reasoning Models Struggle to Control their Chains of Thought | Towards a Science of AI Agent Reliability | Who’s in Charge? Disempowerment Patterns in Real-World LLM Usage | Position: AGI Requires a Coordination Layer on Top of Pattern Repositories | Statistical Learning Theory in Lean 4: Empirical Processes from Scratch | Position: We Need A Unified Definition of Hallucination (It’s The World Model, Stupid!) | Position: Safety Must Precede the Deployment of Open-Ended AI Agents","Position: AI Should Facilitate Democratic Deliberation at Scale | Position: AI/ML Deepfake Research is Misaligned with AI Generated Non-Consensual Intimate Imagery (AIG-NCII) | Position: Don't Just ""Fix it in Post'': A Science of AI Must Study Learning Dynamics | Position: The AI Imperative: Scaling High-Quality Peer Review in Machine Learning | Position: The Alignment Community is Unintentionally Building a Censor’s Toolkit | Position: There are futures that benchmark-driven AI cannot see | Position: Irresponsible AI: big tech’s influence on AI research and associated impacts | Large Language Models Develop Novel Social Biases Through Adaptive Exploration"
20,"Theory, Optimization, and Algorithms",Transformer theory and attention expressivity,needs_review,20: transformers / attention / transformer / softmax,98,0.0148,5,0.051,0.0298,2.01,0,0.0,0.0,0.0,1266,12.92,0.0209,1.42,0.6,Equivalence of Context and Parameter Updates in Modern Transformer Blocks | Rational Transductors | Focus and Dilution: The Multi-stage Learning Process of Attention | On Minimum Depth and Width of Floating-Point Neural Networks for Representing Floating-Point Functions | The Expressivity Limits of Transformers | Dimensional Collapse in Transformer Attention Outputs: A Challenge for Sparse Dictionary Learning | Weight-sparse transformers have interpretable circuits | You Need Better Attention Priors,Dimensional Collapse in Transformer Attention Outputs: A Challenge for Sparse Dictionary Learning | Weight-sparse transformers have interpretable circuits | You Need Better Attention Priors | Do Transformers Need Three Projections? Systematic Study of QKV Variants | Patterning: The Dual of Interpretability | Universal Approximation with Softmax Attention | Deriving Neural Scaling Laws from the Statistics of Natural Language | Inverse Depth Scaling From Most Layers Being Similar,On Minimum Depth and Width of Floating-Point Neural Networks for Representing Floating-Point Functions | The Expressivity Limits of Transformers | Focus and Dilution: The Multi-stage Learning Process of Attention | Rational Transductors | Equivalence of Context and Parameter Updates in Modern Transformer Blocks
40,"Agents, Code, and Tool Use","Agent evaluation, tool use, and agentic workflows",stable_seed,40: agents / agent / evaluation / agentic,207,0.0312,10,0.0483,0.0595,1.91,0,0.0,0.0,0.0,3495,16.88,0.0578,1.85,0.05,$\tau^2$-Bench: Evaluating Conversational Agents in a Dual-Control Environment | Agent0-VL: Exploring Self-Evolving Agent for Tool-Integrated Vision-Language Reasoning | daVinci-Dev: Agent-native Mid-training for Software Engineering | Monitoring Monitorability | Strategic Navigation or Stochastic Search? How Agents and Humans Reason Over Document Collections | CVE-Factory: Scaling Expert-Level Agentic Tasks for Code Security Vulnerability | A Systematic Study of Behavioral Cloning for Scientific Data Annotation | CausalGame: Benchmarking Causal Thinking of LLM Agents in Games,PaperBanana: Automating Academic Illustration for AI Scientists | ToolOrchestra: Elevating Intelligence via Efficient Model and Tool Orchestration | Agent World Model: Infinity Synthetic Environments for Agentic Reinforcement Learning | DeepAnalyze: Agentic Large Language Models for Autonomous Data Science | Toward Training Superintelligent Software Agents through Self-Play SWE-RL | Benchmarking Agent Memory in Interdependent Multi-Session Agentic Tasks | AOrchestra: Automating Sub-Agent Creation for Agentic Orchestration | AMA-Bench: Evaluating Long-Horizon Memory for Agentic Applications,CausalGame: Benchmarking Causal Thinking of LLM Agents in Games | Characterizing Agents in Production | VenusBench-Mobile: A Challenging and User-Centric Benchmark for Mobile GUI Agents with Capability Diagnostics | A Systematic Study of Behavioral Cloning for Scientific Data Annotation | CVE-Factory: Scaling Expert-Level Agentic Tasks for Code Security Vulnerability | Strategic Navigation or Stochastic Search? How Agents and Humans Reason Over Document Collections | Monitoring Monitorability | daVinci-Dev: Agent-native Mid-training for Software Engineering
24,"LLM Reasoning, Post-Training, and RLVR","General LLM training, evaluation, and alignment",needs_review,24: language / language models / llms / large language,290,0.0438,14,0.0483,0.0833,1.9,0,0.0,0.0,0.0,2540,8.76,0.042,0.96,0.94,Activation Oracles: Training and Evaluating LLMs as General-Purpose Activation Explainers | Prescriptive Scaling Reveals the Evolution of Language Model Capabilities | Less is Enough: Synthesizing Diverse Data in Feature Space of LLMs | Mechanistic Data Attribution: Tracing the Training Origins of Interpretable LLM Units | Simultaneous Speech-to-Speech Translation Without Aligned Data | Procedural Pretraining: Warming Up Language Models with Abstract Data | TokSuite: Measuring the Impact of Tokenizer Choice on Language Model Behavior | VALUEFLOW: Toward Pluralistic and Steerable Value-based Alignment in Large Language Models,"How to Correctly Report LLM-as-a-Judge Evaluations | Verbalized Sampling: How to Mitigate Mode Collapse and Unlock LLM Diversity | Learning a Generative Meta-Model of LLM Activations | Ranking Free RAG: Replacing Re-ranking with Selection in RAG for Sensitive Domains | The Truth Lies Somewhere in the Middle (of the Generated Tokens) | The Information Geometry of Softmax: Probing and Steering | CAReDiO: Enhancing Cultural Alignment of LLM via Representativeness and Distinctiveness Guided Data Optimization | Decoupling The ""What"" and ""Where"" With Polar Coordinate Positional Embedding",Diffract: Spectral View of LLM Domain Adaptation | FlatLand: Personalized Graph Federated Learning via Tailored Lorentz Space | Information Flow Reveals When to Trust Language Models | On the Limits of LLM Adaptability: Impact of LLM Pre-Training on Annotation Task Performance | Rare Event Analysis of Large Language Models | Benchmarking at the Edge of Comprehension | VALUEFLOW: Toward Pluralistic and Steerable Value-based Alignment in Large Language Models | TokSuite: Measuring the Impact of Tokenizer Choice on Language Model Behavior
32,"Theory, Optimization, and Algorithms",Bayesian and probabilistic methods,stable_seed,32: bayesian / probabilistic / posterior / probabilistic methods,125,0.0189,6,0.048,0.0357,1.89,0,0.0,0.0,0.0,312,2.5,0.0052,0.27,1.62,Markov Chain Monte Carlo without Evaluating the Target: an Auxiliary Variable Approach | SVRG and Beyond via Posterior Correction | DiScoFormer: Plug-In Density and Score Estimation with Transformers | Disentangling Latent Risk Pathways via Bayesian Hypergraph Inference | Path-dependent Discrete Amortized Inference | Robust Contextual Optimization with Missing Covariates | VJEPA: Variational Joint Embedding Predictive Architectures as Probabilistic World Models | Var-JEPA: Variational Joint-Embedding Predictive Architecture – Bridging Predictive and Generative Self-Supervised Learning,VJEPA: Variational Joint Embedding Predictive Architectures as Probabilistic World Models | Var-JEPA: Variational Joint-Embedding Predictive Architecture – Bridging Predictive and Generative Self-Supervised Learning | Transformers Can Learn Posterior Predictive Distributions In-Context | Empirical Gaussian Processes | Training-Free Distribution Adaptation for Diffusion Models via Maximum Mean Discrepancy Guidance | LABO: LLM-Accelerated Bayesian Optimization through Broad Exploration and Selective Experimentation | Variational Learning of Disentangled Representations | Calibrating Decision Robustness via Inverse Conformal Risk Control,Path-dependent Discrete Amortized Inference | Robust Contextual Optimization with Missing Covariates | DiScoFormer: Plug-In Density and Score Estimation with Transformers | Disentangling Latent Risk Pathways via Bayesian Hypergraph Inference | SVRG and Beyond via Posterior Correction | Markov Chain Monte Carlo without Evaluating the Target: an Auxiliary Variable Approach
13,"AI for Science, Health, and Neuro","Latent dynamics, neuroscience, and dynamical systems",needs_review,13: dynamics / networks / latent / dynamical,84,0.0127,4,0.0476,0.0238,1.88,0,0.0,0.0,0.0,268,3.19,0.0044,0.35,1.53,"Orthogonal Concept Erasure for Diffusion Models | AI Engram: In Search of Memory Traces in Artificial Intelligence | CoEvol-NO: State and Coordinate Co-Evolution with an Error-Driven Predictor-Corrector Paradigm for Neural Operator Transformer | Geometric Flow Grounding: A Unified Manifold Decoupling Framework for Dynamics Discovery and Verification | Universal Learning of Nonlinear Dynamics | Robust Filter Attention: Self-Attention as a Parallel State Estimator | The Geometric Mechanics of Contrastive Representation Learning: Alignment Potentials, Entropic Dispersion, and Cross-Modal Divergence | A Solvable High-Dimensional Model Where Nonlinear Autoencoders Learn Structure Invisible to PCA While Test Loss Misaligns With Generalization","Universal Learning of Nonlinear Dynamics | Robust Filter Attention: Self-Attention as a Parallel State Estimator | The Geometric Mechanics of Contrastive Representation Learning: Alignment Potentials, Entropic Dispersion, and Cross-Modal Divergence | A Solvable High-Dimensional Model Where Nonlinear Autoencoders Learn Structure Invisible to PCA While Test Loss Misaligns With Generalization | A unified theory of feature learning in RNNs and DNNs | Towards Spectroscopy: Susceptibility Clusters in Language Models | Finite-Width Neural Tangent Kernels from Feynman Diagrams | The Entropic Signature of Class Speciation in Diffusion Models",AI Engram: In Search of Memory Traces in Artificial Intelligence | CoEvol-NO: State and Coordinate Co-Evolution with an Error-Driven Predictor-Corrector Paradigm for Neural Operator Transformer | Geometric Flow Grounding: A Unified Manifold Decoupling Framework for Dynamics Discovery and Verification | Orthogonal Concept Erasure for Diffusion Models
11,"LLM Reasoning, Post-Training, and RLVR",Reasoning models and chain-of-thought behavior,needs_review,11: reasoning / language / large language / language models,211,0.0318,10,0.0474,0.0595,1.87,1,0.0047,0.1111,3.49,3865,18.32,0.0639,2.01,-0.14,"The Flexibility Trap: Rethinking the Value of Arbitrary Order in Diffusion Language Models | Learning to Theorize the World from Observation | Characterizing, Evaluating, and Optimizing Complex Reasoning | Towards Long-Horizon Interpretability: Efficient and Faithful Multi-Token Attribution for Reasoning LLMs | Skip a Layer or Loop It? Learning Program-of-Layers in LLMs | The Signal is in the Steps: Local Scoring for Reasoning Data Selection | Modeling Hierarchical Thinking in Large Reasoning Models | Evaluating Robustness of Reasoning Models on Parameterized Logical Problems","Latent Collaboration in Multi-Agent Systems | Self-Distilled Reasoner: On-Policy Self-Distillation for Large Language Models | Position: Stop Anthropomorphizing Intermediate Tokens as Reasoning/Thinking Traces! | Efficient Reasoning with Hidden Thinking | Imagination Helps Visual Reasoning, But Not Yet in Latent Space | Think Deep, Not Just Long: Measuring LLM Reasoning Effort via Deep-Thinking Tokens | VisualPuzzles: Decoupling Multimodal Reasoning Evaluation from Domain Knowledge | What Characterizes Effective Reasoning? Revisiting Length, Review, and Structure of CoT","TG-RAG: A Retrieval-Augmented Framework for Reasoning Guidance in Specialized Domains | Understanding Reasoning Collapse in LLM Agent Reinforcement Learning | Evaluating Robustness of Reasoning Models on Parameterized Logical Problems | Modeling Hierarchical Thinking in Large Reasoning Models | The Signal is in the Steps: Local Scoring for Reasoning Data Selection | Skip a Layer or Loop It? Learning Program-of-Layers in LLMs | Towards Long-Horizon Interpretability: Efficient and Faithful Multi-Token Attribution for Reasoning LLMs | Characterizing, Evaluating, and Optimizing Complex Reasoning"
33,"Theory, Optimization, and Algorithms","Online learning, bandits, and regret",stable_seed,33: regret / online / bandits / algorithm,172,0.026,8,0.0465,0.0476,1.83,0,0.0,0.0,0.0,631,3.67,0.0104,0.4,1.43,Nash Equilibria in Games with Playerwise Concave Coupling Constraints: Existence and Computation | DPO Unchained: Your Training Algorithm is Secretly Disentangled in Human Choice Theory (and Its Loss' Convexity is Dispensable) | Equilibrium Pricing in Oligopolistic Data Markets | Minimax Optimal Strategy for Delayed Observations in Online Reinforcement Learning | Revenue Efficiency of Correlated Equilibria in First Price Auctions | Second-Order Smooth Planning with Optimal-Transport Bellman Smoothing | Towards Fair Sequential Decision-Making: A Causal Decomposition Approach | What Preferences Can—and Cannot—Predict in Multi-Agent Online Learning,Unifying and Optimizing Data Values for Selection via Sequential Decision-Making | Emergent Alignment via Competition | Finite and Corruption-Robust Regret Bounds in Online Inverse Linear Optimization under M-Convex Action Sets | Decision-Focused Learning via Tangent-Space Projection of Prediction Error | PETS: A Principled Framework Towards Optimal Trajectory Allocation for Efficient Test-Time Self-Consistency | Post-Training with Policy Gradients: Optimality and the Base Model Barrier | Next-Token Prediction and Regret Minimization | Non-Stationary Online Structured Prediction with Surrogate Losses,DPO Unchained: Your Training Algorithm is Secretly Disentangled in Human Choice Theory (and Its Loss' Convexity is Dispensable) | Equilibrium Pricing in Oligopolistic Data Markets | Minimax Optimal Strategy for Delayed Observations in Online Reinforcement Learning | Revenue Efficiency of Correlated Equilibria in First Price Auctions | Second-Order Smooth Planning with Optimal-Transport Bellman Smoothing | Towards Fair Sequential Decision-Making: A Causal Decomposition Approach | What Preferences Can—and Cannot—Predict in Multi-Agent Online Learning | Nash Equilibria in Games with Playerwise Concave Coupling Constraints: Existence and Computation
8,Generative Modeling,"Diffusion sampling, transport, and inverse problems",stable_seed,8: diffusion / sampling / diffusion models / generative,136,0.0205,6,0.0441,0.0357,1.74,2,0.0147,0.2222,10.83,739,5.43,0.0122,0.6,1.14,A Random Matrix Perspective on the Consistency of Diffusion Models | High-accuracy sampling for diffusion models and log-concave distributions | High-accuracy and dimension-free sampling with diffusions | Rex: A Family of Reversible Exponential (Stochastic) Runge-Kutta Solvers | Lottery Prior: Randomized Neural Compression for Zero-Shot Inverse Problems | Riemannian Metric Matching for Scalable Geometric Modeling of Distributions | Dimension-free convergence of diffusion models for approximate Gaussian mixtures | Weak Diffusion Priors Can Still Achieve Strong Inverse-Problem Performance,"Dimension-free convergence of diffusion models for approximate Gaussian mixtures | Weak Diffusion Priors Can Still Achieve Strong Inverse-Problem Performance | Conditional Diffusion Sampling | Likelihood Matching for Diffusion Models | A theory of learning data statistics in diffusion models, from easy to hard | Categorical Reparameterization with Denoising Diffusion models | Diffusion differentiable resampling | Fast and Scalable Analytical Diffusion",Lottery Prior: Randomized Neural Compression for Zero-Shot Inverse Problems | Riemannian Metric Matching for Scalable Geometric Modeling of Distributions | Rex: A Family of Reversible Exponential (Stochastic) Runge-Kutta Solvers | High-accuracy sampling for diffusion models and log-concave distributions | A Random Matrix Perspective on the Consistency of Diffusion Models | High-accuracy and dimension-free sampling with diffusions
29,Systems and Efficient Foundation Models,"Serving, GPU memory, MoE, and throughput",stable_seed,29: llm / memory / gpu / throughput,116,0.0175,5,0.0431,0.0298,1.7,0,0.0,0.0,0.0,715,6.16,0.0118,0.68,1.02,"POET-X: Memory-efficient LLM Training by Scaling Orthogonal Transformation | FlashSinkhorn: IO-Aware Entropic Optimal Transport on GPU | ECHO: Elastic Speculative Decoding with Sparse Gating for High-Concurrency Scenarios | FlashSketch: Sketch-Kernel Co-Design for Fast Sparse Sketching on GPUs | Faster Activation Functions at the Edge for Post-Training Speedups | Sparser, Faster, Lighter Transformer Language Models | ConceptMoE: Adaptive Token-to-Concept Compression for Implicit Compute Allocation | FlashOptim: Memory Efficient Optimizers for Large-Scale Training","Sparser, Faster, Lighter Transformer Language Models | ConceptMoE: Adaptive Token-to-Concept Compression for Implicit Compute Allocation | FlashOptim: Memory Efficient Optimizers for Large-Scale Training | DistFlow: A Fully Distributed RL Framework for Scalable and Efficient LLM Post-Training | Regression Language Models for Code | Multi-Head LatentMoE and Head Parallel: Communication-Efficient and Deterministic MoE Parallelism | Untied Ulysses: Memory-Efficient Context Parallelism via Headwise Chunking | Learning Query-Aware Budget-Tier Routing for Runtime Agent Memory",Faster Activation Functions at the Edge for Post-Training Speedups | FlashSketch: Sketch-Kernel Co-Design for Fast Sparse Sketching on GPUs | ECHO: Elastic Speculative Decoding with Sparse Gating for High-Concurrency Scenarios | FlashSinkhorn: IO-Aware Entropic Optimal Transport on GPU | POET-X: Memory-efficient LLM Training by Scaling Orthogonal Transformation
5,"Data-Centric, Causal, and Federated ML",Causal inference and causal discovery,stable_seed,5: causal / causality / learning causality / treatment,111,0.0167,4,0.036,0.0238,1.42,0,0.0,0.0,0.0,256,2.31,0.0042,0.25,1.17,DISCO: Mitigating Bias in Deep Learning with Conditional Distance Correlation | Exact Functional ANOVA Decomposition for Categorical Inputs | A Recursive Decomposition Framework for Causal Structure Learning in the Presence of Latent Variables | On the Identifiability of Poisson Branching Structural Causal Model Under Latent Confounding | Position: Causality is Key for Interpretability Claims to Generalise | From Generalist to Specialist Representation | Use What You Know: Causal Foundation Models with Partial Graphs | What Makes a Good Representation for Single-Cell Perturbation Prediction?,Position: Causality is Key for Interpretability Claims to Generalise | From Generalist to Specialist Representation | Use What You Know: Causal Foundation Models with Partial Graphs | What Makes a Good Representation for Single-Cell Perturbation Prediction? | CauScale: Neural Causal Discovery at Scale | Conditional Distributional Treatment Effects: Doubly Robust Estimation and Testing | Causal discovery for time series with endogenous context variables | Optimal structure learning and conditional independence testing,On the Identifiability of Poisson Branching Structural Causal Model Under Latent Confounding | A Recursive Decomposition Framework for Causal Structure Learning in the Presence of Latent Variables | Exact Functional ANOVA Decomposition for Categorical Inputs | DISCO: Mitigating Bias in Deep Learning with Conditional Distance Correlation
23,"Safety, Governance, Privacy, and Society","Privacy, differential privacy, and unlearning",stable_seed,23: privacy / private / dp / aspects privacy,84,0.0127,3,0.0357,0.0179,1.41,0,0.0,0.0,0.0,176,2.1,0.0029,0.23,1.18,"Is Your LLM Overcharging You? Tokenization, Transparency, and Incentives | PRISM: Gauge-Invariant Tangent-Space Differentially Private LoRA | GoodDiffusion: Proactive Copyright Protection for Diffusion Generative Models via Learnable Sample-specific Signatures | Privasis: Synthesizing the Largest ""Public"" Private Dataset from Scratch | Improved Bounds for Private and Robust Alignment | Differentially Private Geodesic Regression | Representation Unlearning: Forgetting through Information Compression | Understanding Private Learning From Feature Perspective","Privasis: Synthesizing the Largest ""Public"" Private Dataset from Scratch | Improved Bounds for Private and Robust Alignment | Differentially Private Geodesic Regression | Representation Unlearning: Forgetting through Information Compression | Understanding Private Learning From Feature Perspective | Private and Stable Test-time Adaptation with Differential Privacy | Contextualized Privacy Defense for LLM Agents | Exploring Nonlinear Pathway in Parameter Space for Machine Unlearning","GoodDiffusion: Proactive Copyright Protection for Diffusion Generative Models via Learnable Sample-specific Signatures | PRISM: Gauge-Invariant Tangent-Space Differentially Private LoRA | Is Your LLM Overcharging You? Tokenization, Transparency, and Incentives"
14,"LLM Reasoning, Post-Training, and RLVR",Diffusion language models and decoding,needs_review,14: decoding / diffusion / language / language models,145,0.0219,5,0.0345,0.0298,1.36,1,0.0069,0.1111,5.08,2077,14.32,0.0344,1.57,-0.21,How much can language models memorize? | WeDLM: Reconciling Diffusion Language Models with Standard Causal Attention for Fast Inference | OPUS: Towards Efficient and Principled Data Selection in Large Language Model Pre-training in Every Iteration | Learning Unmasking Policies for Diffusion Language Models | Any-Order GPT as Masked Diffusion Model: Decoupling Formulation and Architecture | DFlash: Block Diffusion for Flash Speculative Decoding | Predicting the Order of Upcoming Tokens Improves Language Modeling | Coevolutionary Continuous Discrete Diffusion: Make Your Diffusion Language Model a Latent Reasoner,"DFlash: Block Diffusion for Flash Speculative Decoding | Predicting the Order of Upcoming Tokens Improves Language Modeling | Coevolutionary Continuous Discrete Diffusion: Make Your Diffusion Language Model a Latent Reasoner | Esoteric Language Models | dLLM-Cache: Accelerating Diffusion Large Language Models with Adaptive Caching | Efficient-DLM: From Autoregressive to Diffusion Language Models, and Beyond in Speed | Residual Context Diffusion Language Models | d3LLM: Ultra-Fast Diffusion LLM using Pseudo-Trajectory Distillation",Any-Order GPT as Masked Diffusion Model: Decoupling Formulation and Architecture | Learning Unmasking Policies for Diffusion Language Models | OPUS: Towards Efficient and Principled Data Selection in Large Language Model Pre-training in Every Iteration | WeDLM: Reconciling Diffusion Language Models with Standard Causal Attention for Fast Inference | How much can language models memorize?
27,"AI for Science, Health, and Neuro","Protein, molecule, and biological modeling",needs_review,27: protein / molecular / chemistry / applications,148,0.0223,5,0.0338,0.0298,1.33,0,0.0,0.0,0.0,402,2.72,0.0067,0.3,1.03,Protein Autoregressive Modeling via Multiscale Structure Generation | dnaHNet: A Scalable and Hierarchical Foundation Model for Genomic Sequence Learning | Protein Fold Classification at Scale: Benchmarking and Pretraining | FLIP2: Expanding Protein Fitness Landscape Benchmarks for Real-World Machine Learning Applications | Towards Sub-second Biological Foundation Model Infrastructure: A Quantized Consistency Diffusion Framework for Molecular Docking | Adaptive Protein Tokenization | Contrastive Geometric Learning Unlocks Unified Structure- and Ligand-Based Drug Design | PDFBench: A Benchmark for De Novo Protein Design from Function,Adaptive Protein Tokenization | Contrastive Geometric Learning Unlocks Unified Structure- and Ligand-Based Drug Design | PDFBench: A Benchmark for De Novo Protein Design from Function | Towards A Generative Protein Evolution Machine with DPLM-Evo | MADE: Benchmark Environments for Closed-Loop Materials Discovery | DNACHUNKER: Learnable Tokenization for DNA Language Models | PLaID++: A Preference Aligned Language Model for Targeted Inorganic Materials Design | CellBRIDGE: Learning Cellular Trajectories via Interaction-Aware Alignment,FLIP2: Expanding Protein Fitness Landscape Benchmarks for Real-World Machine Learning Applications | Towards Sub-second Biological Foundation Model Infrastructure: A Quantized Consistency Diffusion Framework for Molecular Docking | Protein Fold Classification at Scale: Benchmarking and Pretraining | dnaHNet: A Scalable and Hierarchical Foundation Model for Genomic Sequence Learning | Protein Autoregressive Modeling via Multiscale Structure Generation
9,"AI for Science, Health, and Neuro","Physical sciences, chemistry, and climate",stable_seed,9: physics / chemistry / earth / applications chemistry,128,0.0193,4,0.0312,0.0238,1.23,0,0.0,0.0,0.0,511,3.99,0.0085,0.44,0.8,LASER: Learning Active Sensing for Continuum Field Reconstruction | Training-Free Bayesian Filtering with Generative Emulators | ReViT: Rotational-equivariant Vision Transformers for Neural PDE Solvers | Solving Time-Dependent Differential Equations with Physical Dynamical Systems | GeoPT: Scaling Physics Simulation via Lifted Geometric Pre-Training | Walrus: A Cross-domain Foundation Model for Continuum Dynamics | Transolver-3: Scaling Up Transformer Solvers to Industrial-Scale Geometries | BLIPs: Bayesian Learned Interatomic Potentials,"GeoPT: Scaling Physics Simulation via Lifted Geometric Pre-Training | Walrus: A Cross-domain Foundation Model for Continuum Dynamics | Transolver-3: Scaling Up Transformer Solvers to Industrial-Scale Geometries | BLIPs: Bayesian Learned Interatomic Potentials | Riemannian Neural Optimal Transport | Learning, Solving and Optimizing PDEs with TensorGalerkin: an efficient high-performance Galerkin assembly algorithm | Learning to Think in Physics: Breaking Shortcut Learning in Scientific Diffusion via Representation Alignment | Learning Hamiltonian Flow Maps: Mean Flow Consistency for Large-Timestep Molecular Dynamics",ReViT: Rotational-equivariant Vision Transformers for Neural PDE Solvers | Solving Time-Dependent Differential Equations with Physical Dynamical Systems | Training-Free Bayesian Filtering with Generative Emulators | LASER: Learning Active Sensing for Continuum Field Reconstruction
10,"Data-Centric, Causal, and Federated ML","Continual learning, forgetting, and task adaptation",needs_review,10: continual / forgetting / continual learning / task,138,0.0208,4,0.029,0.0238,1.14,0,0.0,0.0,0.0,2261,16.38,0.0374,1.8,-0.65,Pretrained Vision-Language-Action Models are Surprisingly Resistant to Forgetting in Continual Learning | Midtraining Bridges Pretraining and Posttraining Distributions | Expressivity-Efficiency Tradeoffs for Hybrid Sequence Models | Detecting the Semantic Fixed Point: A Geometric Framework for Efficient Inference | Self-Distillation Enables Continual Learning | Understanding LoRA as Knowledge Memory: An Empirical Analysis | ATLAS: Learning to Optimally Memorize the Context at Test Time | Retaining by Doing: The Role of On-Policy Data in Mitigating Forgetting,Self-Distillation Enables Continual Learning | Understanding LoRA as Knowledge Memory: An Empirical Analysis | ATLAS: Learning to Optimally Memorize the Context at Test Time | Retaining by Doing: The Role of On-Policy Data in Mitigating Forgetting | Artificial Hippocampus Networks for Efficient Long-Context Modeling | SAEmnesia: Erasing Concepts in Diffusion Models with Supervised Sparse Autoencoders | Test-Time Training Is Secretly Linear Attention | MemoryBench: A Benchmark for Memory and Continual Learning in LLM Systems,Detecting the Semantic Fixed Point: A Geometric Framework for Efficient Inference | Expressivity-Efficiency Tradeoffs for Hybrid Sequence Models | Midtraining Bridges Pretraining and Posttraining Distributions | Pretrained Vision-Language-Action Models are Surprisingly Resistant to Forgetting in Continual Learning
38,"Theory, Optimization, and Algorithms","Quantum, matrix, and numerical optimization",needs_review,38: quantum / matrix / optimization / algorithm,35,0.0053,1,0.0286,0.006,1.13,0,0.0,0.0,0.0,108,3.09,0.0018,0.34,0.79,"Optimal and Scalable MAPF via Multi-Marginal Optimal Transport and Schrödinger Bridges | Ultrafast On-Chip Online Learning via Spline Locality in Kolmogorov–Arnold Networks | Discrete Adjoint Schrödinger Bridge Sampler | Position: Quantum Deep Learning Still Needs a Quantum Leap | Gromov-Wasserstein at Scale, Beyond Squared Norms | Batched First-Order Methods for Parallel LP Solving in MIP | DASH: Faster Shampoo via Batched Block Preconditioning and Efficient Inverse-Root Solvers | A Penalty Approach For Differentiation Through Black-box Quadratic Programming Solvers","Ultrafast On-Chip Online Learning via Spline Locality in Kolmogorov–Arnold Networks | Discrete Adjoint Schrödinger Bridge Sampler | Position: Quantum Deep Learning Still Needs a Quantum Leap | Gromov-Wasserstein at Scale, Beyond Squared Norms | Batched First-Order Methods for Parallel LP Solving in MIP | DASH: Faster Shampoo via Batched Block Preconditioning and Efficient Inverse-Root Solvers | A Penalty Approach For Differentiation Through Black-box Quadratic Programming Solvers | An Exponential Separation Between Quantum and Quantum-Inspired Classical Algorithms for Linear Systems",Optimal and Scalable MAPF via Multi-Marginal Optimal Transport and Schrödinger Bridges
30,"Agents, Code, and Tool Use","Multi-agent search, planning, and coordination",needs_review,30: agent / multi / search / agents,150,0.0226,4,0.0267,0.0238,1.05,0,0.0,0.0,0.0,2544,16.96,0.0421,1.86,-0.81,OMAC: A Holistic Optimization Framework for LLM-Based Multi-Agent Collaboration | Guaranteed Optimal Compositional Explanations for Neurons | From Feasible to Practical: Pareto-Optimal Synthesis Planning | Unsupervised Partner Design Enables Robust Ad-hoc Teamwork | Learning to Discover at Test Time | MemEvolve: Meta-Evolution of Agent Memory Systems | Scaling Long-Horizon Agent via Context Folding | Meta Context Engineering via Agentic Skill Evolution,Learning to Discover at Test Time | MemEvolve: Meta-Evolution of Agent Memory Systems | Scaling Long-Horizon Agent via Context Folding | Meta Context Engineering via Agentic Skill Evolution | Evolution Strategies at Scale: LLM Fine-Tuning Beyond Reinforcement Learning | Graph-R1: Towards Agentic GraphRAG Framework via End-to-end Reinforcement Learning | Towards Execution-Grounded Automated AI Research | Knapsack RL: Unlocking Exploration of LLMs via Optimizing Budget Allocation,Unsupervised Partner Design Enables Robust Ad-hoc Teamwork | From Feasible to Practical: Pareto-Optimal Synthesis Planning | Guaranteed Optimal Compositional Explanations for Neurons | OMAC: A Holistic Optimization Framework for LLM-Based Multi-Agent Collaboration
22,"Multimodal, Vision, and Perception",Vision-language reasoning and video understanding,stable_seed,22: visual / vision / reasoning / video,272,0.041,7,0.0257,0.0417,1.02,0,0.0,0.0,0.0,2437,8.96,0.0403,0.98,0.03,Bad Seeing or Bad Thinking? Rewarding Perception for Multimodal Reasoning | Are VLMs Seeing or Just Saying? Uncovering the Illusion of Visual Re-examination | 3ViewSense: Spatial and Mental Perspective Reasoning from Orthographic Views in Vision-Language Models | CLEAR: Context-Aware Learning with End-to-End Mask-Free Inference for Adaptive Subtitle Removal | DOUBT: Decoupled Object-level Understanding and Bridging via vMF-based Trustworthiness for Hallucination Detection in MLLMs | PhotoAgent: Exploratory Visual Aesthetic Planning with Large Vision Models | SpatioLM: Towards General Physical Spatial Intelligence in Vision-Language Models | A Very Big Video Reasoning Suite,A Very Big Video Reasoning Suite | Causal-JEPA: Learning World Models through Object-Level Latent Interventions | BabyVision: Visual Reasoning Beyond Language | Zooming without Zooming: Region-to-Image Distillation for Fine-Grained Multimodal Perception | Open-o3-Video: Grounded Video Reasoning with Explicit Spatio-Temporal Evidence | Context Forcing: Consistent Autoregressive Video Generation with Long Context | VideoSeeker: Native Interleaved Clue Seeking for Long Video Multi-Hop Reasoning | MemOCR: Layout-Aware Visual Memory for Efficient Long-Horizon Reasoning,DOUBT: Decoupled Object-level Understanding and Bridging via vMF-based Trustworthiness for Hallucination Detection in MLLMs | PhotoAgent: Exploratory Visual Aesthetic Planning with Large Vision Models | SpatioLM: Towards General Physical Spatial Intelligence in Vision-Language Models | CLEAR: Context-Aware Learning with End-to-End Mask-Free Inference for Adaptive Subtitle Removal | 3ViewSense: Spatial and Mental Perspective Reasoning from Orthographic Views in Vision-Language Models | Are VLMs Seeing or Just Saying? Uncovering the Illusion of Visual Re-examination | Bad Seeing or Bad Thinking? Rewarding Perception for Multimodal Reasoning
15,"Graphs, Geometry, and Representation Learning",Graph neural networks and graph learning,stable_seed,15: graph / graph neural / graphs / networks,166,0.025,4,0.0241,0.0238,0.95,0,0.0,0.0,0.0,221,1.33,0.0037,0.15,0.8,Which Algorithms Can Graph Neural Networks Learn? | MV-FGAD: Towards Efficient and Effective Federated Graph Anomaly Detection via Multi-view Learning | PhenoBrain: Phenotype-Conditioned Long-Range Communication for Multi-Modal Brain Network Analysis | Towards Hierarchy–Uniformity Equilibrium: Recovering Semantic Depth in Hypergraph Contrastive Learning | Supervised Graph Contrastive Learning for Gene Regulatory Networks | Is Fixing Schema Graphs Necessary? Full-Resolution Graph Structure Learning for Relational Deep Learning | Graph is a Substrate Across Data Modalities | Rel-MOSS: Towards Imbalanced Relational Deep Learning on Relational Databases,"Supervised Graph Contrastive Learning for Gene Regulatory Networks | Is Fixing Schema Graphs Necessary? Full-Resolution Graph Structure Learning for Relational Deep Learning | Graph is a Substrate Across Data Modalities | Rel-MOSS: Towards Imbalanced Relational Deep Learning on Relational Databases | Learning to Approximate Uniform Facility Location via Graph Neural Networks | Pruning at Initialisation through the lens of Graphon Limit: Convergence, Expressivity, and Generalisation | What Makes a Desired Graph for Relational Deep Learning? | Beyond Softmax: A Natural Parameterization for Categorical Random Variables",MV-FGAD: Towards Efficient and Effective Federated Graph Anomaly Detection via Multi-view Learning | PhenoBrain: Phenotype-Conditioned Long-Range Communication for Multi-Modal Brain Network Analysis | Towards Hierarchy–Uniformity Equilibrium: Recovering Semantic Depth in Hypergraph Contrastive Learning | Which Algorithms Can Graph Neural Networks Learn?
28,"Theory, Optimization, and Algorithms","Convex, stochastic, and nonconvex optimization",stable_seed,28: convergence / optimization / stochastic / convex,127,0.0192,3,0.0236,0.0179,0.93,0,0.0,0.0,0.0,413,3.25,0.0068,0.36,0.58,Non-Euclidean Gradient Descent Operates at the Edge of Stability | On the Convergence Rate of LoRA Gradient Descent | Asymmetric Perturbation in Solving Bilinear Saddle-Point Optimization | On the Role of Batch Size in Stochastic Conditional Gradient Methods | LiMuon: Light and Fast Muon Optimizer for Large Models | RMNP: Row-Momentum Normalized Preconditioning for Scalable Matrix-Based Optimization | Momentum Further Constrains Sharpness at the Edge of Stochastic Stability | KromHC: Manifold-Constrained Hyper-Connections with Kronecker-Product Residual Matrices,On the Role of Batch Size in Stochastic Conditional Gradient Methods | LiMuon: Light and Fast Muon Optimizer for Large Models | RMNP: Row-Momentum Normalized Preconditioning for Scalable Matrix-Based Optimization | Momentum Further Constrains Sharpness at the Edge of Stochastic Stability | KromHC: Manifold-Constrained Hyper-Connections with Kronecker-Product Residual Matrices | Lions and Muons: Optimization via Stochastic Frank-Wolfe | Zeroth-Order Optimization at the Edge of Stability | A Sketch-and-Project Analysis of Subsampled Natural Gradient Algorithms,Asymmetric Perturbation in Solving Bilinear Saddle-Point Optimization | On the Convergence Rate of LoRA Gradient Descent | Non-Euclidean Gradient Descent Operates at the Edge of Stability
19,Systems and Efficient Foundation Models,Quantization and low-precision training/inference,stable_seed,19: quantization / bit / precision / low,88,0.0133,2,0.0227,0.0119,0.9,0,0.0,0.0,0.0,467,5.31,0.0077,0.58,0.31,CAT-Q: Cost-efficient and Accurate Ternary Quantization for LLMs | ReQAT: Achieving Full-Precision Reasoning Accuracy with 4-bit Floating-Point Quantization-Aware Training | LLMs as Noisy Channels: A Shannon Perspective on Model Capacity and Scaling Laws | INT vs. FP: A Comprehensive Study of Fine-Grained Low-bit Quantization Formats | Scaling Law for Quantization-Aware Training | Quant VideoGen: Auto-Regressive Long Video Generation via 2-Bit KV-Cache Quantization | NanoQuant: Efficient Sub-1-bit Quantization of Large Language Models | ECO: Quantized Training without Full-Precision Master Weights,LLMs as Noisy Channels: A Shannon Perspective on Model Capacity and Scaling Laws | INT vs. FP: A Comprehensive Study of Fine-Grained Low-bit Quantization Formats | Scaling Law for Quantization-Aware Training | Quant VideoGen: Auto-Regressive Long Video Generation via 2-Bit KV-Cache Quantization | NanoQuant: Efficient Sub-1-bit Quantization of Large Language Models | ECO: Quantized Training without Full-Precision Master Weights | Model-Preserving Adaptive Rounding | WUSH: Near-Optimal Adaptive Transforms for LLM Quantization,CAT-Q: Cost-efficient and Accurate Ternary Quantization for LLMs | ReQAT: Achieving Full-Precision Reasoning Accuracy with 4-bit Floating-Point Quantization-Aware Training
7,"Theory, Optimization, and Algorithms",Statistical learning theory and regression,needs_review,7: theory / regression / bounds / risk,180,0.0272,4,0.0222,0.0238,0.88,1,0.0056,0.1111,4.09,373,2.07,0.0062,0.23,0.65,"To Grok Grokking: Provable Grokking in Ridge Regression | Optimal Decision-Making Based on Prediction Sets | Joint Learning in the Gaussian Single Index Model | Mixtures Closest To A Given Measure: A Semidefinite Programming Approach | Multi-Distribution Robust Conformal Prediction | Fast kernel methods: Sobolev, physics-informed, and additive models | Generalization of Gibbs and Langevin Monte Carlo Algorithms in the Interpolation Regime | Logit Distance Bounds Representational Similarity","Multi-Distribution Robust Conformal Prediction | Fast kernel methods: Sobolev, physics-informed, and additive models | Generalization of Gibbs and Langevin Monte Carlo Algorithms in the Interpolation Regime | Logit Distance Bounds Representational Similarity | Conditional Coverage Diagnostics for Conformal Prediction | Approximating f -Divergences with Rank Statistics | Optimization with Access to Auxiliary Information | Performative Learning Theory",Joint Learning in the Gaussian Single Index Model | Mixtures Closest To A Given Measure: A Semidefinite Programming Approach | Optimal Decision-Making Based on Prediction Sets | To Grok Grokking: Provable Grokking in Ridge Regression
12,"Safety, Governance, Privacy, and Society","Adversarial safety, attacks, and security",stable_seed,12: safety / attacks / attack / social aspects,245,0.037,5,0.0204,0.0298,0.81,1,0.0041,0.1111,3.01,1265,5.16,0.0209,0.57,0.24,The Obfuscation Atlas: Mapping Where Honesty Emerges in RLVR with Deception Probes | Jailbreak Foundry: From Papers to Runnable Attacks for Reproducible Benchmarking | Quantifying Frontier LLM Capabilities for Container Sandbox Escape | When the Prompt Becomes Visual: Vision-Centric Jailbreak Attacks for Large Image Editing Models | Robust Harmful Features Under Jailbreak Attacks: Mechanistic Evidence from Attention Head Specialization in Large Language Models | The Assistant Axis: Situating and Stabilizing the Default Persona of Language Models | Is Vibe Coding Safe? Benchmarking Vulnerability of Agent-Generated Code in Real-World Tasks | Think Twice Before You Act: Enhancing Agent Behavioral Safety with Thought Correction,The Assistant Axis: Situating and Stabilizing the Default Persona of Language Models | Is Vibe Coding Safe? Benchmarking Vulnerability of Agent-Generated Code in Real-World Tasks | Think Twice Before You Act: Enhancing Agent Behavioral Safety with Thought Correction | OpenDeception: Learning Deception and Trust in Human–AI Interaction via Multi-Agent Simulation | Are Your Agents Upward Deceivers? | Position: Adversarial ML for LLMs Is Not Making Any Progress | Exploration Hacking: LLMs Can Learn to Resist RL Training | Safety Alignment of LMs via Non-cooperative Games,Robust Harmful Features Under Jailbreak Attacks: Mechanistic Evidence from Attention Head Specialization in Large Language Models | Quantifying Frontier LLM Capabilities for Container Sandbox Escape | When the Prompt Becomes Visual: Vision-Centric Jailbreak Attacks for Large Image Editing Models | Jailbreak Foundry: From Papers to Runnable Attacks for Reproducible Benchmarking | The Obfuscation Atlas: Mapping Where Honesty Emerges in RLVR with Deception Probes
16,"Robotics, Embodiment, and World Models",Vision-language-action models and robotic manipulation,stable_seed,16: action / robotics / vla / applications robotics,195,0.0294,4,0.0205,0.0238,0.81,0,0.0,0.0,0.0,3743,19.19,0.0619,2.11,-1.3,RoboMME: Benchmarking and Understanding Memory for Robotic Generalist Policies | From Pixels to Tokens: A Systematic Study of Latent Action Supervision for Vision-Language-Action Models | XR-1: Towards Versatile Vision-Language-Action Models via Learning Unified Vision-Motion Representations | From Abstraction to Instantiation: Learning Behavioral Representation for Vision-Language-Action Model | Learning Latent Action World Models In The Wild | Discrete Diffusion VLA: Bringing Discrete Diffusion to Action Decoding in Vision-Language-Action Policies | Temporal Straightening for Latent Planning | LangForce: Bayesian Decomposition of Vision Language Action Models via Latent Action Queries,Learning Latent Action World Models In The Wild | Discrete Diffusion VLA: Bringing Discrete Diffusion to Action Decoding in Vision-Language-Action Policies | Temporal Straightening for Latent Planning | LangForce: Bayesian Decomposition of Vision Language Action Models via Latent Action Queries | Vision-Language-Action Pretraining from Large-Scale Human Videos | World Guidance: World Modeling in Condition Space for Action Generation | RoboTwin 2.0: A Scalable Data Generator and Benchmark with Strong Domain Randomization for Robust Bimanual Robotic Manipulation | CaP-X: A Framework for Benchmarking and Improving Coding Agents for Robot Manipulation,From Abstraction to Instantiation: Learning Behavioral Representation for Vision-Language-Action Model | XR-1: Towards Versatile Vision-Language-Action Models via Learning Unified Vision-Motion Representations | From Pixels to Tokens: A Systematic Study of Latent Action Supervision for Vision-Language-Action Models | RoboMME: Benchmarking and Understanding Memory for Robotic Generalist Policies
4,Reinforcement Learning and Control,"Core RL, offline RL, and policy optimization",stable_seed,4: reinforcement learning / reinforcement / policy / rl,312,0.0471,6,0.0192,0.0357,0.76,0,0.0,0.0,0.0,1875,6.01,0.031,0.66,0.1,"On Computation and Reinforcement Learning | Learning Human-Robot Collaboration via Heterogeneous-Agent Lyapunov Policy Optimization | Distributional Inverse Reinforcement Learning | Chebyshev Policies and the Mountain Car Problem: Reinforcement Learning for Low-dimensional Control Tasks | Stabilizing the Q-Gradient Field for Policy Smoothness in Actor-Critic Methods | Video-Based Optimal Transport for Feedback-Efficient Offline Preference-Based Reinforcement Learning | Reinforcement Learning with Verifiable Rewards: GRPO's Loss, Dynamics, and Success Amplification | Stabilizing MoE Reinforcement Learning by Aligning Training and Inference Routers","Reinforcement Learning with Verifiable Rewards: GRPO's Loss, Dynamics, and Success Amplification | Stabilizing MoE Reinforcement Learning by Aligning Training and Inference Routers | How Does the Lagrangian Guide Safe Reinforcement Learning through Diffusion Models? | Just-In-Time Reinforcement Learning: Continual Learning in LLM Agents Without Gradient Updates | T$^2$PO: Uncertainty-Guided Exploration Control for Stable Multi-Turn Agentic Reinforcement Learning | Parallel Stochastic Gradient-Based Planning for World Models | Posterior Behavioral Cloning: Pretraining BC Policies for Efficient RL Finetuning | Synthesizing world models for bilevel planning",Video-Based Optimal Transport for Feedback-Efficient Offline Preference-Based Reinforcement Learning | Stabilizing the Q-Gradient Field for Policy Smoothness in Actor-Critic Methods | Chebyshev Policies and the Mountain Car Problem: Reinforcement Learning for Low-dimensional Control Tasks | Distributional Inverse Reinforcement Learning | Learning Human-Robot Collaboration via Heterogeneous-Agent Lyapunov Policy Optimization | On Computation and Reinforcement Learning
39,"AI for Science, Health, and Neuro",Time series and forecasting applications,needs_review,39: time series / series / forecasting / time,160,0.0241,3,0.0187,0.0179,0.74,0,0.0,0.0,0.0,497,3.11,0.0082,0.34,0.4,"From Text to Forecasts: Bridging Modality Gap with Temporal Evolution Semantic Space | ConFlux: Multivariate Time Series in Flux, One Unified Forecast in Confluence | Scalable Event Cloud Network for Event-based Classification | TSRBench: A Comprehensive Multi-task Multi-modal Time Series Reasoning Benchmark for Generalist Models | Understanding Self-Supervised Learning via Latent Distribution Matching | OpenTSLM: Time-Series Language Models for Reasoning over Multivariate Medical Text- and Time-Series Data | Position: Why a Dynamical Systems Perspective is Needed to Advance Time Series Modeling | StarEmbed: Benchmarking Time Series Foundation Models on Astronomical Observations of Variable Stars","TSRBench: A Comprehensive Multi-task Multi-modal Time Series Reasoning Benchmark for Generalist Models | Understanding Self-Supervised Learning via Latent Distribution Matching | OpenTSLM: Time-Series Language Models for Reasoning over Multivariate Medical Text- and Time-Series Data | Position: Why a Dynamical Systems Perspective is Needed to Advance Time Series Modeling | StarEmbed: Benchmarking Time Series Foundation Models on Astronomical Observations of Variable Stars | TimeOmni-VL: Unified Models for Time Series Understanding and Generation | It's TIME: Towards the Next Generation of Time Series Forecasting Benchmarks | TimeAutoDiff: A Unified Framework for Generation, Imputation, Forecasting, and Time-Varying Metadata Conditioning of Heterogeneous Time Series Tabular Data","ConFlux: Multivariate Time Series in Flux, One Unified Forecast in Confluence | Scalable Event Cloud Network for Event-based Classification | From Text to Forecasts: Bridging Modality Gap with Temporal Evolution Semantic Space"
2,"LLM Reasoning, Post-Training, and RLVR","Reward modeling, preference feedback, and RL post-training",needs_review,2: reward / reinforcement learning / reinforcement / rewards,164,0.0247,3,0.0183,0.0179,0.72,0,0.0,0.0,0.0,4506,27.48,0.0746,3.01,-2.29,"Maximum Likelihood Reinforcement Learning | Reinforcement Learning with Evolving Rubrics for Deep Research | Mitigating Reward Hacking in RLHF via Bayesian Non-negative Reward Modeling | Reinforcement Learning via Self-Distillation | Agent Learning via Early Experience | GDPO: Group reward-Decoupled Normalization Policy Optimization for Multi-reward RL Optimization | Training AI Co-Scientists Using Rubric Rewards | RLAnything: Forge Environment, Policy, and Reward Model in Completely Dynamic RL System","Reinforcement Learning via Self-Distillation | Agent Learning via Early Experience | GDPO: Group reward-Decoupled Normalization Policy Optimization for Multi-reward RL Optimization | Training AI Co-Scientists Using Rubric Rewards | RLAnything: Forge Environment, Policy, and Reward Model in Completely Dynamic RL System | Statistical Impossibility and Possibility of Aligning LLMs with Human Preferences: From Condorcet Paradox to Nash Equilibrium | Reward Modeling from Natural Language Human Feedback | GRPO is Secretly a Process Reward Model",Mitigating Reward Hacking in RLHF via Bayesian Non-negative Reward Modeling | Reinforcement Learning with Evolving Rubrics for Deep Research | Maximum Likelihood Reinforcement Learning
36,"Multimodal, Vision, and Perception","Vision robustness, detection, and adversarial perception",needs_review,36: detection / vision / image / robustness,177,0.0267,3,0.0169,0.0179,0.67,0,0.0,0.0,0.0,523,2.95,0.0087,0.32,0.34,Mind Your Margin and Boundary: Are Your Distilled Datasets Truly Robust? | DroneDINO: Towards Heterogeneous Routed Mixture of Experts for Drone-based Unified Object Detection | Privacy-Aware Video Anomaly Detection: Guided Orthogonal Projection and a Comprehensive Evaluation Framework | Rectified LpJEPA: Joint-Embedding Predictive Architectures with Sparse and Maximum-Entropy Representations | On the Adversarial Robustness of Large Vision-Language Models under Visual Token Compression | Beyond Accuracy: What Matters in Designing Well-Behaved Image Classification Models? | Is Training Necessary for Anomaly Detection? | Alterbute: Editing Intrinsic Attributes of Objects in Images,Rectified LpJEPA: Joint-Embedding Predictive Architectures with Sparse and Maximum-Entropy Representations | On the Adversarial Robustness of Large Vision-Language Models under Visual Token Compression | Beyond Accuracy: What Matters in Designing Well-Behaved Image Classification Models? | Is Training Necessary for Anomaly Detection? | Alterbute: Editing Intrinsic Attributes of Objects in Images | From Per-Image Low-Rank to Encoding Mismatch: Rethinking Feature Distillation in Vision Transformers | Position: Vision encoders should be image size agnostic and task driven | OmniAID: Decoupling Semantic and Artifacts for Universal AI-Generated Image Detection in the Wild,DroneDINO: Towards Heterogeneous Routed Mixture of Experts for Drone-based Unified Object Detection | Privacy-Aware Video Anomaly Detection: Guided Orthogonal Projection and a Comprehensive Evaluation Framework | Mind Your Margin and Boundary: Are Your Distilled Datasets Truly Robust?
21,"LLM Reasoning, Post-Training, and RLVR",LLM preference tuning and alignment training,needs_review,21: language / large language / language models / large,128,0.0193,2,0.0156,0.0119,0.62,0,0.0,0.0,0.0,1154,9.02,0.0191,0.99,-0.37,Do We Need Adam? Surprisingly Strong and Sparse Reinforcement Learning with SGD in LLMs | Reward-free Alignment for Conflicting Objectives | Rethinking the Trust Region in LLM Reinforcement Learning | Entropy-Aware On-Policy Distillation of Language Models | Autoregressive Language Models are Secretly Energy-Based Models: Insights into the Lookahead Capabilities of Next-Token Prediction | Hybrid Policy Distillation for LLMs | Token-Level LLM Collaboration via FusionRoute | Predictable Compression Failures: Order Sensitivity and Information Budgeting for Evidence-Grounded Binary Adjudication,"Rethinking the Trust Region in LLM Reinforcement Learning | Entropy-Aware On-Policy Distillation of Language Models | Autoregressive Language Models are Secretly Energy-Based Models: Insights into the Lookahead Capabilities of Next-Token Prediction | Hybrid Policy Distillation for LLMs | Token-Level LLM Collaboration via FusionRoute | Predictable Compression Failures: Order Sensitivity and Information Budgeting for Evidence-Grounded Binary Adjudication | Certain Head, Uncertain Tail: Expert-Sample for Test-Time Scaling in Fine-Grained MoE | Advantage Weighted Matching: Aligning RL with Pretraining in Diffusion Models",Reward-free Alignment for Conflicting Objectives | Do We Need Adam? Surprisingly Strong and Sparse Reinforcement Learning with SGD in LLMs
41,"Graphs, Geometry, and Representation Learning",Equivariant graph and geometric networks,needs_review,41: graph / networks / neural networks / graph neural,65,0.0098,1,0.0154,0.006,0.61,0,0.0,0.0,0.0,293,4.51,0.0048,0.49,0.11,"Foundations of Equivariant Deep Learning: Unifying Graph and Sheaf Neural Networks | Who Said Neural Networks Aren't Linear? | Dynamics Reveals Structure: Challenging the Linear Propagation Assumption | Learning Multi-Agent Coordination via Sheaf-ADMM | Discovering Symmetry Groups with Flow Matching | Rotary Position Encodings for Graphs | Smoothness Errors in Dynamics Models and How to Avoid Them | Transformers Provably Learn Algorithmic Solutions for Graph Connectivity, But Only with the Right Data","Who Said Neural Networks Aren't Linear? | Dynamics Reveals Structure: Challenging the Linear Propagation Assumption | Learning Multi-Agent Coordination via Sheaf-ADMM | Discovering Symmetry Groups with Flow Matching | Rotary Position Encodings for Graphs | Smoothness Errors in Dynamics Models and How to Avoid Them | Transformers Provably Learn Algorithmic Solutions for Graph Connectivity, But Only with the Right Data | NNiT: Width-Agnostic Neural Network Generation with Structurally Aligned Weight Spaces",Foundations of Equivariant Deep Learning: Unifying Graph and Sheaf Neural Networks
35,"LLM Reasoning, Post-Training, and RLVR",RL for reasoning models and verifiable rewards,stable_seed,35: reasoning / rl / reinforcement / reinforcement learning,161,0.0243,2,0.0124,0.0119,0.49,0,0.0,0.0,0.0,6241,38.76,0.1033,4.25,-3.76,"ThreadWeaver: Adaptive Threading for Efficient Parallel Reasoning in Language Models | Don't Force the Fit: Bounded Log-Likelihood Loss for Enhanced Reasoning in Large Language Models | Process Reward Models That Think | On the Interplay of Pre-Training, Mid-Training, and RL on Reasoning Language Models | Not All Rollouts are Useful: Down-Sampling Rollouts in LLM Reinforcement Learning | Compute as Teacher: Turning Inference Compute Into Reference-Free Supervision | Teaching Models to Teach Themselves: Reasoning at the Edge of Learnability | Evaluating Parameter Efficient Methods for RLVR","Process Reward Models That Think | On the Interplay of Pre-Training, Mid-Training, and RL on Reasoning Language Models | Not All Rollouts are Useful: Down-Sampling Rollouts in LLM Reinforcement Learning | Compute as Teacher: Turning Inference Compute Into Reference-Free Supervision | Teaching Models to Teach Themselves: Reasoning at the Edge of Learnability | Evaluating Parameter Efficient Methods for RLVR | Spurious Rewards: Rethinking Training Signals in RLVR | Does Math Reasoning Improve General LLM Capabilities? Understanding Transferability of LLM Reasoning",Don't Force the Fit: Bounded Log-Likelihood Loss for Enhanced Reasoning in Large Language Models | ThreadWeaver: Adaptive Threading for Efficient Parallel Reasoning in Language Models
31,"Data-Centric, Causal, and Federated ML",Federated learning and distributed clients,needs_review,31: federated / federated learning / clients / client,85,0.0128,1,0.0118,0.006,0.46,0,0.0,0.0,0.0,87,1.02,0.0014,0.11,0.35,Incentivizing Truthfulness and Collaborative Fairness in Bayesian Learning | Delayed Momentum Aggregation: Communication-efficient Byzantine-robust Federated Learning with Partial Participation | PluRel: Synthetic Data unlocks Scaling Laws for Relational Foundation Models | Can Recommender Systems Teach Themselves? A Recursive Self-Improving Framework with Fidelity Control | UB-SMoE: Universally Balanced Sparse Mixture-of-Experts for Resource-adaptive Federated Fine-tuning of Foundation Models | Social Hippocampus Memory Learning | Optimal Pricing for Data-Augmented AutoML Marketplaces | FedHPro: Federated Hyper-Prototype Learning via Gradient Matching,Delayed Momentum Aggregation: Communication-efficient Byzantine-robust Federated Learning with Partial Participation | PluRel: Synthetic Data unlocks Scaling Laws for Relational Foundation Models | Can Recommender Systems Teach Themselves? A Recursive Self-Improving Framework with Fidelity Control | UB-SMoE: Universally Balanced Sparse Mixture-of-Experts for Resource-adaptive Federated Fine-tuning of Foundation Models | Social Hippocampus Memory Learning | Optimal Pricing for Data-Augmented AutoML Marketplaces | FedHPro: Federated Hyper-Prototype Learning via Gradient Matching | Is Data Shapley Not Better than Random in Data Selection? Ask NASH,Incentivizing Truthfulness and Collaborative Fairness in Bayesian Learning
26,Systems and Efficient Foundation Models,"Large-scale training, optimizers, and model architecture",needs_review,26: networks / training / deep / gradient,198,0.0299,2,0.0101,0.0119,0.4,0,0.0,0.0,0.0,2636,13.31,0.0436,1.46,-1.06,"Controlled LLM Training on Spectral Sphere | MuonSSM: Orthogonalizing State Space Models for Sequence Modeling | mHC: Manifold-Constrained Hyper-Connections | Evolution Strategies at the Hyperscale | Neural Thickets: Diverse Task Experts Are Dense Around Pretrained Weights | NorMuon: Making Muon more efficient and scalable | GradientStabilizer: Fix the Norm, Not the Gradient | Why Do We Need Warm-up? A Theoretical Perspective","mHC: Manifold-Constrained Hyper-Connections | Evolution Strategies at the Hyperscale | Neural Thickets: Diverse Task Experts Are Dense Around Pretrained Weights | NorMuon: Making Muon more efficient and scalable | GradientStabilizer: Fix the Norm, Not the Gradient | Why Do We Need Warm-up? A Theoretical Perspective | Near-Universal Multiplicative Updates for Nonnegative Einsum Factorization | SiameseNorm: Breaking the Barrier to Reconciling Pre/Post-Norm",MuonSSM: Orthogonalizing State Space Models for Sequence Modeling | Controlled LLM Training on Spectral Sphere
25,"Multimodal, Vision, and Perception","3D, video, motion, and spatial understanding",stable_seed,25: 3d / video / motion / applications computer,203,0.0306,2,0.0099,0.0119,0.39,1,0.0049,0.1111,3.63,1760,8.67,0.0291,0.95,-0.56,Motion Attribution for Video Generation | Holi-Spatial: Evolving Video Streams into Holistic 3D Spatial Intelligence | Utonia: Toward One Encoder for All Point Clouds | World-R1: Reinforcing 3D Constraints for Text-to-Video Generation | WorldPlay: Towards Long-Term Geometric Consistency for Real-Time Interactive World Modeling | Self-Refining Video Sampling | Mode Seeking meets Mean Seeking for Long Video Generation | Learning 3D-Gaussian Simulators from RGB Videos,Utonia: Toward One Encoder for All Point Clouds | World-R1: Reinforcing 3D Constraints for Text-to-Video Generation | WorldPlay: Towards Long-Term Geometric Consistency for Real-Time Interactive World Modeling | Self-Refining Video Sampling | Mode Seeking meets Mean Seeking for Long Video Generation | Learning 3D-Gaussian Simulators from RGB Videos | Infinite-World: Scaling Interactive World Models to 1000-Frame Horizons via Pose-Free Hierarchical Memory | WorldMirror: Universal 3D World Reconstruction with Any-Prior Prompting,Holi-Spatial: Evolving Video Streams into Holistic 3D Spatial Intelligence | Motion Attribution for Video Generation
34,Generative Modeling,Image/video diffusion and flow generation,stable_seed,34: diffusion / generative / image / generative models,243,0.0367,2,0.0082,0.0119,0.32,0,0.0,0.0,0.0,2580,10.62,0.0427,1.16,-0.84,Transforming Weather Data from Pixel to Latent Space | Error Propagation Mechanisms and Compensation Strategies for Quantized Diffusion Models | One-step Latent-free Image Generation with Pixel Mean Flows | Causal Forcing: Autoregressive Diffusion Distillation Done Right for High-Quality Real-Time Video Generation | Deep Forcing: Training-Free Long Video Generation with Deep Sink and Participative Compression | Latent Forcing: Reordering the Diffusion Trajectory for Pixel-Space Image Generation | Categorical Flow Maps | One-Step Residual Shifting Diffusion for Image Super-Resolution via Distillation,One-step Latent-free Image Generation with Pixel Mean Flows | Causal Forcing: Autoregressive Diffusion Distillation Done Right for High-Quality Real-Time Video Generation | Deep Forcing: Training-Free Long Video Generation with Deep Sink and Participative Compression | Latent Forcing: Reordering the Diffusion Trajectory for Pixel-Space Image Generation | Categorical Flow Maps | One-Step Residual Shifting Diffusion for Image Super-Resolution via Distillation | (1D) Ordered Tokens Enable Efficient Test-Time Search | Multimodal Latent Language Modeling with Next-Token Diffusion,Error Propagation Mechanisms and Compensation Strategies for Quantized Diffusion Models | Transforming Weather Data from Pixel to Latent Space
6,"Agents, Code, and Tool Use","Code LLMs, verification, and software tasks",needs_review,6: code / language / llms / verification,139,0.021,1,0.0072,0.006,0.28,0,0.0,0.0,0.0,839,6.04,0.0139,0.66,-0.38,"SoftJAX & SoftTorch: Empowering Automatic Differentiation Libraries with Informative Gradients | APE-Bench: Evaluating Automated Proof Engineering for Formal Math Libraries | Vibe Checker: Aligning Code Evaluation with Human Preference | SWE-Perf: Can Language Models Optimize Code Performance on Real-World Repositories? | Reasoning over Boundaries: Enhancing Specification Alignment via Test-time Deliberation | Training Language Model Agents to Find Vulnerabilities with CTF-Dojo | Propose, Solve, Verify: Self-Play Through Formal Verification | SERA: Soft-Verified Efficient Repository Agents","APE-Bench: Evaluating Automated Proof Engineering for Formal Math Libraries | Vibe Checker: Aligning Code Evaluation with Human Preference | SWE-Perf: Can Language Models Optimize Code Performance on Real-World Repositories? | Reasoning over Boundaries: Enhancing Specification Alignment via Test-time Deliberation | Training Language Model Agents to Find Vulnerabilities with CTF-Dojo | Propose, Solve, Verify: Self-Play Through Formal Verification | SERA: Soft-Verified Efficient Repository Agents | One Tool Is Enough: Reinforcement Learning of LLM Agents for Repository-Level Code Navigation",SoftJAX & SoftTorch: Empowering Automatic Differentiation Libraries with Informative Gradients
18,"Graphs, Geometry, and Representation Learning",Geometric representation learning and manifolds,needs_review,18: geometric / representation / geometry / representations,160,0.0241,1,0.0063,0.006,0.25,0,0.0,0.0,0.0,857,5.36,0.0142,0.59,-0.34,Necessary Conditions for Compositional Generalization of Embedding Models | Deep sequence models tend to memorize geometrically; it is unclear why. | Thinking with Geometry: Active Geometry Integration for Spatial Reasoning | From Kepler to Newton: Inductive Biases Guide Learned World Models in Transformers | Revisiting the Platonic Representation Hypothesis: An Aristotelian View | A Deep Learning Model of Mental Rotation Informed by Interactive VR Experiments | Semantic Tube Prediction: Beating LLM Data Efficiency with JEPA | From Directions to Regions: Decomposing Activations in Language Models via Local Geometry,Deep sequence models tend to memorize geometrically; it is unclear why. | Thinking with Geometry: Active Geometry Integration for Spatial Reasoning | From Kepler to Newton: Inductive Biases Guide Learned World Models in Transformers | Revisiting the Platonic Representation Hypothesis: An Aristotelian View | A Deep Learning Model of Mental Rotation Informed by Interactive VR Experiments | Semantic Tube Prediction: Beating LLM Data Efficiency with JEPA | From Directions to Regions: Decomposing Activations in Language Models via Local Geometry | Orthogonal Model Merging,Necessary Conditions for Compositional Generalization of Embedding Models
17,"Data-Centric, Causal, and Federated ML","Labels, datasets, and supervised data quality",needs_review,17: label / labels / machine / machine learning,192,0.029,1,0.0052,0.006,0.21,0,0.0,0.0,0.0,456,2.38,0.0075,0.26,-0.05,On the Difficulty of Learning a Meta-network for Training Data Selection | Extracting alignment data in open models | CorrSteer: Generation-Time LLM Steering via Correlated Sparse Autoencoder Features | Antidistillation Fingerprinting | Probably Approximately Correct Labels | Building Social World Model with Large Language Models | GENEB: Why Genomic Models Are Hard to Compare | MixtureVitae: Open Web-Scale Pretraining Dataset With High Quality Instruction and Reasoning Data Built from Permissive-First Text Sources,Extracting alignment data in open models | CorrSteer: Generation-Time LLM Steering via Correlated Sparse Autoencoder Features | Antidistillation Fingerprinting | Probably Approximately Correct Labels | Building Social World Model with Large Language Models | GENEB: Why Genomic Models Are Hard to Compare | MixtureVitae: Open Web-Scale Pretraining Dataset With High Quality Instruction and Reasoning Data Built from Permissive-First Text Sources | Sparse but Wrong: Incorrect L0 Leads to Incorrect Features in Sparse Autoencoders,On the Difficulty of Learning a Meta-network for Training Data Selection
0,"Multimodal, Vision, and Perception",Multimodal representation and cross-modal alignment,stable_seed,0: multimodal / visual / modal / modality,237,0.0358,1,0.0042,0.006,0.17,0,0.0,0.0,0.0,1729,7.3,0.0286,0.8,-0.63,Multimodal Nested Learning for Decoupled and Coordinated Optimization | ExSkill: Continual Learning from Experience and Skills in Multimodal Agents | DiffThinker: Towards Generative Multimodal Reasoning with Diffusion Models | SAM Audio: Segment Anything in Audio | WISE: World Knowledge-Informed Semantic Evaluation for Text-to-Image Generation | Think-Then-Generate: Reasoning-Aware Text-to-Image Diffusion with LLM Encoders | UniMedVL: Unifying Medical Multimodal Understanding and Generation through Observation-Knowledge-Analysis | Generation Enhances Understanding in Unified Multimodal Models via Multi-Representation Generation,ExSkill: Continual Learning from Experience and Skills in Multimodal Agents | DiffThinker: Towards Generative Multimodal Reasoning with Diffusion Models | SAM Audio: Segment Anything in Audio | WISE: World Knowledge-Informed Semantic Evaluation for Text-to-Image Generation | Think-Then-Generate: Reasoning-Aware Text-to-Image Diffusion with LLM Encoders | UniMedVL: Unifying Medical Multimodal Understanding and Generation through Observation-Knowledge-Analysis | Generation Enhances Understanding in Unified Multimodal Models via Multi-Representation Generation | Probing Cross-modal Information Hubs in Audio-Visual LLMs,Multimodal Nested Learning for Decoupled and Coordinated Optimization
1,"AI for Science, Health, and Neuro",Spiking neural networks and neural signals,needs_review,1: spiking / snns / spiking neural / spike,67,0.0101,0,0.0,0.0,0.0,0,0.0,0.0,0.0,86,1.28,0.0014,0.14,-0.14,Scaling Vision Transformers for Functional MRI with Flat Maps | Event2Vec: Processing neuromorphic events directly by representations in vector space | EEG-FM-Bench: A Comprehensive Benchmark for the Systematic Evaluation and Diagnostic Analyses of EEG Foundation Models | Omni-fMRI: A Universal Atlas-Free fMRI Foundation Model | DuFal: Dual-Frequency-Aware Learning for High-Fidelity Extremely Sparse-view CBCT Reconstruction | Self-Supervised Foundation Model for Calcium-imaging Population Dynamics | Kuramoto Oscillatory Phase Encoding: Neuro-inspired Synchronization for Improved Learning Efficiency | NAACA: Training-Free NeuroAuditory Attentive Cognitive Architecture with Oscillatory Working Memory for Salience-Driven Attention Gating,Scaling Vision Transformers for Functional MRI with Flat Maps | Event2Vec: Processing neuromorphic events directly by representations in vector space | EEG-FM-Bench: A Comprehensive Benchmark for the Systematic Evaluation and Diagnostic Analyses of EEG Foundation Models | Omni-fMRI: A Universal Atlas-Free fMRI Foundation Model | DuFal: Dual-Frequency-Aware Learning for High-Fidelity Extremely Sparse-view CBCT Reconstruction | Self-Supervised Foundation Model for Calcium-imaging Population Dynamics | Kuramoto Oscillatory Phase Encoding: Neuro-inspired Synchronization for Improved Learning Efficiency | NAACA: Training-Free NeuroAuditory Attentive Cognitive Architecture with Oscillatory Working Memory for Salience-Driven Attention Gating,
3,Systems and Efficient Foundation Models,Long-context attention and KV-cache compression,stable_seed,3: attention / kv / context / cache,113,0.017,0,0.0,0.0,0.0,0,0.0,0.0,0.0,2347,20.77,0.0388,2.28,-2.28,xKV: Cross-Layer KV-Cache Compression via Aligned Singular Vector Extraction | SimpleMem: Efficient Lifelong Memory for LLM Agents | Fast KV Compaction via Attention Matching | TriAttention: Efficient Long Reasoning with Trigonometric KV Compression | Memory Caching: RNNs with Growing Memory | Doc-to-LoRA: Learning to Instantly Internalize Contexts | EpiCache: Episodic KV Cache Management for Long-Term Conversation on Resource-Constrained Environments | SHINE: A Scalable In-Context Hypernetwork for Mapping Context to LoRA in a Single Pass,xKV: Cross-Layer KV-Cache Compression via Aligned Singular Vector Extraction | SimpleMem: Efficient Lifelong Memory for LLM Agents | Fast KV Compaction via Attention Matching | TriAttention: Efficient Long Reasoning with Trigonometric KV Compression | Memory Caching: RNNs with Growing Memory | Doc-to-LoRA: Learning to Instantly Internalize Contexts | EpiCache: Episodic KV Cache Management for Long-Term Conversation on Resource-Constrained Environments | SHINE: A Scalable In-Context Hypernetwork for Mapping Context to LoRA in a Single Pass,
