area,event_id,global_review_rank,area_review_rank,title,subarea,selection_reason,reviewer,review_date,review_source,manual_validated,manual_primary_contribution_type,manual_method_family,manual_benchmarks,manual_datasets,manual_metrics,manual_artifact_status,manual_result_character,manual_fault_line_relevance,manual_notes
"LLM Reasoning, Post-Training, and RLVR",62989,1,1,How much can language models memorize?,Diffusion language models and decoding,fault_line_representative,,,,,,,,,,,,,
"Theory, Optimization, and Algorithms",66206,2,1,To Grok Grokking: Provable Grokking in Ridge Regression,Statistical learning theory and regression,fault_line_representative,,,,,,,,,,,,,
"LLM Reasoning, Post-Training, and RLVR",61998,3,2,The Flexibility Trap: Rethinking the Value of Arbitrary Order in Diffusion Language Models,Reasoning models and chain-of-thought behavior,fault_line_representative,,,,,,,,,,,,,
Systems and Efficient Foundation Models,65901,4,10,Neural Thickets: Diverse Task Experts Are Dense Around Pretrained Weights,"Large-scale training, optimizers, and model architecture",public_attention_not_program_signal,,,,,,,,,,,,,
"LLM Reasoning, Post-Training, and RLVR",65332,5,3,Maximum Likelihood Reinforcement Learning,"Reward modeling, preference feedback, and RL post-training",fault_line_representative,,,,,,,,,,,,,
"Agents, Code, and Tool Use",65206,6,8,PaperBanana: Automating Academic Illustration for AI Scientists,"Agent evaluation, tool use, and agentic workflows",public_attention_not_program_signal,,,,,,,,,,,,,
"Safety, Governance, Privacy, and Society",60766,7,1,The Obfuscation Atlas: Mapping Where Honesty Emerges in RLVR with Deception Probes,"Adversarial safety, attacks, and security",fault_line_representative,,,,,,,,,,,,,
"Safety, Governance, Privacy, and Society",67084,8,2,Position: AI/ML Deepfake Research is Misaligned with AI Generated Non-Consensual Intimate Imagery (AIG-NCII),"Position papers, policy, and social impacts",fault_line_representative,,,,,,,,,,,,,
"Safety, Governance, Privacy, and Society",67118,9,3,Position: The Alignment Community is Unintentionally Building a Censor’s Toolkit,"Position papers, policy, and social impacts",fault_line_representative,,,,,,,,,,,,,
"LLM Reasoning, Post-Training, and RLVR",65886,10,4,Reinforcement Learning with Evolving Rubrics for Deep Research,"Reward modeling, preference feedback, and RL post-training",fault_line_representative,,,,,,,,,,,,,
Systems and Efficient Foundation Models,66212,11,1,Controlled LLM Training on Spectral Sphere,"Large-scale training, optimizers, and model architecture",fault_line_representative,,,,,,,,,,,,,
"LLM Reasoning, Post-Training, and RLVR",64121,12,8,Reinforcement Learning via Self-Distillation,"Reward modeling, preference feedback, and RL post-training",public_attention_not_program_signal,,,,,,,,,,,,,
"LLM Reasoning, Post-Training, and RLVR",65446,13,5,Activation Oracles: Training and Evaluating LLMs as General-Purpose Activation Explainers,"General LLM training, evaluation, and alignment",fault_line_representative,,,,,,,,,,,,,
"LLM Reasoning, Post-Training, and RLVR",63333,14,10,GDPO: Group reward-Decoupled Normalization Policy Optimization for Multi-reward RL Optimization,"Reward modeling, preference feedback, and RL post-training",public_attention_not_program_signal,,,,,,,,,,,,,
Systems and Efficient Foundation Models,61870,15,7,mHC: Manifold-Constrained Hyper-Connections,"Large-scale training, optimizers, and model architecture",public_attention_not_program_signal,,,,,,,,,,,,,
Systems and Efficient Foundation Models,62943,16,9,Evolution Strategies at the Hyperscale,"Large-scale training, optimizers, and model architecture",public_attention_not_program_signal,,,,,,,,,,,,,
"Agents, Code, and Tool Use",65888,17,7,Learning to Discover at Test Time,"Multi-agent search, planning, and coordination",public_attention_not_program_signal,,,,,,,,,,,,,
"LLM Reasoning, Post-Training, and RLVR",64488,18,9,Agent Learning via Early Experience,"Reward modeling, preference feedback, and RL post-training",public_attention_not_program_signal,,,,,,,,,,,,,
"LLM Reasoning, Post-Training, and RLVR",64095,19,6,WeDLM: Reconciling Diffusion Language Models with Standard Causal Attention for Fast Inference,Diffusion language models and decoding,fault_line_representative,,,,,,,,,,,,,
"Robotics, Embodiment, and World Models",66596,20,4,From Abstraction to Instantiation: Learning Behavioral Representation for Vision-Language-Action Model,Vision-language-action models and robotic manipulation,fault_line_representative,,,,,,,,,,,,,
"LLM Reasoning, Post-Training, and RLVR",61180,21,15,Latent Collaboration in Multi-Agent Systems,Reasoning models and chain-of-thought behavior,taxonomy_boundary_cluster,,,,,,,,,,,,,
"Theory, Optimization, and Algorithms",63048,22,2,Equivalence of Context and Parameter Updates in Modern Transformer Blocks,Transformer theory and attention expressivity,fault_line_representative,,,,,,,,,,,,,
"Theory, Optimization, and Algorithms",63638,23,5,Optimal Decision-Making Based on Prediction Sets,Statistical learning theory and regression,fault_line_representative,,,,,,,,,,,,,
"Agents, Code, and Tool Use",64377,24,1,$\tau^2$-Bench: Evaluating Conversational Agents in a Dual-Control Environment,"Agent evaluation, tool use, and agentic workflows",fault_line_representative,,,,,,,,,,,,,
"Agents, Code, and Tool Use",63095,25,2,Agent0-VL: Exploring Self-Evolving Agent for Tool-Integrated Vision-Language Reasoning,"Agent evaluation, tool use, and agentic workflows",fault_line_representative,,,,,,,,,,,,,
"Safety, Governance, Privacy, and Society",67247,26,5,Position: Stop Automating Peer Review Without Rigorous Evaluation,"Position papers, policy, and social impacts",fault_line_representative,,,,,,,,,,,,,
"Agents, Code, and Tool Use",62794,31,9,ToolOrchestra: Elevating Intelligence via Efficient Model and Tool Orchestration,"Agent evaluation, tool use, and agentic workflows",public_attention_not_program_signal,,,,,,,,,,,,,
"LLM Reasoning, Post-Training, and RLVR",68817,32,7,Process Reward Models That Think,RL for reasoning models and verifiable rewards,public_attention_not_program_signal,,,,,,,,,,,,,
Systems and Efficient Foundation Models,63436,33,8,xKV: Cross-Layer KV-Cache Compression via Aligned Singular Vector Extraction,Long-context attention and KV-cache compression,public_attention_not_program_signal,,,,,,,,,,,,,
"Agents, Code, and Tool Use",62992,34,4,Monitoring Monitorability,"Agent evaluation, tool use, and agentic workflows",fault_line_representative,,,,,,,,,,,,,
"Safety, Governance, Privacy, and Society",65657,36,6,Jailbreak Foundry: From Papers to Runnable Attacks for Reproducible Benchmarking,"Adversarial safety, attacks, and security",fault_line_representative,,,,,,,,,,,,,
"Agents, Code, and Tool Use",65622,37,6,CVE-Factory: Scaling Expert-Level Agentic Tasks for Code Security Vulnerability,"Agent evaluation, tool use, and agentic workflows",fault_line_representative,,,,,,,,,,,,,
"Agents, Code, and Tool Use",63099,38,3,daVinci-Dev: Agent-native Mid-training for Software Engineering,"Agent evaluation, tool use, and agentic workflows",fault_line_representative,,,,,,,,,,,,,
"Agents, Code, and Tool Use",62732,39,5,Strategic Navigation or Stochastic Search? How Agents and Humans Reason Over Document Collections,"Agent evaluation, tool use, and agentic workflows",fault_line_representative,,,,,,,,,,,,,
"Safety, Governance, Privacy, and Society",67238,40,4,Position: Anthropomorphic Misalignment Research Needs Stronger Evidence,"Position papers, policy, and social impacts",fault_line_representative,,,,,,,,,,,,,
"Theory, Optimization, and Algorithms",62793,41,4,Markov Chain Monte Carlo without Evaluating the Target: an Auxiliary Variable Approach,Bayesian and probabilistic methods,fault_line_representative,,,,,,,,,,,,,
"Theory, Optimization, and Algorithms",61486,42,3,Non-Euclidean Gradient Descent Operates at the Edge of Stability,"Convex, stochastic, and nonconvex optimization",fault_line_representative,,,,,,,,,,,,,
"Multimodal, Vision, and Perception",60542,58,1,Motion Attribution for Video Generation,"3D, video, motion, and spatial understanding",fault_line_representative,,,,,,,,,,,,,
"Multimodal, Vision, and Perception",65954,59,11,Multimodal Nested Learning for Decoupled and Coordinated Optimization,Multimodal representation and cross-modal alignment,program_signal_low_public_attention,,,,,,,,,,,,,
"Theory, Optimization, and Algorithms",64760,60,8,Dimensional Collapse in Transformer Attention Outputs: A Challenge for Sparse Dictionary Learning,Transformer theory and attention expressivity,public_attention_not_program_signal,,,,,,,,,,,,,
"Agents, Code, and Tool Use",66728,61,14,Unsupervised Partner Design Enables Robust Ad-hoc Teamwork,"Multi-agent search, planning, and coordination",program_signal_low_public_attention,,,,,,,,,,,,,
"Data-Centric, Causal, and Federated ML",63561,62,1,Pretrained Vision-Language-Action Models are Surprisingly Resistant to Forgetting in Continual Learning,"Continual learning, forgetting, and task adaptation",fault_line_representative,,,,,,,,,,,,,
"Data-Centric, Causal, and Federated ML",61434,63,7,Self-Distillation Enables Continual Learning,"Continual learning, forgetting, and task adaptation",public_attention_not_program_signal,,,,,,,,,,,,,
"Safety, Governance, Privacy, and Society",64450,65,7,Chain-of-Thought Reasoning In The Wild Is Not Always Faithful,"Position papers, policy, and social impacts",public_attention_not_program_signal,,,,,,,,,,,,,
"Graphs, Geometry, and Representation Learning",65316,66,8,Who Said Neural Networks Aren't Linear?,Equivariant graph and geometric networks,public_attention_not_program_signal,,,,,,,,,,,,,
"Graphs, Geometry, and Representation Learning",65556,67,7,Deep sequence models tend to memorize geometrically; it is unclear why.,Geometric representation learning and manifolds,public_attention_not_program_signal,,,,,,,,,,,,,
"LLM Reasoning, Post-Training, and RLVR",63441,68,11,Diffract: Spectral View of LLM Domain Adaptation,"General LLM training, evaluation, and alignment",program_signal_low_public_attention,,,,,,,,,,,,,
"LLM Reasoning, Post-Training, and RLVR",65064,69,12,FlatLand: Personalized Graph Federated Learning via Tailored Lorentz Space,"General LLM training, evaluation, and alignment",program_signal_low_public_attention,,,,,,,,,,,,,
"LLM Reasoning, Post-Training, and RLVR",60884,70,13,Information Flow Reveals When to Trust Language Models,"General LLM training, evaluation, and alignment",program_signal_low_public_attention,,,,,,,,,,,,,
"LLM Reasoning, Post-Training, and RLVR",61615,71,14,On the Limits of LLM Adaptability: Impact of LLM Pre-Training on Annotation Task Performance,"General LLM training, evaluation, and alignment",program_signal_low_public_attention,,,,,,,,,,,,,
"Multimodal, Vision, and Perception",60907,72,12,DroneDINO: Towards Heterogeneous Routed Mixture of Experts for Drone-based Unified Object Detection,"Vision robustness, detection, and adversarial perception",program_signal_low_public_attention,,,,,,,,,,,,,
"Multimodal, Vision, and Perception",62535,73,13,Privacy-Aware Video Anomaly Detection: Guided Orthogonal Projection and a Comprehensive Evaluation Framework,"Vision robustness, detection, and adversarial perception",program_signal_low_public_attention,,,,,,,,,,,,,
"Multimodal, Vision, and Perception",65729,74,9,ExSkill: Continual Learning from Experience and Skills in Multimodal Agents,Multimodal representation and cross-modal alignment,public_attention_not_program_signal,,,,,,,,,,,,,
"Multimodal, Vision, and Perception",63195,75,10,BabyVision: Visual Reasoning Beyond Language,Vision-language reasoning and video understanding,public_attention_not_program_signal,,,,,,,,,,,,,
"Multimodal, Vision, and Perception",63623,76,8,Causal-JEPA: Learning World Models through Object-Level Latent Interventions,Vision-language reasoning and video understanding,public_attention_not_program_signal,,,,,,,,,,,,,
"Safety, Governance, Privacy, and Society",66446,77,9,Reasoning Models Struggle to Control their Chains of Thought,"Position papers, policy, and social impacts",public_attention_not_program_signal,,,,,,,,,,,,,
"Multimodal, Vision, and Perception",65709,78,7,A Very Big Video Reasoning Suite,Vision-language reasoning and video understanding,public_attention_not_program_signal,,,,,,,,,,,,,
"Multimodal, Vision, and Perception",62726,79,3,Bad Seeing or Bad Thinking? Rewarding Perception for Multimodal Reasoning,Vision-language reasoning and video understanding,fault_line_representative,,,,,,,,,,,,,
"Safety, Governance, Privacy, and Society",61446,80,8,The Assistant Axis: Situating and Stabilizing the Default Persona of Language Models,"Adversarial safety, attacks, and security",public_attention_not_program_signal,,,,,,,,,,,,,
"Robotics, Embodiment, and World Models",61757,81,10,World Guidance: World Modeling in Condition Space for Action Generation,Vision-language-action models and robotic manipulation,public_attention_not_program_signal,,,,,,,,,,,,,
"Robotics, Embodiment, and World Models",64904,82,7,Temporal Straightening for Latent Planning,Vision-language-action models and robotic manipulation,public_attention_not_program_signal,,,,,,,,,,,,,
"Safety, Governance, Privacy, and Society",67142,84,13,"Position: Don't Just ""Fix it in Post'': A Science of AI Must Study Learning Dynamics","Position papers, policy, and social impacts",program_signal_low_public_attention,,,,,,,,,,,,,
"Theory, Optimization, and Algorithms",63852,85,14,Equilibrium Pricing in Oligopolistic Data Markets,"Online learning, bandits, and regret",program_signal_low_public_attention,,,,,,,,,,,,,
"Theory, Optimization, and Algorithms",60879,86,11,Path-dependent Discrete Amortized Inference,Bayesian and probabilistic methods,program_signal_low_public_attention,,,,,,,,,,,,,
"Theory, Optimization, and Algorithms",66499,87,12,Robust Contextual Optimization with Missing Covariates,Bayesian and probabilistic methods,program_signal_low_public_attention,,,,,,,,,,,,,
"Agents, Code, and Tool Use",61379,88,10,MemEvolve: Meta-Evolution of Agent Memory Systems,"Multi-agent search, planning, and coordination",public_attention_not_program_signal,,,,,,,,,,,,,
"Theory, Optimization, and Algorithms",63567,89,9,Weight-sparse transformers have interpretable circuits,Transformer theory and attention expressivity,public_attention_not_program_signal,,,,,,,,,,,,,
"Theory, Optimization, and Algorithms",64188,90,10,You Need Better Attention Priors,Transformer theory and attention expressivity,public_attention_not_program_signal,,,,,,,,,,,,,
Systems and Efficient Foundation Models,65102,91,6,MuonSSM: Orthogonalizing State Space Models for Sequence Modeling,"Large-scale training, optimizers, and model architecture",fault_line_representative,,,,,,,,,,,,,
"Theory, Optimization, and Algorithms",61046,92,6,Rational Transductors,Transformer theory and attention expressivity,fault_line_representative,,,,,,,,,,,,,
"LLM Reasoning, Post-Training, and RLVR",64784,93,16,Self-Distilled Reasoner: On-Policy Self-Distillation for Large Language Models,Reasoning models and chain-of-thought behavior,taxonomy_boundary_cluster,,,,,,,,,,,,,
Generative Modeling,62241,94,1,A Random Matrix Perspective on the Consistency of Diffusion Models,"Diffusion sampling, transport, and inverse problems",fault_line_representative,,,,,,,,,,,,,
Generative Modeling,65132,95,2,High-accuracy sampling for diffusion models and log-concave distributions,"Diffusion sampling, transport, and inverse problems",fault_line_representative,,,,,,,,,,,,,
"Safety, Governance, Privacy, and Society",66364,96,10,Towards a Science of AI Agent Reliability,"Position papers, policy, and social impacts",public_attention_not_program_signal,,,,,,,,,,,,,
"Agents, Code, and Tool Use",62831,98,13,VenusBench-Mobile: A Challenging and User-Centric Benchmark for Mobile GUI Agents with Capability Diagnostics,"Agent evaluation, tool use, and agentic workflows",program_signal_low_public_attention,,,,,,,,,,,,,
"AI for Science, Health, and Neuro",64138,99,11,AI Engram: In Search of Memory Traces in Artificial Intelligence,"Latent dynamics, neuroscience, and dynamical systems",program_signal_low_public_attention,,,,,,,,,,,,,
"AI for Science, Health, and Neuro",61526,100,12,CoEvol-NO: State and Coordinate Co-Evolution with an Error-Driven Predictor-Corrector Paradigm for Neural Operator Transformer,"Latent dynamics, neuroscience, and dynamical systems",program_signal_low_public_attention,,,,,,,,,,,,,
"AI for Science, Health, and Neuro",64932,101,13,Geometric Flow Grounding: A Unified Manifold Decoupling Framework for Dynamics Discovery and Verification,"Latent dynamics, neuroscience, and dynamical systems",program_signal_low_public_attention,,,,,,,,,,,,,
"Data-Centric, Causal, and Federated ML",65483,102,12,Detecting the Semantic Fixed Point: A Geometric Framework for Efficient Inference,"Continual learning, forgetting, and task adaptation",program_signal_low_public_attention,,,,,,,,,,,,,
"Data-Centric, Causal, and Federated ML",63259,103,14,Incentivizing Truthfulness and Collaborative Fairness in Bayesian Learning,Federated learning and distributed clients,program_signal_low_public_attention,,,,,,,,,,,,,
"Data-Centric, Causal, and Federated ML",63990,104,13,On the Difficulty of Learning a Meta-network for Training Data Selection,"Labels, datasets, and supervised data quality",program_signal_low_public_attention,,,,,,,,,,,,,
"Robotics, Embodiment, and World Models",65457,105,8,LangForce: Bayesian Decomposition of Vision Language Action Models via Latent Action Queries,Vision-language-action models and robotic manipulation,public_attention_not_program_signal,,,,,,,,,,,,,
"Robotics, Embodiment, and World Models",62813,106,9,Vision-Language-Action Pretraining from Large-Scale Human Videos,Vision-language-action models and robotic manipulation,public_attention_not_program_signal,,,,,,,,,,,,,
"Robotics, Embodiment, and World Models",63621,107,2,From Pixels to Tokens: A Systematic Study of Latent Action Supervision for Vision-Language-Action Models,Vision-language-action models and robotic manipulation,fault_line_representative,,,,,,,,,,,,,
"Robotics, Embodiment, and World Models",65933,108,1,RoboMME: Benchmarking and Understanding Memory for Robotic Generalist Policies,Vision-language-action models and robotic manipulation,fault_line_representative,,,,,,,,,,,,,
"Agents, Code, and Tool Use",63530,109,11,CausalGame: Benchmarking Causal Thinking of LLM Agents in Games,"Agent evaluation, tool use, and agentic workflows",program_signal_low_public_attention,,,,,,,,,,,,,
"Agents, Code, and Tool Use",61834,110,12,Characterizing Agents in Production,"Agent evaluation, tool use, and agentic workflows",program_signal_low_public_attention,,,,,,,,,,,,,
"Data-Centric, Causal, and Federated ML",66786,111,8,Understanding LoRA as Knowledge Memory: An Empirical Analysis,"Continual learning, forgetting, and task adaptation",public_attention_not_program_signal,,,,,,,,,,,,,
"Multimodal, Vision, and Perception",64161,112,14,DOUBT: Decoupled Object-level Understanding and Bridging via vMF-based Trustworthiness for Hallucination Detection in MLLMs,Vision-language reasoning and video understanding,program_signal_low_public_attention,,,,,,,,,,,,,
"Robotics, Embodiment, and World Models",64826,113,3,XR-1: Towards Versatile Vision-Language-Action Models via Learning Unified Vision-Motion Representations,Vision-language-action models and robotic manipulation,fault_line_representative,,,,,,,,,,,,,
"Safety, Governance, Privacy, and Society",67203,114,12,Position: AI Should Facilitate Democratic Deliberation at Scale,"Position papers, policy, and social impacts",program_signal_low_public_attention,,,,,,,,,,,,,
"Safety, Governance, Privacy, and Society",67249,115,14,Position: The AI Imperative: Scaling High-Quality Peer Review in Machine Learning,"Position papers, policy, and social impacts",program_signal_low_public_attention,,,,,,,,,,,,,
"Safety, Governance, Privacy, and Society",64633,116,11,Robust Harmful Features Under Jailbreak Attacks: Mechanistic Evidence from Attention Head Specialization in Large Language Models,"Adversarial safety, attacks, and security",program_signal_low_public_attention,,,,,,,,,,,,,
Systems and Efficient Foundation Models,65816,117,11,CAT-Q: Cost-efficient and Accurate Ternary Quantization for LLMs,Quantization and low-precision training/inference,program_signal_low_public_attention,,,,,,,,,,,,,
Systems and Efficient Foundation Models,61061,118,13,Faster Activation Functions at the Edge for Post-Training Speedups,"Serving, GPU memory, MoE, and throughput",program_signal_low_public_attention,,,,,,,,,,,,,
Systems and Efficient Foundation Models,63073,119,12,ReQAT: Achieving Full-Precision Reasoning Accuracy with 4-bit Floating-Point Quantization-Aware Training,Quantization and low-precision training/inference,program_signal_low_public_attention,,,,,,,,,,,,,
Systems and Efficient Foundation Models,63104,120,16,Why Do We Need Warm-up? A Theoretical Perspective,"Large-scale training, optimizers, and model architecture",taxonomy_boundary_cluster,,,,,,,,,,,,,
"Theory, Optimization, and Algorithms",62171,121,13,DPO Unchained: Your Training Algorithm is Secretly Disentangled in Human Choice Theory (and Its Loss' Convexity is Dispensable),"Online learning, bandits, and regret",program_signal_low_public_attention,,,,,,,,,,,,,
"Agents, Code, and Tool Use",61950,122,15,Scaling Long-Horizon Agent via Context Folding,"Multi-agent search, planning, and coordination",taxonomy_boundary_cluster,,,,,,,,,,,,,
"Agents, Code, and Tool Use",64296,123,16,Meta Context Engineering via Agentic Skill Evolution,"Multi-agent search, planning, and coordination",taxonomy_boundary_cluster,,,,,,,,,,,,,
"Data-Centric, Causal, and Federated ML",66452,124,16,Extracting alignment data in open models,"Labels, datasets, and supervised data quality",taxonomy_boundary_cluster,,,,,,,,,,,,,
"Robotics, Embodiment, and World Models",65056,125,5,Learning Latent Action World Models In The Wild,Vision-language-action models and robotic manipulation,fault_line_representative,,,,,,,,,,,,,
"Theory, Optimization, and Algorithms",65157,126,7,Unifying and Optimizing Data Values for Selection via Sequential Decision-Making,"Online learning, bandits, and regret",public_attention_not_program_signal,,,,,,,,,,,,,
"AI for Science, Health, and Neuro",66808,127,1,Protein Autoregressive Modeling via Multiscale Structure Generation,"Protein, molecule, and biological modeling",fault_line_representative,,,,,,,,,,,,,
"Data-Centric, Causal, and Federated ML",64375,128,10,Retaining by Doing: The Role of On-Policy Data in Mitigating Forgetting,"Continual learning, forgetting, and task adaptation",public_attention_not_program_signal,,,,,,,,,,,,,
"AI for Science, Health, and Neuro",63634,129,3,Orthogonal Concept Erasure for Diffusion Models,"Latent dynamics, neuroscience, and dynamical systems",fault_line_representative,,,,,,,,,,,,,
"AI for Science, Health, and Neuro",62145,130,6,Protein Fold Classification at Scale: Benchmarking and Pretraining,"Protein, molecule, and biological modeling",fault_line_representative,,,,,,,,,,,,,
"Data-Centric, Causal, and Federated ML",66254,131,2,Midtraining Bridges Pretraining and Posttraining Distributions,"Continual learning, forgetting, and task adaptation",fault_line_representative,,,,,,,,,,,,,
"Data-Centric, Causal, and Federated ML",66000,132,3,Expressivity-Efficiency Tradeoffs for Hybrid Sequence Models,"Continual learning, forgetting, and task adaptation",fault_line_representative,,,,,,,,,,,,,
"AI for Science, Health, and Neuro",63982,133,5,From Text to Forecasts: Bridging Modality Gap with Temporal Evolution Semantic Space,Time series and forecasting applications,fault_line_representative,,,,,,,,,,,,,
"AI for Science, Health, and Neuro",66118,134,2,dnaHNet: A Scalable and Hierarchical Foundation Model for Genomic Sequence Learning,"Protein, molecule, and biological modeling",fault_line_representative,,,,,,,,,,,,,
"Data-Centric, Causal, and Federated ML",65037,135,9,ATLAS: Learning to Optimally Memorize the Context at Test Time,"Continual learning, forgetting, and task adaptation",public_attention_not_program_signal,,,,,,,,,,,,,
"Graphs, Geometry, and Representation Learning",63078,136,2,Foundations of Equivariant Deep Learning: Unifying Graph and Sheaf Neural Networks,Equivariant graph and geometric networks,fault_line_representative,,,,,,,,,,,,,
"Graphs, Geometry, and Representation Learning",65761,137,3,Necessary Conditions for Compositional Generalization of Embedding Models,Geometric representation learning and manifolds,fault_line_representative,,,,,,,,,,,,,
"Multimodal, Vision, and Perception",63725,138,2,Holi-Spatial: Evolving Video Streams into Holistic 3D Spatial Intelligence,"3D, video, motion, and spatial understanding",fault_line_representative,,,,,,,,,,,,,
Systems and Efficient Foundation Models,63564,139,3,FlashSinkhorn: IO-Aware Entropic Optimal Transport on GPU,"Serving, GPU memory, MoE, and throughput",fault_line_representative,,,,,,,,,,,,,
"Robotics, Embodiment, and World Models",62902,140,6,Discrete Diffusion VLA: Bringing Discrete Diffusion to Action Decoding in Vision-Language-Action Policies,Vision-language-action models and robotic manipulation,fault_line_representative,,,,,,,,,,,,,
"Multimodal, Vision, and Perception",65005,141,6,CLEAR: Context-Aware Learning with End-to-End Mask-Free Inference for Adaptive Subtitle Removal,Vision-language reasoning and video understanding,fault_line_representative,,,,,,,,,,,,,
"Multimodal, Vision, and Perception",65441,142,4,Are VLMs Seeing or Just Saying? Uncovering the Illusion of Visual Re-examination,Vision-language reasoning and video understanding,fault_line_representative,,,,,,,,,,,,,
Systems and Efficient Foundation Models,64670,143,4,ECHO: Elastic Speculative Decoding with Sparse Gating for High-Concurrency Scenarios,"Serving, GPU memory, MoE, and throughput",fault_line_representative,,,,,,,,,,,,,
"Multimodal, Vision, and Perception",65015,144,5,3ViewSense: Spatial and Mental Perspective Reasoning from Orthographic Views in Vision-Language Models,Vision-language reasoning and video understanding,fault_line_representative,,,,,,,,,,,,,
Systems and Efficient Foundation Models,62887,145,5,FlashSketch: Sketch-Kernel Co-Design for Fast Sparse Sketching on GPUs,"Serving, GPU memory, MoE, and throughput",fault_line_representative,,,,,,,,,,,,,
Systems and Efficient Foundation Models,62626,146,2,POET-X: Memory-efficient LLM Training by Scaling Orthogonal Transformation,"Serving, GPU memory, MoE, and throughput",fault_line_representative,,,,,,,,,,,,,
Systems and Efficient Foundation Models,61880,147,14,NorMuon: Making Muon more efficient and scalable,"Large-scale training, optimizers, and model architecture",taxonomy_boundary_cluster,,,,,,,,,,,,,
"Multimodal, Vision, and Perception",65573,148,15,Rectified LpJEPA: Joint-Embedding Predictive Architectures with Sparse and Maximum-Entropy Representations,"Vision robustness, detection, and adversarial perception",taxonomy_boundary_cluster,,,,,,,,,,,,,
Systems and Efficient Foundation Models,63695,149,15,"GradientStabilizer: Fix the Norm, Not the Gradient","Large-scale training, optimizers, and model architecture",taxonomy_boundary_cluster,,,,,,,,,,,,,
"Data-Centric, Causal, and Federated ML",61430,150,5,Exact Functional ANOVA Decomposition for Categorical Inputs,Causal inference and causal discovery,fault_line_representative,,,,,,,,,,,,,
"Graphs, Geometry, and Representation Learning",60641,151,4,MV-FGAD: Towards Efficient and Effective Federated Graph Anomaly Detection via Multi-view Learning,Graph neural networks and graph learning,fault_line_representative,,,,,,,,,,,,,
"Graphs, Geometry, and Representation Learning",65990,152,6,Towards Hierarchy–Uniformity Equilibrium: Recovering Semantic Depth in Hypergraph Contrastive Learning,Graph neural networks and graph learning,fault_line_representative,,,,,,,,,,,,,
"Multimodal, Vision, and Perception",61440,153,16,On the Adversarial Robustness of Large Vision-Language Models under Visual Token Compression,"Vision robustness, detection, and adversarial perception",taxonomy_boundary_cluster,,,,,,,,,,,,,
"Theory, Optimization, and Algorithms",63430,154,15,Do Transformers Need Three Projections? Systematic Study of QKV Variants,Transformer theory and attention expressivity,taxonomy_boundary_cluster,,,,,,,,,,,,,
"Theory, Optimization, and Algorithms",65584,155,16,Patterning: The Dual of Interpretability,Transformer theory and attention expressivity,taxonomy_boundary_cluster,,,,,,,,,,,,,
"AI for Science, Health, and Neuro",65261,159,10,OpenTSLM: Time-Series Language Models for Reasoning over Multivariate Medical Text- and Time-Series Data,Time series and forecasting applications,public_attention_not_program_signal,,,,,,,,,,,,,
"Graphs, Geometry, and Representation Learning",60968,161,11,Revisiting the Platonic Representation Hypothesis: An Aristotelian View,Geometric representation learning and manifolds,taxonomy_boundary_cluster,,,,,,,,,,,,,
"AI for Science, Health, and Neuro",62510,162,14,ReViT: Rotational-equivariant Vision Transformers for Neural PDE Solvers,"Physical sciences, chemistry, and climate",program_signal_low_public_attention,,,,,,,,,,,,,
"AI for Science, Health, and Neuro",65255,163,15,Universal Learning of Nonlinear Dynamics,"Latent dynamics, neuroscience, and dynamical systems",taxonomy_boundary_cluster,,,,,,,,,,,,,
"Data-Centric, Causal, and Federated ML",66099,164,11,On the Identifiability of Poisson Branching Structural Causal Model Under Latent Confounding,Causal inference and causal discovery,program_signal_low_public_attention,,,,,,,,,,,,,
Generative Modeling,63286,165,11,Lottery Prior: Randomized Neural Compression for Zero-Shot Inverse Problems,"Diffusion sampling, transport, and inverse problems",program_signal_low_public_attention,,,,,,,,,,,,,
Generative Modeling,64721,166,12,Riemannian Metric Matching for Scalable Geometric Modeling of Distributions,"Diffusion sampling, transport, and inverse problems",program_signal_low_public_attention,,,,,,,,,,,,,
"Data-Centric, Causal, and Federated ML",65210,168,15,Artificial Hippocampus Networks for Efficient Long-Context Modeling,"Continual learning, forgetting, and task adaptation",taxonomy_boundary_cluster,,,,,,,,,,,,,
"Graphs, Geometry, and Representation Learning",66536,169,9,Thinking with Geometry: Active Geometry Integration for Spatial Reasoning,Geometric representation learning and manifolds,public_attention_not_program_signal,,,,,,,,,,,,,
"AI for Science, Health, and Neuro",63969,170,8,TSRBench: A Comprehensive Multi-task Multi-modal Time Series Reasoning Benchmark for Generalist Models,Time series and forecasting applications,public_attention_not_program_signal,,,,,,,,,,,,,
"AI for Science, Health, and Neuro",61214,171,9,Understanding Self-Supervised Learning via Latent Distribution Matching,Time series and forecasting applications,public_attention_not_program_signal,,,,,,,,,,,,,
"Graphs, Geometry, and Representation Learning",62200,172,10,From Kepler to Newton: Inductive Biases Guide Learned World Models in Transformers,Geometric representation learning and manifolds,public_attention_not_program_signal,,,,,,,,,,,,,
Reinforcement Learning and Control,60548,173,7,"Reinforcement Learning with Verifiable Rewards: GRPO's Loss, Dynamics, and Success Amplification","Core RL, offline RL, and policy optimization",public_attention_not_program_signal,,,,,,,,,,,,,
"Safety, Governance, Privacy, and Society",67187,174,16,Position: Adversarial ML for LLMs Is Not Making Any Progress,"Adversarial safety, attacks, and security",low_evidence_code_confidence,,,,,,,,,,,,,
"Safety, Governance, Privacy, and Society",62751,175,15,Who’s in Charge? Disempowerment Patterns in Real-World LLM Usage,"Position papers, policy, and social impacts",low_evidence_code_confidence,,,,,,,,,,,,,
Generative Modeling,65646,176,8,Causal Forcing: Autoregressive Diffusion Distillation Done Right for High-Quality Real-Time Video Generation,Image/video diffusion and flow generation,public_attention_not_program_signal,,,,,,,,,,,,,
Reinforcement Learning and Control,63146,178,3,Distributional Inverse Reinforcement Learning,"Core RL, offline RL, and policy optimization",fault_line_representative,,,,,,,,,,,,,
Generative Modeling,63515,179,7,One-step Latent-free Image Generation with Pixel Mean Flows,Image/video diffusion and flow generation,public_attention_not_program_signal,,,,,,,,,,,,,
Reinforcement Learning and Control,65047,181,1,On Computation and Reinforcement Learning,"Core RL, offline RL, and policy optimization",fault_line_representative,,,,,,,,,,,,,
Generative Modeling,62407,182,10,Deep Forcing: Training-Free Long Video Generation with Deep Sink and Participative Compression,Image/video diffusion and flow generation,public_attention_not_program_signal,,,,,,,,,,,,,
Reinforcement Learning and Control,61858,183,9,How Does the Lagrangian Guide Safe Reinforcement Learning through Diffusion Models?,"Core RL, offline RL, and policy optimization",public_attention_not_program_signal,,,,,,,,,,,,,
"Data-Centric, Causal, and Federated ML",62126,184,6,A Recursive Decomposition Framework for Causal Structure Learning in the Presence of Latent Variables,Causal inference and causal discovery,fault_line_representative,,,,,,,,,,,,,
"AI for Science, Health, and Neuro",62307,185,4,LASER: Learning Active Sensing for Continuum Field Reconstruction,"Physical sciences, chemistry, and climate",fault_line_representative,,,,,,,,,,,,,
"Data-Centric, Causal, and Federated ML",63808,186,4,DISCO: Mitigating Bias in Deep Learning with Conditional Distance Correlation,Causal inference and causal discovery,fault_line_representative,,,,,,,,,,,,,
Generative Modeling,65046,187,9,Dimension-free convergence of diffusion models for approximate Gaussian mixtures,"Diffusion sampling, transport, and inverse problems",public_attention_not_program_signal,,,,,,,,,,,,,
Generative Modeling,66340,188,6,Error Propagation Mechanisms and Compensation Strategies for Quantized Diffusion Models,Image/video diffusion and flow generation,fault_line_representative,,,,,,,,,,,,,
Generative Modeling,63314,189,3,High-accuracy and dimension-free sampling with diffusions,"Diffusion sampling, transport, and inverse problems",fault_line_representative,,,,,,,,,,,,,
Generative Modeling,66025,190,5,Rex: A Family of Reversible Exponential (Stochastic) Runge-Kutta Solvers,"Diffusion sampling, transport, and inverse problems",fault_line_representative,,,,,,,,,,,,,
Generative Modeling,64426,191,4,Transforming Weather Data from Pixel to Latent Space,Image/video diffusion and flow generation,fault_line_representative,,,,,,,,,,,,,
"Graphs, Geometry, and Representation Learning",65858,192,5,PhenoBrain: Phenotype-Conditioned Long-Range Communication for Multi-Modal Brain Network Analysis,Graph neural networks and graph learning,fault_line_representative,,,,,,,,,,,,,
"Graphs, Geometry, and Representation Learning",65099,193,1,Which Algorithms Can Graph Neural Networks Learn?,Graph neural networks and graph learning,fault_line_representative,,,,,,,,,,,,,
Reinforcement Learning and Control,63070,194,4,Chebyshev Policies and the Mountain Car Problem: Reinforcement Learning for Low-dimensional Control Tasks,"Core RL, offline RL, and policy optimization",fault_line_representative,,,,,,,,,,,,,
Reinforcement Learning and Control,61049,195,2,Learning Human-Robot Collaboration via Heterogeneous-Agent Lyapunov Policy Optimization,"Core RL, offline RL, and policy optimization",fault_line_representative,,,,,,,,,,,,,
Reinforcement Learning and Control,63177,196,8,Stabilizing MoE Reinforcement Learning by Aligning Training and Inference Routers,"Core RL, offline RL, and policy optimization",public_attention_not_program_signal,,,,,,,,,,,,,
Reinforcement Learning and Control,63664,197,5,Stabilizing the Q-Gradient Field for Policy Smoothness in Actor-Critic Methods,"Core RL, offline RL, and policy optimization",fault_line_representative,,,,,,,,,,,,,
Reinforcement Learning and Control,65169,198,6,Video-Based Optimal Transport for Feedback-Efficient Offline Preference-Based Reinforcement Learning,"Core RL, offline RL, and policy optimization",fault_line_representative,,,,,,,,,,,,,
"Graphs, Geometry, and Representation Learning",64567,199,13,Semantic Tube Prediction: Beating LLM Data Efficiency with JEPA,Geometric representation learning and manifolds,taxonomy_boundary_cluster,,,,,,,,,,,,,
"AI for Science, Health, and Neuro",61249,200,16,Scaling Vision Transformers for Functional MRI with Flat Maps,Spiking neural networks and neural signals,taxonomy_boundary_cluster,,,,,,,,,,,,,
"Graphs, Geometry, and Representation Learning",61927,201,12,A Deep Learning Model of Mental Rotation Informed by Interactive VR Experiments,Geometric representation learning and manifolds,taxonomy_boundary_cluster,,,,,,,,,,,,,
"Graphs, Geometry, and Representation Learning",64453,202,14,Dynamics Reveals Structure: Challenging the Linear Propagation Assumption,Equivariant graph and geometric networks,taxonomy_boundary_cluster,,,,,,,,,,,,,
"Graphs, Geometry, and Representation Learning",63757,203,16,From Directions to Regions: Decomposing Activations in Language Models via Local Geometry,Geometric representation learning and manifolds,taxonomy_boundary_cluster,,,,,,,,,,,,,
"Graphs, Geometry, and Representation Learning",62363,204,15,Learning Multi-Agent Coordination via Sheaf-ADMM,Equivariant graph and geometric networks,taxonomy_boundary_cluster,,,,,,,,,,,,,
Generative Modeling,61932,207,13,Conditional Diffusion Sampling,"Diffusion sampling, transport, and inverse problems",low_evidence_code_confidence,,,,,,,,,,,,,
Reinforcement Learning and Control,64761,208,12,Intentional Updates for Streaming Reinforcement Learning,"Core RL, offline RL, and policy optimization",low_evidence_code_confidence,,,,,,,,,,,,,
Generative Modeling,63642,209,16,Learning to Watermark in the Latent Space of Generative Models,Image/video diffusion and flow generation,low_evidence_code_confidence,,,,,,,,,,,,,
Reinforcement Learning and Control,62436,210,14,Stable Deep Reinforcement Learning via Isotropic Gaussian Representations,"Core RL, offline RL, and policy optimization",low_evidence_code_confidence,,,,,,,,,,,,,
Generative Modeling,66522,211,14,Evaluating the Representation Space of Diffusion Models via Self-Supervised Principles,Image/video diffusion and flow generation,low_evidence_code_confidence,,,,,,,,,,,,,
Generative Modeling,66665,212,15,Generation is Required for Data-Efficient Perception,Image/video diffusion and flow generation,low_evidence_code_confidence,,,,,,,,,,,,,
Reinforcement Learning and Control,63499,213,15,BiTrajDiff: Bidirectional Trajectory Generation with Diffusion Models for Offline Reinforcement Learning,"Core RL, offline RL, and policy optimization",low_evidence_code_confidence,,,,,,,,,,,,,
Reinforcement Learning and Control,64321,214,16,Non-Uniform Noise-to-Signal Ratio in the REINFORCE Policy-Gradient Estimator,"Core RL, offline RL, and policy optimization",low_evidence_code_confidence,,,,,,,,,,,,,
Reinforcement Learning and Control,64599,215,13,Offline Reinforcement Learning with Generative Trajectory Policies,"Core RL, offline RL, and policy optimization",low_evidence_code_confidence,,,,,,,,,,,,,
Reinforcement Learning and Control,62698,216,11,What Does Flow-Matching Bring to TD-Learning?,"Core RL, offline RL, and policy optimization",low_evidence_code_confidence,,,,,,,,,,,,,
"Robotics, Embodiment, and World Models",62819,217,11,Contrastive Representation Regularization for Vision-Language-Action Models,Vision-language-action models and robotic manipulation,low_evidence_code_confidence,,,,,,,,,,,,,
"Robotics, Embodiment, and World Models",63978,218,14,Cross-Embodiment Robot Foundation World Models with Latent Actions,Vision-language-action models and robotic manipulation,low_evidence_code_confidence,,,,,,,,,,,,,
"Robotics, Embodiment, and World Models",61426,219,15,Joint-Space Empowerment as a Theory of Dexterous Motor Coordination,Vision-language-action models and robotic manipulation,low_evidence_code_confidence,,,,,,,,,,,,,
"Robotics, Embodiment, and World Models",64730,220,16,Learning to Move Before Learning to Do: Task-Agnostic pretraining for VLAs,Vision-language-action models and robotic manipulation,low_evidence_code_confidence,,,,,,,,,,,,,
"Robotics, Embodiment, and World Models",64033,221,13,SKETCH: Semantic Key-Point Conditioning for Long-Horizon Vessel Trajectory Prediction,Vision-language-action models and robotic manipulation,low_evidence_code_confidence,,,,,,,,,,,,,
"Robotics, Embodiment, and World Models",65669,222,12,"Tabero: Learning Gentle Manipulation with Closed-Loop Force Feedback from Vision, Touch, and Language",Vision-language-action models and robotic manipulation,low_evidence_code_confidence,,,,,,,,,,,,,
"AI for Science, Health, and Neuro",62854,223,7,GeoPT: Scaling Physics Simulation via Lifted Geometric Pre-Training,"Physical sciences, chemistry, and climate",public_attention_not_program_signal,,,,,,,,,,,,,
Reinforcement Learning and Control,61517,224,10,Just-In-Time Reinforcement Learning: Continual Learning in LLM Agents Without Gradient Updates,"Core RL, offline RL, and policy optimization",public_attention_not_program_signal,,,,,,,,,,,,,
